;ticker_thread;0x401000;0xd;__stdcall;;uint
;RunTickerThread;0x401080;0x30;__stdcall;;uchar
;DialogProc;0x4010b0;0x67;__stdcall;;uint;HWND__*;uint;uint;long
;loadLevelNameFromFile;0x401120;0xad;__cdecl;;uchar;char*
;WinMain;0x4011d0;0x16a;__stdcall;;uint;HINSTANCE__*;HINSTANCE__*;char*;int
;GameSDKdctorHandler;0x401340;0xa;__stdcall;;uchar
;FUN_00401390;0x401390;0xa;__stdcall;;uchar
;FUN_004013a0;0x4013a0;0xc;__stdcall;;uchar
;FUN_004013d0;0x4013d0;0xa;__stdcall;;uchar
;FUN_004013e0;0x4013e0;0xc;__stdcall;;uchar
;GameSDK::GameSDK;0x401400;0x371;__thiscall;;GameSDK*;GameSDK*
;GameSDK::scalar_destructor;0x401780;0x1e;__thiscall;;CGame*;GameSDK*;uchar
;GameSDK::~GameSDK;0x4017a0;0x81;__thiscall;;void;GameSDK*
;GameSDK::Run;0x401830;0x97;__thiscall;;void;GameSDK*;HINSTANCE__*;bool;int;int;int;char*;bool
;GameSDK::OnActivateLevel;0x4018f0;0xba;__thiscall;;void;GameSDK*
;GameSDK::OnInputKey;0x4019b0;0xd2;__thiscall;;void;GameSDK*;char*
;GameSDK::OnFrame;0x401a90;0x1a;__thiscall;;void;GameSDK*
;GameSDK::FUN00401ab0;0x401ab0;0xd;__thiscall;;uchar;GameSDK*;uchar
;GameSDK::FUN00401ac0;0x401ac0;0x27;__thiscall;;uchar;GameSDK*
;GameSDK::FUN00401af0;0x401af0;0x3f;__thiscall;;uchar;GameSDK*;uint
;GameSDK::FUN00401b30;0x401b30;0x1a;__thiscall;;void;GameSDK*
;GameSDK::FUN00401b50;0x401b50;0x26;__thiscall;;uchar;GameSDK*;uint;int
;GameSDK::FUN00401b80;0x401b80;0x1a;__thiscall;;void;GameSDK*
;GameSDK::FUN00401ba0;0x401ba0;0xe0;__thiscall;;void;GameSDK*
;GameSDK::OnButtonDown;0x401c80;0xca;__thiscall;;uchar;GameSDK*;void*
;GameSDK::FUN00401d50;0x401d50;0x2d;__thiscall;;void;GameSDK*
;GameSDK::FUN00401d80;0x401d80;0x2d;__thiscall;;void;GameSDK*
;GameSDK::FUN00401db0;0x401db0;0x2d;__thiscall;;uchar;GameSDK*
;GameSDK::FUN00401de0;0x401de0;0x2d;__thiscall;;void;GameSDK*
;GameSDK::FUN00401e10;0x401e10;0x7;__thiscall;;float;GameSDK*
;GameSDK::FUN00401e20;0x401e20;0x17;__thiscall;;uchar;GameSDK*;char*
;GameSDK::FUN00401e40;0x401e40;0x45a;__thiscall;;uint;GameSDK*
;FUN_004022a0;0x4022a0;0x14;__fastcall;;uchar;int
;GameSDK::FUN004022c0;0x4022c0;0x19;__thiscall;;uchar;GameSDK*;char*
;GameSDK::FUN004022e0;0x4022e0;0x17;__thiscall;;uchar;GameSDK*;char*
;GameSDK::FUN00402300;0x402300;0x247;__thiscall;;uint;GameSDK*
;FUN_00402550;0x402550;0xb;__fastcall;;uchar;uint*
;FUN_00402560;0x402560;0xf;__fastcall;;uchar;int
;std_basic_ifstream::read;0x402570;0x65;__thiscall;;void;void*;uint;int
;Catch@004025d5;0x4025d5;0x26;__stdcall;;uchar*
;FUN_00402601;0x402601;0x3d;__stdcall;;uchar
;FUN_00402640;0x402640;0xf5;__fastcall;;uchar;int
;FUN_00402740;0x402740;0x31;__fastcall;;uchar;uint*
;FUN_004027a0;0x4027a0;0x2b;__fastcall;;uint;int*
;FUN_00402990;0x402990;0x120;__fastcall;;uchar;uint*
;FUN_00402e30;0x402e30;0x30;__fastcall;;uint;int*
;FUN_00403270;0x403270;0x2f;__thiscall;;int;void*;int*;uint
;FUN_004032c0;0x4032c0;0x1e;__thiscall;;uint*;void*;uchar
;FUN_00403310;0x403310;0x1e;__thiscall;;uint*;void*;uchar
;FUN_00403360;0x403360;0x1e;__thiscall;;uint*;void*;uchar
;FUN_00403380;0x403380;0x76;__fastcall;;uchar;void*
;FUN_00403400;0x403400;0x48;__thiscall;;uchar;void*;char
;FUN_00403450;0x403450;0x1b;__stdcall;;uchar;uint;uint
;FUN_00403470;0x403470;0xaf;__thiscall;;int*;void*;uint;char;int
;FUN_00403520;0x403520;0x239;__thiscall;;uint;void*;char
;Catch@004036e8;0x4036e8;0x26;__stdcall;;uchar*
;FUN_00403790;0x403790;0x24;__stdcall;;uchar;int
;FUN_004037c0;0x4037c0;0x20;__fastcall;;uint;int*
;FUN_004037e0;0x4037e0;0x19;__fastcall;;uint*;uint*;uchar;uchar
;FUN_00403800;0x403800;0xb;__fastcall;;uchar;exception*
;FUN_00403830;0x403830;0x1e;__thiscall;;exception*;void*;uchar
;FUN_00403870;0x403870;0x189;__thiscall;;uint*;void*;int
;FUN_00403a00;0x403a00;0x15;__fastcall;;int;int*
?_Decref@facet@locale@std@@QAEPAV123@XZ;std::locale::facet::_Decref;0x403a20;0x1c;__thiscall;;facet*;facet*
??1locale@std@@QAE@XZ;std::locale::~locale;0x403a40;0x18;__thiscall;;void;locale*
;FUN_00403a60;0x403a60;0x9c;__thiscall;;void*;void*;uint*;uint
;FUN_00403b00;0x403b00;0x11;__thiscall;;uchar;void*;int
;FUN_00403b20;0x403b20;0x11a;__thiscall;;uint;void*;uint;char
;FUN_00403c40;0x403c40;0xc9;__fastcall;;uchar;void*
;FUN_00403d10;0x403d10;0xe0;__thiscall;;uchar;void*;int;int
;FUN_00403df0;0x403df0;0x1f;__fastcall;;uint*;uint*
;FUN_00403e10;0x403e10;0x1c9;__fastcall;;uchar;void*
;FUN_00403fe0;0x403fe0;0xd;__fastcall;;uchar;int
;FUN_00403ff0;0x403ff0;0x16;__thiscall;;int*;void*;int*
;FUN_00404010;0x404010;0xfe;__thiscall;;uint*;void*;int;uint;uint
;FUN_00404110;0x404110;0x7;__fastcall;;uchar;uint*
;FUN_00404170;0x404170;0x35;__thiscall;;char*;void*;char*;char*
;FUN_004041d0;0x4041d0;0x35;__thiscall;;char*;void*;char*;char*
;FUN_00404210;0x404210;0x1e;__thiscall;;uint*;void*;uchar
;FUN_00404230;0x404230;0x24;__fastcall;;uchar;uint*
;FUN_00404260;0x404260;0x59;__stdcall;;uchar;uint
;Catch@004042b9;0x4042b9;0x21;__stdcall;;uchar*
;FUN_004042e0;0x4042e0;0x88;__stdcall;;uchar
;FUN_00404370;0x404370;0x22;__thiscall;;uchar;void*;int*
;FUN_004043a0;0x4043a0;0x58;__fastcall;;uchar;int
;FUN_00404400;0x404400;0x2d;__thiscall;;uchar;void*;uint;uint;uint;uint;uint;uint
;FUN_00404430;0x404430;0x22;__thiscall;;uchar;void*;int*
;FUN_00404460;0x404460;0x10;__fastcall;;uchar;uint*
;FUN_00404470;0x404470;0x20;__thiscall;;uchar;void*;uint;int;int
;FUN_00404490;0x404490;0x1c;__thiscall;;uchar;void*;int;int
;FUN_004044b0;0x4044b0;0x1e;__thiscall;;uchar*;void*;uchar
;FUN_004044e0;0x4044e0;0xa;__stdcall;;uchar
;FUN_004044f0;0x4044f0;0xc;__stdcall;;uchar
;FUN_00404520;0x404520;0xa;__stdcall;;uchar
;FUN_00404530;0x404530;0xc;__stdcall;;uchar
;FUN_00404550;0x404550;0xb2;__cdecl;;int*;int*;uint
;FUN_00404610;0x404610;0x6a;__thiscall;;uint*;void*;uint
;FUN_004046c0;0x4046c0;0x1e;__thiscall;;uint*;void*;uchar
;FUN_00404700;0x404700;0x28;__cdecl;;int;int
;FUN_00404730;0x404730;0x28;__cdecl;;int;int
;FUN_00404850;0x404850;0xc;__stdcall;;uchar
;FUN_00404860;0x404860;0xc;__stdcall;;uchar
;CCameraFPP::CCameraFPP;0x404870;0x24;__thiscall;;CCameraFPP*;CCameraFPP*
;CCameraFPP::scalar_destructor;0x4048a0;0x1e;__thiscall;;CFreeCamera*;CCameraFPP*;uchar
;CCameraFPP::~CCameraFPP;0x4048c0;0xc;__thiscall;;void;CCameraFPP*
;CCameraFPP::OnInputMouse;0x4048d0;0x2a;__thiscall;;uchar;CCameraFPP*;float;float;bool;bool
;CCameraFPP::OnActivateView;0x404900;0x15;__thiscall;;void;CCameraFPP*
;CCameraFPP::FUN00404920;0x404920;0x120;__thiscall;;void;CCameraFPP*
;FUN_00404a80;0x404a80;0xa;__stdcall;;uchar
;FUN_00404a90;0x404a90;0xc;__stdcall;;uchar
;FUN_00404ac0;0x404ac0;0xa;__stdcall;;uchar
;FUN_00404ad0;0x404ad0;0xc;__stdcall;;uchar
;cHands::cHands;0x404af0;0x1a;__thiscall;;cHands*;cHands*
;cHands::scalar_destructor;0x404b10;0x1e;__thiscall;;uchar;cHands*;uchar
;cHands::~cHands;0x404b30;0xc;__thiscall;;void;cHands*
;cHands::OnActivate;0x404b40;0x47;__thiscall;;void;cHands*
;cHands::OnActivateLevel;0x404b90;0xc4;__thiscall;;void;cHands*
;cHands::OnFrame;0x404c60;0x63;__thiscall;;void;cHands*
;cHands::FUN00404cd0;0x404cd0;0xc;__thiscall;;uchar;cHands*
;cHands::FUN00404ce0;0x404ce0;0xc;__thiscall;;uchar;cHands*
;cHands::FUN00404cf0;0x404cf0;0xc;__thiscall;;uchar;cHands*
;cHands::FUN00404d00;0x404d00;0xc;__thiscall;;void;cHands*
;cHands::OnAnimEnd;0x404d10;0x3f;__thiscall;;void;cHands*;char*
;FUN_00404d90;0x404d90;0xa;__stdcall;;uchar
;FUN_00404da0;0x404da0;0xc;__stdcall;;uchar
;FUN_00404dd0;0x404dd0;0xa;__stdcall;;uchar
;FUN_00404de0;0x404de0;0xc;__stdcall;;uchar
;CPlayerFPP::CPlayerFPP;0x404e00;0x1a2;__thiscall;;CPlayerFPP*;CPlayerFPP*
;CPlayerFPP::scalar_destructor;0x404fb0;0x1e;__thiscall;;CPlayerFPP*;CPlayerFPP*;uchar
;CPlayerFPP::~CPlayerFPP;0x404fd0;0x1f5;__thiscall;;uchar;CPlayerFPP*
?EXP@CPlayerFPP@@QAEPAXXZ;CPlayerFPP::EXP;0x4051d0;0x5a;__thiscall;;void*;CPlayerFPP*
;CPlayerFPP::OnActivateLevel;0x405230;0x2bf;__thiscall;;void;CPlayerFPP*
;CPlayerFPP::OnAnimEnd;0x4054f0;0x15;__stdcall;;uchar;char*
;CPlayerFPP::OnProcessStateMachine;0x405510;0x2f0;__thiscall;;uint;CPlayerFPP*;uint;int;int*
;CPlayerFPP::OnInputKey;0x405800;0x196;__thiscall;;uchar;CPlayerFPP*;int
;CPlayerFPP::OnFrame;0x4059a0;0x1f9;__thiscall;;void;CPlayerFPP*
;CPlayerFPP::FUN00405ba0;0x405ba0;0x17c;__thiscall;;uchar;CPlayerFPP*;float;char
;CPlayerFPP::FUN00405d20;0x405d20;0x54;__thiscall;;uchar;CPlayerFPP*
;CPlayerFPP::FUN00405d80;0x405d80;0x1c8;__thiscall;;uchar;CPlayerFPP*;uint;int
;CPlayerFPP::FUN00405f50;0x405f50;0x50;__thiscall;;float;CPlayerFPP*
;CPlayerFPP::OnChangeMovement;0x405fa0;0xd;__thiscall;;uchar;CPlayerFPP*;uint
;CPlayerFPP::FUN00405fb0;0x405fb0;0xc9;__thiscall;;uchar;CPlayerFPP*;int
;CPlayerFPP::OnActivate;0x406080;0x24a;__thiscall;;void;CPlayerFPP*
;cMagSprite::scalar_destructor;0x4062d0;0x1f;__thiscall;;cMagSprite*;cMagSprite*;uchar
;CPlayerFPP::FUN004062f0;0x4062f0;0xad;__thiscall;;uchar;CPlayerFPP*
;CPlayerFPP::FUN004063a0;0x4063a0;0x1ca;__thiscall;;uchar;CPlayerFPP*
;CPlayerFPP::OnInputMouse;0x406570;0x4e;__thiscall;;uchar;CPlayerFPP*;uint;uint;char
;CPlayerFPP::FUN004065c0;0x4065c0;0x1e1;__thiscall;;uchar;CPlayerFPP*
;CPlayerFPP::OnDestTime;0x4067b0;0xe;__thiscall;;void;CPlayerFPP*
;CPlayerFPP::OnFadeOutEnd;0x4067c0;0x43;__thiscall;;void;CPlayerFPP*
;CPlayerFPP::OnFadeInEnd;0x406810;0x41;__thiscall;;void;CPlayerFPP*
;CPlayerFPP::FUN00406860;0x406860;0x1b0;__thiscall;;uchar;CPlayerFPP*
;FUN_00406a10;0x406a10;0x196;__thiscall;;uchar;void*;char*
;CPlayerFPP::FUN00406bb0;0x406bb0;0x351;__thiscall;;uchar;CPlayerFPP*;char*
;FUN_00406f10;0x406f10;0x2e;__fastcall;;uchar;int
;CPlayerFPP::OnLoadChunk;0x406f40;0x24;__thiscall;;uchar;CPlayerFPP*;uint;int;uint;void*
;FUN_00406f70;0x406f70;0x3b;__fastcall;;uchar;int
;FUN_00406fb0;0x406fb0;0xe;__stdcall;;uchar;uchar*
;FUN_00406fd0;0x406fd0;0xa;__stdcall;;uchar
;FUN_00406fe0;0x406fe0;0xc;__stdcall;;uchar
;FUN_00407010;0x407010;0xa;__stdcall;;uchar
;FUN_00407020;0x407020;0xc;__stdcall;;uchar
;FUN_00407040;0x407040;0x33e;__thiscall;;uchar;void*;uint*;uint;uint*
;FUN_00407380;0x407380;0x3;__stdcall;;uchar
;FUN_00407390;0x407390;0x3d3;__thiscall;;uchar;void*;uint*;uint*;uint*
;FUN_00407770;0x407770;0xe8;__cdecl;;uchar;uint*;uint*
;FUN_00407860;0x407860;0x1;__stdcall;;uchar
;FUN_00407870;0x407870;0x293;__thiscall;;uint*;void*;uint*
;FUN_00407b10;0x407b10;0x42;__stdcall;;uint*;uint*;uint*;uint*
;FUN_00407b60;0x407b60;0x1b;__cdecl;;uchar;uint*;uint*
;FUN_00407b80;0x407b80;0x271;__thiscall;;int;void*;uint
;CPlayerTPP::CPlayerTPP;0x407e30;0x88;__thiscall;;CPlayerTPP*;CPlayerTPP*
;CPlayerTPP::scalar_destructor;0x407ec0;0x1e;__thiscall;;CPlayerTPP*;CPlayerTPP*;uchar
;CPlayerTPP::FUN00407ee0;0x407ee0;0x1cf;__thiscall;;void;CPlayerTPP*
;CPlayerTPP::~CPlayerTPP;0x4080b0;0xcc;__thiscall;;void;CPlayerTPP*
?EXP@CPlayerTPP@@QAEPAXXZ;CPlayerTPP::EXP;0x408180;0x5a;__thiscall;;void*;CPlayerTPP*
;CPlayerTPP::OnActivate;0x4081e0;0x10f;__thiscall;;void;CPlayerTPP*
;CPlayerTPP::OnActivateLevel;0x4082f0;0x343;__thiscall;;void;CPlayerTPP*
;CPlayerTPP::FUN00408640;0x408640;0xdd;__thiscall;;void;CPlayerTPP*
;CPlayerTPP::FUN00408720;0x408720;0xfa;__thiscall;;void;CPlayerTPP*
;FUN_00408820;0x408820;0x1f;__thiscall;;CCollisionCamera*;void*;uchar
;CPlayerTPP::FUN00408840;0x408840;0x7;__thiscall;;void;CPlayerTPP*
;CPlayerTPP::FUN00408850;0x408850;0x244;__thiscall;;void;CPlayerTPP*
;FUN_00408aa0;0x408aa0;0x1f;__thiscall;;cBlob*;void*;uchar
;CPlayerTPP::FUN00408ac0;0x408ac0;0xb1;__thiscall;;void;CPlayerTPP*
;CPlayerTPP::FUN00408b80;0x408b80;0x1b3;__thiscall;;void;CPlayerTPP*
;FUN_00408d40;0x408d40;0x1f;__thiscall;;cMagFx*;void*;uchar
;CPlayerTPP::FUN00408d60;0x408d60;0x39d;__thiscall;;void;CPlayerTPP*
;CPlayerTPP::FUN00409100;0x409100;0x13c;__thiscall;;void;CPlayerTPP*
;CPlayerTPP::FUN00409240;0x409240;0x13;__thiscall;;void;CPlayerTPP*
;CPlayerTPP::FUN00409260;0x409260;0x124;__thiscall;;void;CPlayerTPP*
;FUN_00409390;0x409390;0x5c;__fastcall;;uchar;uchar
;FUN_004093f0;0x4093f0;0x77;__fastcall;;uchar;uchar
;FUN_00409470;0x409470;0x4b;__thiscall;;uchar;void*;int
;CPlayerTPP::OnPlaySoundEnd;0x4094c0;0x20;__thiscall;;void;CPlayerTPP*;int
;CPlayerTPP::OnFrame;0x4094e0;0x11;__thiscall;;void;CPlayerTPP*
;CPlayerTPP::OnChangeMovement;0x409500;0xd;__thiscall;;uchar;CPlayerTPP*;uint
;CPlayerTPP::FUN00409510;0x409510;0x72;__thiscall;;void;CPlayerTPP*
;CPlayerTPP::FUN00409590;0x409590;0xbc;__thiscall;;void;CPlayerTPP*
;CPlayerTPP::OnCollisionObject;0x409650;0x15e;__thiscall;;uchar;CPlayerTPP*;int*
;CPlayerTPP::FUN004097b0;0x4097b0;0x100;__thiscall;;void;CPlayerTPP*
;CPlayerTPP::OnExitYesNo;0x4098b0;0x5d;__thiscall;;uchar;CPlayerTPP*;char*
;CPlayerTPP::FUN00409910;0x409910;0xf2;__thiscall;;void;CPlayerTPP*;char*
;CPlayerTPP::FUN00409a10;0x409a10;0x98;__thiscall;;void;CPlayerTPP*
;CPlayerTPP::OnInputKey;0x409ab0;0x372;__thiscall;;uchar;CPlayerTPP*;int
;CPlayerTPP::OnInputMouse;0x409e30;0xa2;__thiscall;;uchar;CPlayerTPP*;uchar;uchar;uchar;uint
;FUN_00409ee0;0x409ee0;0x101;__thiscall;;uchar;uint;uchar
;CPlayerTPP::FUN00409ff0;0x409ff0;0x15a;__thiscall;;void;CPlayerTPP*;bool
;CPlayerTPP::FUN0040a150;0x40a150;0x4e;__thiscall;;void;CPlayerTPP*
;FUN_0040a1a0;0x40a1a0;0x51;__fastcall;;uchar;uchar
;FUN_0040a200;0x40a200;0x260;__fastcall;;float10;uint
;FUN_0040a460;0x40a460;0xb4;__fastcall;;uchar;uchar
;CPlayerTPP::STATE_Idle::OnEnterState;0x40a520;0x88;__thiscall;;void;STATE_Idle*
;CPlayerTPP::STATE_Idle::OnFrame;0x40a5b0;0x72;__thiscall;;void;STATE_Idle*
;CPlayerTPP::STATE_Idle::OnExitState;0x40a630;0x14;__thiscall;;void;STATE_Idle*
;CPlayerTPP::STATE_Idle::OnInputKey;0x40a650;0x16;__thiscall;;uchar;STATE_Idle*;uint
;CPlayerTPP::STATE_Run_Forward::OnEnterState;0x40a670;0xae;__fastcall;;uchar;int
;CPlayerTPP::STATE_Run_Forward::OnFrame;0x40a720;0x6d;__fastcall;;uchar;int
;CPlayerTPP::STATE_Run_Forward::OnInputKey;0x40a790;0x4b7;__thiscall;;uchar;STATE_Run_Forward*;int
;CPlayerTPP::STATE_Run_Forward::OnInputMouse;0x40ac50;0x15e;__thiscall;;uchar;STATE_Run_Forward*;uchar;uchar;uchar;uchar
;FUN_0040adb0;0x40adb0;0x3;__stdcall;;uchar
;CPlayerTPP::STATE_Run_Forward::OnAnimEnd;0x40adc0;0x60;__thiscall;;uchar;STATE_Run_Forward*;char*
;CPlayerTPP::STATE_Run_Back::OnEnterState;0x40ae20;0x82;__fastcall;;uchar;int
;CPlayerTPP::STATE_Run_Back::OnFrame;0x40aeb0;0x6d;__thiscall;;void;STATE_Run_Back*
;CPlayerTPP::STATE_Run_Back::OnInputKey;0x40af20;0x13f;__thiscall;;uchar;STATE_Run_Back*;int
;CPlayerTPP::STATE_Run_Back::OnInputMouse;0x40b060;0x163;__thiscall;;uchar;STATE_Run_Back*;uchar;uchar;uchar;uchar
;CPlayerTPP::STATE_Run_Back::OnAnimEnd;0x40b1d0;0x65;__thiscall;;uchar;STATE_Run_Back*;char*
;CPlayerTPP::STATE_Run_Back::OnExitState;0x40b240;0x14;__fastcall;;uchar;int
;CPlayerTPP::STATE_Jump::OnEnterState;0x40b260;0xaa;__fastcall;;uchar;int
;CPlayerTPP::STATE_Jump::OnFrame;0x40b310;0xb;__thiscall;;void;STATE_Jump*
;CPlayerTPP::STATE_Death::OnChangeMovement;0x40b320;0x13;__thiscall;;uchar;STATE_Death*;uint
;CPlayerTPP::STATE_Jump::OnInputKey;0x40b340;0x16d;__thiscall;;uchar;STATE_Jump*;int
;CPlayerTPP::STATE_Idle::OnCollisionObject;0x40b4b0;0x13;__thiscall;;uchar;STATE_Idle*;uint
;CPlayerTPP::STATE_Jump::OnAnimEnd;0x40b4d0;0x84;__thiscall;;uchar;STATE_Jump*;char*
;CPlayerTPP::STATE_Jump::OnExitState;0x40b560;0x14;__thiscall;;void;STATE_Jump*
;CPlayerTPP::STATE_Death::OnEnterState;0x40b580;0xb1;__thiscall;;void;STATE_Death*
;CPlayerTPP::STATE_Death::OnFadeOutEnd;0x40b640;0x102;__thiscall;;void;STATE_Death*
;CButton::STATE_Kolizja::OnEnterState;0x40b750;0xa;__thiscall;;void;STATE_Kolizja*
;FUN_0040b760;0x40b760;0xe96;__thiscall;;uchar;void*;char*
;FUN_0040c600;0x40c600;0xf0;__thiscall;;uint;void*;uint
;CPlayerTPP::OnLoadChunk;0x40c760;0x2a;__thiscall;;uchar;CPlayerTPP*;uint;int;uint;void*
;CPlayerTPP::Save;0x40c790;0x110;__thiscall;;uchar;CPlayerTPP*;int*
;CPlayerTPP::Load;0x40c8a0;0xb4;__thiscall;;uchar;CPlayerTPP*;void*;uint;int
;CPlayerTPP::FUN0040c960;0x40c960;0x329;__thiscall;;void;CPlayerTPP*;int
;FUN_0040cc90;0x40cc90;0x14;__fastcall;;uchar;int
;FUN_0040ccb0;0x40ccb0;0xf;__fastcall;;uchar;int
;FUN_0040ccc0;0x40ccc0;0x8b;__thiscall;;int*;void*;uint;int
;Catch@0040cd4b;0x40cd4b;0x27;__stdcall;;uchar*
;FUN_0040cd78;0x40cd78;0x9d;__stdcall;;uchar
;FUN_0040ce20;0x40ce20;0x51;__fastcall;;int*;int*
;FUN_0040ce90;0x40ce90;0xa;__stdcall;;uchar
;FUN_0040cea0;0x40cea0;0xc;__stdcall;;uchar
;FUN_0040ced0;0x40ced0;0xa;__stdcall;;uchar
;FUN_0040cee0;0x40cee0;0xc;__stdcall;;uchar
;FUN_0040cf00;0x40cf00;0x22;__fastcall;;uchar;int
;FUN_0040cf30;0x40cf30;0xf5;__fastcall;;uchar;int
;FUN_0040d090;0x40d090;0xb4;__thiscall;;int*;void*;uint;char;char;int
;FUN_0040d150;0x40d150;0x10;__fastcall;;uchar;uint*
;FUN_0040d160;0x40d160;0x63;__fastcall;;uchar;int
;FUN_0040d1d0;0x40d1d0;0xd0;__thiscall;;void*;void*;char*;uint
;FUN_0040d2a0;0x40d2a0;0x9c;__fastcall;;int;int
;FUN_0040d370;0x40d370;0xc;__stdcall;;uchar
;FUN_0040d380;0x40d380;0xc;__stdcall;;uchar
;CMotorboat::CMotorboat;0x40d390;0xab;__thiscall;;CMotorboat*;CMotorboat*
;CMotorboat::scalar_destructor;0x40d440;0x1e;__thiscall;;CMotorboat*;CMotorboat*;uchar
;CMotorboat::~CMotorboat;0x40d460;0xc;__thiscall;;uchar;CMotorboat*
?EXP@CMotorboat@@QAEPAXXZ;CMotorboat::EXP;0x40d470;0x5a;__thiscall;;void*;CMotorboat*
;CMotorboat::Load;0x40d4d0;0x1c6;__thiscall;;void;CMotorboat*
;CMotorboat::Save;0x40d6a0;0x386;__thiscall;;void;CMotorboat*
;CMotorboat::OnPlaySoundEnd;0x40da30;0x52;__thiscall;;uchar;CMotorboat*;int
;CMotorboat::OnExitYesNo;0x40da90;0x5d;__thiscall;;uchar;CMotorboat*;char*
;CMotorboat::FUN0040daf0;0x40daf0;0x4e;__thiscall;;uchar;CMotorboat*
;FUN_0040db40;0x40db40;0xca;__fastcall;;uchar;uchar
;CMotorboat::OnInputKey;0x40dc10;0x22e;__thiscall;;uchar;CMotorboat*;int
;CMotorboat::FUN0040de40;0x40de40;0xa9;__thiscall;;cMagMeshObject*;CMotorboat*;char*;uint*
;cMagMeshObject::scalar_destructor;0x40def0;0x1f;__thiscall;;uchar;cMagMeshObject*;uchar
;CMotorboat::FUN0040df10;0x40df10;0x87;__thiscall;;void;CMotorboat*
;FUN_0040dfa0;0x40dfa0;0xd;__thiscall;;uchar;void*;uchar
;CMotorboat::OnFrame;0x40dfb0;0x4a;__thiscall;;void;CMotorboat*
;CMotorboat::OnLoadChunk;0x40e000;0x2a;__thiscall;;uchar;CMotorboat*;uint;int;uint;void*
;CMotorboat::OnFadeOutEnd;0x40e030;0x46;__thiscall;;void;CMotorboat*
;CMotorboat::OnCrash;0x40e080;0xd1;__fastcall;;uchar;cMagMeshObject*
;CMotorboat::FUN0040e160;0x40e160;0xb4;__thiscall;;uchar;CMotorboat*
;CMotorboat::FUN0040e220;0x40e220;0x329;__thiscall;;uchar;CMotorboat*;int
;CMotorboat::FUN0040e550;0x40e550;0x4d;__thiscall;;void;CMotorboat*;char*
;FUN_0040e5b0;0x40e5b0;0xa;__stdcall;;uchar
;FUN_0040e5c0;0x40e5c0;0xc;__stdcall;;uchar
;FUN_0040e5f0;0x40e5f0;0xa;__stdcall;;uchar
;FUN_0040e600;0x40e600;0xc;__stdcall;;uchar
;FUN_0040e650;0x40e650;0xc;__stdcall;;uchar
;FUN_0040e660;0x40e660;0xc;__stdcall;;uchar
??0_Player@@QAE@XZ;_Player::_Player;0x40e670;0x13;__thiscall;;_Player*;_Player*
??_G_Player@@UAEPAXI@Z;_Player::scalar_destructor;0x40e690;0x1e;__thiscall;;uchar;_Player*;uchar
??1_Player@@UAE@XZ;_Player::~_Player;0x40e6b0;0xc;__thiscall;;void;_Player*
?EXP@_Player@@QAEPAXXZ;_Player::EXP;0x40e6c0;0x5a;__thiscall;;void*;_Player*
;FUN_0040e760;0x40e760;0xa;__stdcall;;uchar
;FUN_0040e770;0x40e770;0xc;__stdcall;;uchar
;FUN_0040e7a0;0x40e7a0;0xa;__stdcall;;uchar
;FUN_0040e7b0;0x40e7b0;0xc;__stdcall;;uchar
;CCameraPoint::CCameraPoint;0x40e7d0;0x3f;__thiscall;;CCameraPoint*;CCameraPoint*
;CCameraPoint::scalar_destructor;0x40e810;0x1e;__thiscall;;uchar;CCameraPoint*;uchar
;CCameraPoint::~CCameraPoint;0x40e830;0xc;__thiscall;;void;CCameraPoint*
;CCameraPoint::OnActivate;0x40e840;0x211;__thiscall;;void;CCameraPoint*
;CCameraPoint::OnActivateLevel;0x40ea60;0x3e;__fastcall;;uchar;uchar
;CCameraPoint::OnInputMouse;0x40eaa0;0x193;__thiscall;;uchar;CCameraPoint*;uchar;uchar;uchar;uchar
;CCameraPoint::FUN0040ec33;0x40ec33;0x42;__thiscall;;uchar;CCameraPoint*;uchar;uchar;uchar;uchar;uint;uint;uint
;FUN_0040ecc0;0x40ecc0;0xa;__stdcall;;uchar
;FUN_0040ecd0;0x40ecd0;0xc;__stdcall;;uchar
;FUN_0040ed00;0x40ed00;0xa;__stdcall;;uchar
;FUN_0040ed10;0x40ed10;0xc;__stdcall;;uchar
;CCar::CCar;0x40ed30;0x12;__thiscall;;CCar*;CCar*
;CCar::scalar_destructor;0x40ed50;0x1e;__thiscall;;CCar*;CCar*;uchar
;CCar::~CCar;0x40ed70;0xb;__thiscall;;uchar;CCar*
?EXP@CCar@@QAEPAXXZ;CCar::EXP;0x40ed80;0x5a;__thiscall;;void*;CCar*
;CCar::OnActivate;0x40ede0;0x13;__thiscall;;void;CCar*
;FUN_0040ee40;0x40ee40;0xa;__stdcall;;uchar
;FUN_0040ee50;0x40ee50;0xc;__stdcall;;uchar
;FUN_0040ee80;0x40ee80;0xa;__stdcall;;uchar
;FUN_0040ee90;0x40ee90;0xc;__stdcall;;uchar
;CPlaneTerrain::CPlaneTerrain;0x40eeb0;0x13;__thiscall;;CPlaneTerrain*;CPlaneTerrain*
;CPlaneTerrain::scalar_destructor;0x40eed0;0x1e;__thiscall;;uchar;CPlaneTerrain*;uchar
;CPlaneTerrain::~CPlaneTerrain;0x40eef0;0xc;__thiscall;;void;CPlaneTerrain*
;CPlaneTerrain::OnActivate;0x40ef00;0x81;__thiscall;;void;CPlaneTerrain*
;CDomekJeza::OnActivateLevel;0x40ef90;0x14;__thiscall;;void;CDomekJeza*
;FUN_0040efb0;0x40efb0;0x22;__thiscall;;uchar;void*;uint;uint;uint
;FUN_0040efe0;0x40efe0;0x22;__thiscall;;uchar;void*;uint;uint;uint
;FUN_0040f050;0x40f050;0xa;__stdcall;;uchar
;FUN_0040f060;0x40f060;0xc;__stdcall;;uchar
;FUN_0040f090;0x40f090;0xa;__stdcall;;uchar
;FUN_0040f0a0;0x40f0a0;0xc;__stdcall;;uchar
;CPlayerRPG::CPlayerRPG;0x40f0c0;0x26;__thiscall;;CPlayerRPG*;CPlayerRPG*
;CPlayerRPG::scalar_destructor;0x40f0f0;0x1e;__thiscall;;CPlayerRPG*;CPlayerRPG*;uchar
;CPlayerRPG::~CPlayerRPG;0x40f110;0xb;__thiscall;;uchar;CPlayerRPG*
?EXP@CPlayerRPG@@QAEPAXXZ;CPlayerRPG::EXP;0x40f120;0x5a;__thiscall;;void*;CPlayerRPG*
;CPlayerRPG::OnActivate;0x40f180;0x42;__thiscall;;void;CPlayerRPG*
;CPlayerRPG::OnActivateLevel;0x40f1d0;0xce;__thiscall;;void;CPlayerRPG*
;FUN_0040f2a0;0x40f2a0;0xfa;__fastcall;;uchar;uchar
;FUN_0040f3a0;0x40f3a0;0xd5;__fastcall;;uchar;uchar
;FUN_0040f480;0x40f480;0x68;__fastcall;;uchar;uchar
;FUN_0040f4f0;0x40f4f0;0x59;__fastcall;;uchar;uchar
;FUN_0040f550;0x40f550;0xc9;__fastcall;;uchar;uchar
;FUN_0040f620;0x40f620;0x174;__fastcall;;uchar;uchar
;CPlayerRPG::OnInputMouse;0x40f7a0;0xb7;__thiscall;;uchar;CPlayerRPG*;uint;uint;char;char
;CPlayerRPG::OnFrame;0x40f860;0x18;__thiscall;;void;CPlayerRPG*
;FUN_0040f880;0x40f880;0x162;__fastcall;;uchar;uchar;uchar;uint;uint
;FUN_0040f9f0;0x40f9f0;0x29c;__fastcall;;uint;uchar
;CPlayerRPG::Walk::OnEnterState;0x40fc90;0x52;__thiscall;;void;Walk*
;CPlayerRPG::Walk::OnFrame;0x40fcf0;0xf5;__thiscall;;void;Walk*
;CPlayerRPG::Walk::OnDestinationPos;0x40fdf0;0x6f;__thiscall;;void;Walk*
;CPlayerRPG::Walk::OnCollisionObject;0x40fe60;0x1d;__thiscall;;void;Walk*
;CPlayerRPG::Walk::OnAnimEnd;0x40fe80;0x15;__stdcall;;uchar;char*
;CPlayerRPG::Idle::OnEnterState;0x40fea0;0x4d;__thiscall;;void;Idle*
;CPlayerRPG::Idle::OnFrame;0x40fef0;0x1b;__thiscall;;void;Idle*
;FUN_0040ff50;0x40ff50;0xa;__stdcall;;uchar
;FUN_0040ff60;0x40ff60;0xc;__stdcall;;uchar
;FUN_0040ff90;0x40ff90;0xa;__stdcall;;uchar
;FUN_0040ffa0;0x40ffa0;0xc;__stdcall;;uchar
;cKbSettings::cKbSettings;0x40ffc0;0x26c;__thiscall;;cKbSettings*;cKbSettings*
;cKbSettings::scalar_destructor;0x410230;0x1e;__thiscall;;uint*;cKbSettings*;uchar
;cKbSettings::~cKbSettings;0x410250;0x7;__thiscall;;void;cKbSettings*
;cKbSettings::FUN00410260;0x410260;0x969;__thiscall;;int;void*;char*
;FUN_00410bd0;0x410bd0;0x51c;__thiscall;;char*;void*;int
;FUN_004110f0;0x4110f0;0x6bd;__thiscall;;uchar;void*;char*
;FUN_004117f0;0x4117f0;0xa;__stdcall;;uchar
;FUN_00411800;0x411800;0xc;__stdcall;;uchar
;FUN_00411830;0x411830;0xa;__stdcall;;uchar
;FUN_00411840;0x411840;0xc;__stdcall;;uchar
;UIButton::UIButton;0x411860;0x103;__thiscall;;UIButton*;UIButton*
;UIButton::scalar_destructor;0x411970;0x1e;__thiscall;;cMagSprite*;UIButton*;uchar
;UIButton::~UIButton;0x411990;0xc;__thiscall;;void;UIButton*
;FUN_004119a0;0x4119a0;0x173;__thiscall;;uchar;void*;char*;char*;uint
;FUN_00411b20;0x411b20;0x75;__thiscall;;uchar;void*;char*
;FUN_00411ba0;0x411ba0;0x75;__thiscall;;uchar;void*;char*
;FUN_00411c20;0x411c20;0x2b;__thiscall;;uchar;void*;uint;uint;uint;uint
;FUN_00411c50;0x411c50;0xf6;__thiscall;;uchar;void*;uint;uint
;FUN_00411d50;0x411d50;0xec;__thiscall;;uchar;void*;float;float
;FUN_00411e40;0x411e40;0x50;__thiscall;;uchar;void*;char*
;FUN_00411e90;0x411e90;0x15;__thiscall;;uchar;void*;float
;FUN_00411eb0;0x411eb0;0x76;__thiscall;;uchar;cMagSprite*;cMagSprite
;FUN_00411f30;0x411f30;0x72;__thiscall;;uchar;void*;char
;FUN_00411fb0;0x411fb0;0x18;__fastcall;;uchar;int
;FUN_00411fd0;0x411fd0;0x18;__fastcall;;uchar;int
;UIButton::OnMouseArrive;0x411ff0;0x97;__thiscall;;uchar;UIButton*;int
;UIButton::OnMouseLeave;0x412090;0xc2;__thiscall;;uchar;UIButton*;int
;UIButton::OnInputMouse;0x412160;0x16d;__thiscall;;uchar;UIButton*;uint;uint;char
;FUN_00412310;0x412310;0xa;__stdcall;;uchar
;FUN_00412320;0x412320;0xc;__stdcall;;uchar
;FUN_00412350;0x412350;0xa;__stdcall;;uchar
;FUN_00412360;0x412360;0xc;__stdcall;;uchar
;UIEdit::scalar_destructor;0x412380;0x1e;__thiscall;;uchar;UIEdit*;uchar
;UIEdit::UIEdit;0x4123a0;0x269;__thiscall;;UIEdit*;UIEdit*;char*;cMagSprite*
;UIEdit::~UIEdit;0x412610;0xd7;__thiscall;;void;UIEdit*
;UIEdit::OnActivate;0x4126f0;0x74;__thiscall;;void;UIEdit*
;UIEdit::FUN00412770;0x412770;0x57;__thiscall;;void;cMagSprite*;bool
;UIEdit::FUN004127d0;0x4127d0;0x7;__fastcall;;void;cMagSprite*
;UIEdit::FUN004127e0;0x4127e0;0x4d;__thiscall;;void;UIEdit*;float;float
;UIEdit::FUN00412830;0x412830;0xb2;__thiscall;;void;UIEdit*;float;float
;FUN_004128f0;0x4128f0;0xd;__thiscall;;uchar;void*;uint
;FUN_00412900;0x412900;0xd;__thiscall;;uchar;void*;uint
;UIEdit::FUN00412910;0x412910;0x101;__thiscall;;void;UIEdit*;char*
;UIEdit::FUN00412a20;0x412a20;0xd2;__thiscall;;char*;UIEdit*;bool
;FUN_00412b00;0x412b00;0x1e;__stdcall;;uint;int
;FUN_00412b20;0x412b20;0x3;__stdcall;;uchar
;UIEdit::OnInputChar;0x412b30;0x2de;__thiscall;;void;UIEdit*;char
;UIEdit::OnInputKey;0x412e10;0x50;__thiscall;;void;UIEdit*;int
;UIEdit::OnInputMouse;0x412e60;0x2f;__thiscall;;void;UIEdit*;uint;uint;char
;FUN_00412e90;0x412e90;0x4b;__thiscall;;uchar;void*;char
;FUN_00412ee0;0x412ee0;0x17a;__fastcall;;uchar;cMagSprite*
;UIEdit::FUN00413060;0x413060;0x195;__thiscall;;void;UIEdit*
;FUN_00413200;0x413200;0x3e;__fastcall;;uchar;int
;FUN_00413240;0x413240;0xdf;__thiscall;;void*;void*;int;uint;uint
;FUN_00413320;0x413320;0x6;__stdcall;;uint
;FUN_00413370;0x413370;0xa;__stdcall;;uchar
;FUN_00413380;0x413380;0xc;__stdcall;;uchar
;FUN_004133b0;0x4133b0;0xa;__stdcall;;uchar
;FUN_004133c0;0x4133c0;0xc;__stdcall;;uchar
;UIWindow::UIWindow;0x4133e0;0x6a;__thiscall;;UIWindow*;UIWindow*
;UIWindow::scalar_destructor;0x413450;0x1e;__thiscall;;cMagSprite*;UIWindow*;uchar
;UIWindow::UIWindow;0x413470;0x5d;__thiscall;;UIWindow*;UIWindow*;cMagSprite*
;UIWindow::~UIWindow;0x4134d0;0xc;__thiscall;;void;UIWindow*
;UIWindow::FUN004134e0;0x4134e0;0x30;__thiscall;;void;UIWindow*;char*
;UIWindow::FUN00413510;0x413510;0x21;__thiscall;;void;UIWindow*;bool
;UIWindow::FUN00413540;0x413540;0x1a;__thiscall;;void;UIWindow*;D3DXVECTOR2
;UIWindow::FUN00413560;0x413560;0x1c;__thiscall;;void;UIWindow*;D3DXVECTOR2
;UIWindow::FUN00413580;0x413580;0x28;__thiscall;;void;UIWindow*;bool
;FUN_004135b0;0x4135b0;0x15;__thiscall;;uchar;void*;float
;FUN_004135d0;0x4135d0;0x71;__thiscall;;uchar;void*;int;int;int;int
;FUN_00413650;0x413650;0x48;__thiscall;;uchar;void*;int;int;int;uchar
;FUN_004136a0;0x4136a0;0x35;__fastcall;;uchar;int*
;FUN_004136e0;0x4136e0;0x35;__fastcall;;uchar;int*
;UIWindow::OnFrame;0x413720;0x14;__thiscall;;void;UIWindow*
;FUN_00413740;0x413740;0xd9;__fastcall;;uchar;uchar
;FUN_00413820;0x413820;0x96;__fastcall;;uchar;uchar
;UIWindow::OnMouseArrive;0x4138c0;0x1a;__thiscall;;uchar;UIWindow*;uint
;UIWindow::OnMouseLeave;0x4138e0;0x1a;__thiscall;;uchar;UIWindow*;uint
;FUN_00413940;0x413940;0xa;__stdcall;;uchar
;FUN_00413950;0x413950;0xc;__stdcall;;uchar
;FUN_00413980;0x413980;0xa;__stdcall;;uchar
;FUN_00413990;0x413990;0xc;__stdcall;;uchar
;CLevelSkaly::CLevelSkaly;0x4139b0;0x61;__thiscall;;CLevelSkaly*;CLevelSkaly*
;CLevelSkaly::scalar_destructor;0x413a20;0x1e;__thiscall;;CLevelSkaly*;CLevelSkaly*;uchar
;CLevelSkaly::~CLevelSkaly;0x413a40;0x71;__thiscall;;uchar;CLevelSkaly*
?EXP@CLevelSkaly@@QAEPAXXZ;CLevelSkaly::EXP;0x413ac0;0x5a;__thiscall;;void*;CLevelSkaly*
;CLevelSkaly::OnActivate;0x413b20;0x13b;__thiscall;;void;CLevelSkaly*
;FUN_00413c60;0x413c60;0x64;__fastcall;;uchar;uchar
;CLevelSkaly::OnActivateLevel;0x413cd0;0x61;__thiscall;;void;CLevelSkaly*
;CLevelSkaly::OnFrame;0x413d40;0x38;__thiscall;;void;CLevelSkaly*
;CLevelSkaly::OnInputKey;0x413d80;0x21;__thiscall;;void;CLevelSkaly*;char*
;FUN_00413df0;0x413df0;0xa;__stdcall;;uchar
;FUN_00413e00;0x413e00;0xc;__stdcall;;uchar
;FUN_00413e30;0x413e30;0xa;__stdcall;;uchar
;FUN_00413e40;0x413e40;0xc;__stdcall;;uchar
;CMenuHud::CMenuHud;0x413e60;0x126;__thiscall;;CMenuHud*;CMenuHud*
;CMenuHud::scalar_destructor;0x413f90;0x1e;__thiscall;;cMagSprite*;CMenuHud*;uchar
;CMenuHud::~CMenuHud;0x413fb0;0xc;__thiscall;;void;CMenuHud*
;FUN_00413fc0;0x413fc0;0x17;__fastcall;;uchar;int*
;CMenuHud::OnActivate;0x413fe0;0x592;__thiscall;;void;CMenuHud*
;CMenuHud::OnMouseArrive;0x414580;0x1ab;__thiscall;;uchar;CMenuHud*;int
;CMenuHud::OnMouseLeave;0x414730;0x8b;__thiscall;;void;CMenuHud*;cMagKernel*
;CMenuHud::OnButtonDown;0x4147c0;0x1a7;__thiscall;;uchar;CMenuHud*;int
;CMenuHud::OnFadeOutEnd;0x414970;0x572;__thiscall;;void;CMenuHud*
;CMenuHud::OnActivateLevel;0x414ef0;0x185;__thiscall;;void;CMenuHud*
;CMenuHud::OnFrame;0x415080;0xc3;__thiscall;;void;CMenuHud*
;CMenuHud::FUN00415150;0x415150;0xdb;__thiscall;;void;CMenuHud*
;FUN_00415230;0x415230;0xdb;__fastcall;;uchar;int*
;FUN_00415320;0x415320;0xa;__stdcall;;uchar
;FUN_00415330;0x415330;0xc;__stdcall;;uchar
;FUN_00415360;0x415360;0xa;__stdcall;;uchar
;FUN_00415370;0x415370;0xc;__stdcall;;uchar
;CSkalyUstawPostac::CSkalyUstawPostac;0x4153c0;0x27;__thiscall;;CSkalyUstawPostac*;CSkalyUstawPostac*
;CSkalyUstawPostac::scalar_destructor;0x4153f0;0x1e;__thiscall;;CSkalyUstawPostac*;CSkalyUstawPostac*;uchar
;CSkalyUstawPostac::~CSkalyUstawPostac;0x415410;0xc;__thiscall;;uchar;CSkalyUstawPostac*
?EXP@CSkalyUstawPostac@@QAEPAXXZ;CSkalyUstawPostac::EXP;0x415420;0x5a;__thiscall;;void*;CSkalyUstawPostac*
;CSkalyUstawPostac::OnActivate;0x415480;0x39;__thiscall;;void;CSkalyUstawPostac*
;CSkalyUstawPostac::OnActivateLevel;0x4154c0;0x4b;__thiscall;;void;CSkalyUstawPostac*
;CSkalyUstawPostac::OnCollisionObject;0x415510;0x170;__thiscall;;uchar;CSkalyUstawPostac*;int*
;CSkalyUstawPostac::OnFrame;0x415680;0x64;__thiscall;;void;CSkalyUstawPostac*
;CSkalyUstawPostac::OnFadeOutEnd;0x4156f0;0x14;__thiscall;;void;CSkalyUstawPostac*
;FUN_00415750;0x415750;0xa;__stdcall;;uchar
;FUN_00415760;0x415760;0xc;__stdcall;;uchar
;FUN_00415790;0x415790;0xa;__stdcall;;uchar
;FUN_004157a0;0x4157a0;0xc;__stdcall;;uchar
;CLevelIntro::CLevelIntro;0x4157c0;0x61;__thiscall;;CLevelIntro*;CLevelIntro*
;CLevelIntro::scalar_destructor;0x415830;0x1e;__thiscall;;CLevelIntro*;CLevelIntro*;uchar
;CLevelIntro::~CLevelIntro;0x415850;0x57;__thiscall;;uchar;CLevelIntro*
?EXP@CLevelIntro@@QAEPAXXZ;CLevelIntro::EXP;0x4158b0;0x5a;__thiscall;;void*;CLevelIntro*
;CLevelIntro::OnActivate;0x415910;0x126;__thiscall;;void;CLevelIntro*
;CLevelIntro::OnActivateLevel;0x415a40;0x44;__thiscall;;void;CLevelIntro*
;CLevelIntro::OnInputKey;0x415a90;0x3e;__thiscall;;void;CLevelIntro*;uchar*
;FUN_00415b10;0x415b10;0xa;__stdcall;;uchar
;FUN_00415b20;0x415b20;0xc;__stdcall;;uchar
;FUN_00415b50;0x415b50;0xa;__stdcall;;uchar
;FUN_00415b60;0x415b60;0xc;__stdcall;;uchar
;CLevelMenuNet::CLevelMenuNet;0x415b80;0x59;__thiscall;;CLevelMenuNet*;CLevelMenuNet*
;CLevelMenuNet::scalar_destructor;0x415be0;0x1e;__thiscall;;CLevelMenuNet*;CLevelMenuNet*;uchar
;CLevelMenuNet::~CLevelMenuNet;0x415c00;0x57;__thiscall;;uchar;CLevelMenuNet*
?EXP@CLevelMenuNet@@QAEPAXXZ;CLevelMenuNet::EXP;0x415c60;0x5a;__thiscall;;void*;CLevelMenuNet*
;CLevelMenuNet::OnActivate;0x415cc0;0xc7;__thiscall;;void;CLevelMenuNet*
;CLevelMenuNet::OnActivateLevel;0x415d90;0xe;__thiscall;;void;CLevelMenuNet*
;CLevelMenuNet::OnInputKey;0x415da0;0x14;__thiscall;;void;CLevelMenuNet*;char*
;FUN_00415e00;0x415e00;0xa;__stdcall;;uchar
;FUN_00415e10;0x415e10;0xc;__stdcall;;uchar
;FUN_00415e40;0x415e40;0xa;__stdcall;;uchar
;FUN_00415e50;0x415e50;0xc;__stdcall;;uchar
;CLevelNET::CLevelNET;0x415e70;0x60;__thiscall;;CLevelNET*;CLevelNET*
;CLevelNET::scalar_destructor;0x415ed0;0x1e;__thiscall;;CLevelNET*;CLevelNET*;uchar
;CLevelNET::~CLevelNET;0x415ef0;0x71;__thiscall;;uchar;CLevelNET*
?EXP@CLevelNET@@QAEPAXXZ;CLevelNET::EXP;0x415f70;0x5a;__thiscall;;void*;CLevelNET*
;CLevelNET::OnActivate;0x415fd0;0x118;__thiscall;;void;CLevelNET*
;CLevelNET::OnActivateLevel;0x4160f0;0x99;__thiscall;;void;CLevelNET*
;FUN_004161d0;0x4161d0;0xa;__stdcall;;uchar
;FUN_004161e0;0x4161e0;0xc;__stdcall;;uchar
;FUN_00416210;0x416210;0xa;__stdcall;;uchar
;FUN_00416220;0x416220;0xc;__stdcall;;uchar
;CLevelSDK::CLevelSDK;0x416240;0x61;__thiscall;;CLevelSDK*;CLevelSDK*
;CLevelSDK::scalar_destructor;0x4162b0;0x1e;__thiscall;;CLevelSDK*;CLevelSDK*;uchar
;CLevelSDK::~CLevelSDK;0x4162d0;0x57;__thiscall;;uchar;CLevelSDK*
?EXP@CLevelSDK@@QAEPAXXZ;CLevelSDK::EXP;0x416330;0x5a;__thiscall;;void*;CLevelSDK*
;CLevelSDK::OnActivate;0x416390;0xc4;__thiscall;;void;CLevelSDK*
;CLevelSDK::OnActivateLevel;0x416460;0x77;__thiscall;;void;CLevelSDK*
?OnInputKey@CBlokadaLevel4@@UAEXPAE@Z;CBlokadaLevel4::OnInputKey;0x4164e0;0x3;__thiscall;;void;CBlokadaLevel4*;uchar*
?OnCollisionObject@CBrama@@UAEXPAVcMagMeshObject@@@Z;CBrama::OnCollisionObject;0x4164e0;0x3;__thiscall;;void;CBrama*;cMagMeshObject*
;FUN_00416530;0x416530;0xa;__stdcall;;uchar
;FUN_00416540;0x416540;0xc;__stdcall;;uchar
;FUN_00416570;0x416570;0xa;__stdcall;;uchar
;FUN_00416580;0x416580;0xc;__stdcall;;uchar
;CMenuSDK::CMenuSDK;0x4165a0;0x21;__thiscall;;CMenuSDK*;CMenuSDK*
;CMenuSDK::scalar_destructor;0x4165d0;0x1e;__thiscall;;CMenuSDK*;CMenuSDK*;uchar
;CMenuSDK::~CMenuSDK;0x4165f0;0xc;__thiscall;;uchar;CMenuSDK*
?EXP@CMenuSDK@@QAEPAXXZ;CMenuSDK::EXP;0x416600;0x5a;__thiscall;;void*;CMenuSDK*
;CMenuSDK::OnActivate;0x416660;0xc9;__thiscall;;void;CMenuSDK*
;CMenuSDK::OnActivateLevel;0x416730;0x35;__thiscall;;void;CMenuSDK*
;FUN_004167b0;0x4167b0;0xa;__stdcall;;uchar
;FUN_004167c0;0x4167c0;0xc;__stdcall;;uchar
;FUN_004167f0;0x4167f0;0xa;__stdcall;;uchar
;FUN_00416800;0x416800;0xc;__stdcall;;uchar
??0_Action@@QAE@XZ;_Action::_Action;0x416820;0x13;__thiscall;;_Action*;_Action*
??_G_Action@@UAEPAXI@Z;_Action::scalar_deleting_destructor;0x416840;0x1e;__thiscall;;void;_Action*;uint
??1_Action@@UAE@XZ;_Action::~_Action;0x416860;0xc;__thiscall;;void;_Action*
?EXP@_Action@@QAEPAXXZ;_Action::EXP;0x416870;0x5a;__thiscall;;void*;_Action*
;FUN_00416910;0x416910;0xa;__stdcall;;uchar
;FUN_00416920;0x416920;0xc;__stdcall;;uchar
;FUN_00416950;0x416950;0xa;__stdcall;;uchar
;FUN_00416960;0x416960;0xc;__stdcall;;uchar
;CAction::CAction;0x416980;0x53;__thiscall;;CAction*;CAction*
;CAction::scalar_destruction;0x4169e0;0x1e;__thiscall;;uchar;CAction*;uchar
;CAction::~CAction;0x416a00;0xb;__thiscall;;void;CAction*
?EXP@CAction@@QAEPAXXZ;CAction::EXP;0x416a10;0x5a;__thiscall;;void*;CAction*
;CAction::OnActivateLevel;0x416a70;0x151;__thiscall;;void;CAction*
;CAction::FUN00416bd0;0x416bd0;0xfd;__fastcall;;uchar;uchar
;CParticleEmitter::scalar_destructor;0x416cd0;0x1f;__thiscall;;CParticleEmitter*;CParticleEmitter*;uchar
;CAction::OnFrame;0x416cf0;0x5c;__thiscall;;void;CAction*
;CAction::OnLoadChunk;0x416d50;0x2a;__thiscall;;uchar;CAction*;uint;int;uint;void*
;CAction::OnAction;0x416d80;0x5f;__thiscall;;void;CAction*
;FUN_00416de0;0x416de0;0x61;__fastcall;;uchar;uchar
;CAction::OnAnimFrameMeter;0x416e50;0x92;__thiscall;;void;CAction*;char*;int
;CAction::FUN00416ef0;0x416ef0;0x26;__thiscall;;uchar;CAction*
;CAction::FUN00416f20;0x416f20;0x64;__thiscall;;void;CAction*
;CAction::OnAnimEnd;0x416f90;0x5a;__thiscall;;uchar;CAction*;char*
;CAction::FUN00416ff0;0x416ff0;0x109;__thiscall;;uchar;CAction*
;CAction::FUN00417100;0x417100;0x34;__thiscall;;uchar;CAction*
;CAction::FUN00417140;0x417140;0x9c;__thiscall;;void;CAction*
;CAction::FUN004171e0;0x4171e0;0x2b;__thiscall;;uchar;CAction*
;CAction::FUN00417210;0x417210;0xf7;__fastcall;;uchar;uchar
;CAction::FUN00417310;0x417310;0x130;__thiscall;;uchar;CAction*
;CAction::Save;0x417440;0x163;__thiscall;;uchar;CAction*;int*
;CAction::Load;0x4175b0;0x1f2;__thiscall;;uchar;CAction*;void*;uint;int
;CAction::STATE_Empty::scalar_destructor;0x4177b0;0x1e;__thiscall;;STATE_Empty*;STATE_Empty*;uchar
;CAction::STATE_RuchX::OnEnterState;0x4177d0;0x5a;__thiscall;;uchar;STATE_RuchX*;int
;CAction::STATE_RuchX::OnFrame;0x417830;0x197;__thiscall;;void;STATE_RuchX*
;CAction::STATE_RuchY::OnFrame;0x4179d0;0x197;__thiscall;;void;STATE_RuchY*
;CAction::STATE_RuchZ::OnFrame;0x417b70;0x197;__thiscall;;void;STATE_RuchZ*
;CAction::STATE_Empty::OnEnterState;0x417d10;0x2f;__thiscall;;void;STATE_Empty*
;FUN_00417d50;0x417d50;0xa;__stdcall;;uchar
;FUN_00417d60;0x417d60;0xc;__stdcall;;uchar
;FUN_00417d90;0x417d90;0xa;__stdcall;;uchar
;FUN_00417da0;0x417da0;0xc;__stdcall;;uchar
;CButton::CButton;0x417df0;0x103;__thiscall;;CButton*;CButton*
;CButton::scalar_destructor;0x417f00;0x1e;__thiscall;;CButton*;CButton*;uchar
;CButton::~CButton;0x417f20;0x55;__thiscall;;uchar;CButton*
?EXP@CButton@@QAEPAXXZ;CButton::EXP;0x417f80;0x5a;__thiscall;;void*;CButton*
;CButton::OnActivateLevel;0x417fe0;0x2b6;__thiscall;;void;CButton*
;CButton::FUN004182a0;0x4182a0;0xd3;__thiscall;;void;CButton*
;CButton::OnAction;0x418380;0x45;__thiscall;;void;CButton*
;CButton::Save;0x4183d0;0xab;__thiscall;;uchar;CButton*;int*
;CButton::Load;0x418480;0xf5;__thiscall;;uchar;CButton*;void*;uint;int
;CButton::OnLoadChunk;0x418580;0x2a;__thiscall;;uchar;CButton*;uint;int;uint;void*
;CButton::FUN004185b0;0x4185b0;0x56;__thiscall;;uchar;CButton*;float
;CButton::FUN00418610;0x418610;0x143;__thiscall;;uchar;CButton*;int;int;int
;CButton::OnFadeOutEnd;0x418760;0x49;__thiscall;;void;CButton*
;CButton::FUN004187b0;0x4187b0;0x2c4;__thiscall;;void;CButton*
;CButton::FUN00418a90;0x418a90;0x1f6;__thiscall;;void;CButton*
;CButton::FUN00418c90;0x418c90;0xa1;__thiscall;;void;CButton*
;CButton::OnDestTime;0x418d40;0x40;__fastcall;;uchar;cMagGameObject*
;CButton::STATE_Kolizja::OnCollisionObject;0x418d80;0x97;__thiscall;;uchar;STATE_Kolizja*;int*
;CButton::STATE_Odleglosc::OnEnterState;0x418e20;0x19;__thiscall;;void;STATE_Odleglosc*
;CButton::STATE_Odleglosc::OnInputKey;0x418e40;0xb2;__thiscall;;void;STATE_Odleglosc*
;CButton::STATE_Odleglosc::OnDestinationDir;0x418f00;0xb;__thiscall;;void;STATE_Odleglosc*
;CButton::STATE_RuchX::OnEnterState;0x418f10;0x5a;__thiscall;;void;STATE_RuchX*
;CButton::STATE_RuchX::OnFrame;0x418f70;0x100;__thiscall;;void;STATE_RuchX*
;CButton::STATE_RuchY::OnFrame;0x419070;0x100;__thiscall;;void;STATE_RuchY*
;CButton::STATE_RuchZ::OnFrame;0x419170;0x100;__thiscall;;void;STATE_RuchZ*
;FUN_00419280;0x419280;0xa;__stdcall;;uchar
;FUN_00419290;0x419290;0xc;__stdcall;;uchar
;FUN_004192c0;0x4192c0;0xa;__stdcall;;uchar
;FUN_004192d0;0x4192d0;0xc;__stdcall;;uchar
;CRotateObject::CRotateObject;0x419320;0x2a;__thiscall;;CRotateObject*;CRotateObject*
;CRotateObject::scalar_destructor;0x419350;0x1e;__thiscall;;CRotateObject*;CRotateObject*;uchar
;CRotateObject::~CRotateObject;0x419370;0xc;__thiscall;;uchar;CRotateObject*
?EXP@CRotateObject@@QAEPAXXZ;CRotateObject::EXP;0x419380;0x5a;__thiscall;;void*;CRotateObject*
;CRotateObject::OnActivateLevel;0x4193e0;0x101;__thiscall;;void;CRotateObject*
;CRotateObject::OnLoadChunk;0x4194f0;0x2a;__thiscall;;uchar;CRotateObject*;uint;int;uint;void*
;FUN_00419560;0x419560;0xa;__stdcall;;uchar
;FUN_00419570;0x419570;0xc;__stdcall;;uchar
;FUN_004195a0;0x4195a0;0xa;__stdcall;;uchar
;FUN_004195b0;0x4195b0;0xc;__stdcall;;uchar
??0_Sound@@QAE@XZ;_Sound::_Sound;0x4195d0;0x13;__thiscall;;_Sound*;_Sound*
??_G_Sound@@UAEPAXI@Z;_Sound::scalar_destructor;0x4195f0;0x1e;__thiscall;;uchar;_Sound*;uchar
??1_Sound@@UAE@XZ;_Sound::~_Sound;0x419610;0xc;__thiscall;;void;_Sound*
?EXP@_Sound@@QAEPAXXZ;_Sound::EXP;0x419620;0x5a;__thiscall;;void*;_Sound*
;FUN_004196c0;0x4196c0;0xa;__stdcall;;uchar
;FUN_004196d0;0x4196d0;0xc;__stdcall;;uchar
;FUN_00419700;0x419700;0xa;__stdcall;;uchar
;FUN_00419710;0x419710;0xc;__stdcall;;uchar
;cSoundGenerator::cSoundGenerator;0x419730;0x51;__thiscall;;cSoundGenerator*;cSoundGenerator*
;cSoundGenerator::scalar_destructor;0x419790;0x1e;__thiscall;;cSoundGenerator*;cSoundGenerator*;uchar
;cSoundGenerator::~cSoundGenerator;0x4197b0;0xb;__thiscall;;uchar;cSoundGenerator*
?EXP@cSoundGenerator@@QAEPAXXZ;cSoundGenerator::EXP;0x4197c0;0x5a;__thiscall;;void*;cSoundGenerator*
;CSoundGenerator::OnFrame;0x419820;0x6e;__thiscall;;void;CSoundGenerator*
;cSoundGenerator::OnActivateLevel;0x419890;0x147;__thiscall;;void;cSoundGenerator*
;cSoundGenerator::OnUpdateMenuSettings;0x4199e0;0x13;__thiscall;;void;cSoundGenerator*
;FUN_00419a40;0x419a40;0xa;__stdcall;;uchar
;FUN_00419a50;0x419a50;0xc;__stdcall;;uchar
;FUN_00419a80;0x419a80;0xa;__stdcall;;uchar
;FUN_00419a90;0x419a90;0xc;__stdcall;;uchar
;CMusicGenerator::CMusicGenerator;0x419ab0;0x51;__thiscall;;CMusicGenerator*;CMusicGenerator*
;CMusicGenerator::scalar_destructor;0x419b10;0x1e;__thiscall;;CMusicGenerator*;CMusicGenerator*;uchar
;CMusicGenerator::~CMusicGenerator;0x419b30;0xb;__thiscall;;uchar;CMusicGenerator*
?EXP@CMusicGenerator@@QAEPAXXZ;CMusicGenerator::EXP;0x419b40;0x5a;__thiscall;;void*;CMusicGenerator*
?OnActivate@AIControlPoint@@UAEXXZ;AIControlPoint::OnActivate;0x419ba0;0x1;__thiscall;;void;AIControlPoint*
?OnActivate@CBalon@@UAEXXZ;CBalon::OnActivate;0x419ba0;0x1;__thiscall;;void;CBalon*
?OnActivate@CBlokadaLevel1@@UAEXXZ;CBlokadaLevel1::OnActivate;0x419ba0;0x1;__thiscall;;void;CBlokadaLevel1*
?OnActivate@CBlokadaLevel3@@UAEXXZ;CBlokadaLevel3::OnActivate;0x419ba0;0x1;__thiscall;;void;CBlokadaLevel3*
?OnActivate@CBlokadaLevel3_1@@UAEXXZ;CBlokadaLevel3_1::OnActivate;0x419ba0;0x1;__thiscall;;void;CBlokadaLevel3_1*
?OnActivate@CBlokadaLevel4@@UAEXXZ;CBlokadaLevel4::OnActivate;0x419ba0;0x1;__thiscall;;void;CBlokadaLevel4*
?OnActivate@CBlokadaLevel4_1@@UAEXXZ;CBlokadaLevel4_1::OnActivate;0x419ba0;0x1;__thiscall;;void;CBlokadaLevel4_1*
?OnActivate@CBlokadaLevel5@@UAEXXZ;CBlokadaLevel5::OnActivate;0x419ba0;0x1;__thiscall;;void;CBlokadaLevel5*
?OnActivate@CBlokadaLevel6@@UAEXXZ;CBlokadaLevel6::OnActivate;0x419ba0;0x1;__thiscall;;void;CBlokadaLevel6*
?OnActivateLevel@CBalon@@UAEXXZ;CBalon::OnActivateLevel;0x419ba0;0x1;__thiscall;;void;CBalon*
?OnActivateLevel@CArmataPocisk@@UAEXXZ;CArmataPocisk::OnActivateLevel;0x419ba0;0x1;__thiscall;;void;CArmataPocisk*
?OnActivateLevel@CKrysztal@@UAEXXZ;CKrysztal::OnActivateLevel;0x419ba0;0x1;__thiscall;;void;CKrysztal*
?OnActivateLevel@CMoneta@@UAEXXZ;CMoneta::OnActivateLevel;0x419ba0;0x1;__thiscall;;void;CMoneta*
?OnActivateLevel@CKlucz@@UAEXXZ;CKlucz::OnActivateLevel;0x419ba0;0x1;__thiscall;;void;CKlucz*
?OnActivateLevel@COknoTajnyKod@@UAEXXZ;COknoTajnyKod::OnActivateLevel;0x419ba0;0x1;__thiscall;;void;COknoTajnyKod*
?OnFrame@CBrama@@UAEXXZ;CBrama::OnFrame;0x419ba0;0x1;__thiscall;;void;CBrama*
;CMusicGenerator::OnAction;0x419bb0;0x75;__thiscall;;void;CMusicGenerator*
;CMusicGenerator::OnFrame;0x419c30;0x6e;__thiscall;;void;CMusicGenerator*
;CMusicGenerator::OnActivate;0x419ca0;0x13d;__thiscall;;void;CMusicGenerator*
;CMusicGenerator::OnUpdateMenuSettings;0x419de0;0x2c;__thiscall;;void;CMusicGenerator*
;CMusicGenerator::OnLoadChunk;0x419e10;0x2a;__thiscall;;uchar;CMusicGenerator*;uint;int;uint;void*
;FUN_00419e80;0x419e80;0xa;__stdcall;;uchar
;FUN_00419e90;0x419e90;0xc;__stdcall;;uchar
;FUN_00419ec0;0x419ec0;0xa;__stdcall;;uchar
;FUN_00419ed0;0x419ed0;0xc;__stdcall;;uchar
;CSoundGenerator::CSoundGenerator;0x419ef0;0x51;__thiscall;;CSoundGenerator*;CSoundGenerator*
;CSoundGenerator::scalar_destructor;0x419f50;0x1e;__thiscall;;CSoundGenerator*;CSoundGenerator*;uchar
;CSoundGenerator::~CSoundGenerator;0x419f70;0xb;__thiscall;;uchar;CSoundGenerator*
?EXP@CSoundGenerator@@QAEPAXXZ;CSoundGenerator::EXP;0x419f80;0x5a;__thiscall;;void*;CSoundGenerator*
;CSoundGenerator::OnAction;0x419fe0;0xcf;__thiscall;;void;CSoundGenerator*
;CSoundGenerator::OnActivateLevel;0x41a0b0;0x147;__thiscall;;void;CSoundGenerator*
;CSoundGenerator::OnUpdateMenuSettings;0x41a200;0x2c;__thiscall;;void;CSoundGenerator*
;CSoundGenerator::OnLoadChunk;0x41a230;0x2a;__thiscall;;uchar;CSoundGenerator*;uint;int;uint;void*
;FUN_0041a2a0;0x41a2a0;0xa;__stdcall;;uchar
;FUN_0041a2b0;0x41a2b0;0xc;__stdcall;;uchar
;FUN_0041a2e0;0x41a2e0;0xa;__stdcall;;uchar
;FUN_0041a2f0;0x41a2f0;0xc;__stdcall;;uchar
;CSoundLektor::CSoundLektor;0x41a310;0x40;__thiscall;;CSoundLektor*;CSoundLektor*
;CSoundLektor::scalar_destructor;0x41a350;0x1e;__thiscall;;CSoundLektor*;CSoundLektor*;uchar
;CSoundLektor::~CSoundLektor;0x41a370;0xb;__thiscall;;uchar;CSoundLektor*
?EXP@CSoundLektor@@QAEPAXXZ;CSoundLektor::EXP;0x41a380;0x5a;__thiscall;;void*;CSoundLektor*
;CSoundLektor::OnActivateLevel;0x41a3e0;0x92;__fastcall;;uchar;cMagMeshObject*
;CSoundLektor::OnFrame;0x41a480;0x4f;__thiscall;;void;CSoundLektor*
;CSoundLektor::OnCollisionObject;0x41a4d0;0x15e;__thiscall;;uchar;CSoundLektor*;int*
;CSoundLektor::OnPlaySoundEnd;0x41a630;0x20;__thiscall;;uchar;CSoundLektor*;int
;FUN_0041a690;0x41a690;0xa;__stdcall;;uchar
;FUN_0041a6a0;0x41a6a0;0xc;__stdcall;;uchar
;FUN_0041a6d0;0x41a6d0;0xa;__stdcall;;uchar
;FUN_0041a6e0;0x41a6e0;0xc;__stdcall;;uchar
??0_Platform@@QAE@XZ;_Platform::_Platform;0x41a700;0x13;__thiscall;;_Platform*;_Platform*
??_G_Platform@@UAEPAXI@Z;_Platform::scalar_destructor;0x41a720;0x1e;__thiscall;;uchar;_Platform*;uchar
??1_Platform@@UAE@XZ;_Platform::~_Platform;0x41a740;0xc;__thiscall;;void;_Platform*
?EXP@_Platform@@QAEPAXXZ;_Platform::EXP;0x41a750;0x5a;__thiscall;;void*;_Platform*
;FUN_0041a7f0;0x41a7f0;0xa;__stdcall;;uchar
;FUN_0041a800;0x41a800;0xc;__stdcall;;uchar
;FUN_0041a830;0x41a830;0xa;__stdcall;;uchar
;FUN_0041a840;0x41a840;0xc;__stdcall;;uchar
??0CBrama@@QAE@XZ;CBrama::CBrama;0x41a860;0x43;__thiscall;;CBrama*;CBrama*
??_GCBrama@@UAEPAXI@Z;CBrama::scalar_destructor;0x41a8b0;0x1e;__thiscall;;uchar;CBrama*;uchar
??1CBrama@@UAE@XZ;CBrama::~CBrama;0x41a8d0;0xb;__thiscall;;void;CBrama*
?EXP@CBrama@@QAEPAXXZ;CBrama::EXP;0x41a8e0;0x5a;__thiscall;;void*;CBrama*
?OnActivate@CBrama@@UAEXXZ;CBrama::OnActivate;0x41a940;0x2d;__thiscall;;void;CBrama*
?OnActivateLevel@CBrama@@UAEXXZ;CBrama::OnActivateLevel;0x41a970;0x157;__thiscall;;void;CBrama*
?OnCrash@CBrama@@UAEXXZ;CBrama::OnCrash;0x41aad0;0x21;__thiscall;;void;CBrama*
?OnProcessStateMachine@CBrama@@UAE_NPAUStateObject_Str@@HPAUMsgObject@@@Z;CBrama::OnProcessStateMachine;0x41ab00;0x3ef;__thiscall;;bool;CBrama*;StateObject_Str*;int;MsgObject*
?OnLoadChunk@CBrama@@UAEXU_ED_CHUNK@@AAV?$basic_ifstream@DU?$char_traits@D@std@@@std@@@Z;CBrama::OnLoadChunk;0x41aef0;0x2a;__thiscall;;void;CBrama*;_ED_CHUNK;std::ifstream&
;FUN_0041af60;0x41af60;0xa;__stdcall;;uchar
;FUN_0041af70;0x41af70;0xc;__stdcall;;uchar
;FUN_0041afa0;0x41afa0;0xa;__stdcall;;uchar
;FUN_0041afb0;0x41afb0;0xc;__stdcall;;uchar
;CElevator::CElevator;0x41afd0;0x7d;__thiscall;;CElevator*;CElevator*
;CElevator::scalar_destructor;0x41b050;0x1e;__thiscall;;CElevator*;CElevator*;uchar
;CElevator::~CElevator;0x41b070;0x81;__thiscall;;uchar;CElevator*
?EXP@CElevator@@QAEPAXXZ;CElevator::EXP;0x41b100;0x5a;__thiscall;;void*;CElevator*
;CElevator::OnFrame;0x41b160;0x1b4;__thiscall;;void;CElevator*
;CElevator::OnUpdateMenuSettings;0x41b320;0x2c;__thiscall;;void;CElevator*
;CElevator::OnActivate;0x41b350;0x9;__thiscall;;void;CElevator*
;CElevator::OnDestinationPos;0x41b360;0x45;__thiscall;;void;CElevator*
;CElevator::OnAction;0x41b3b0;0x12e;__thiscall;;void;CElevator*
;CElevator::OnCollisionObject;0x41b4e0;0x1d;__stdcall;;uchar;int*
;CElevator::OnAttachChild;0x41b500;0x2c;__thiscall;;uchar;CElevator*;int*
;CElevator::OnDetachChild;0x41b530;0x2b;__thiscall;;uchar;CElevator*;int*
;CElevator::OnActivateLevel;0x41b560;0xa0;__thiscall;;void;CElevator*
;CElevator::OnCrash;0x41b600;0x22;__thiscall;;void;CElevator*
;CElevator::OnLoadChunk;0x41b630;0x309;__thiscall;;uchar;CElevator*;int;int;uint;void*
;CElevator::Save;0x41b940;0x11a;__thiscall;;uchar;CElevator*;int*
;CElevator::Load;0x41ba60;0xba;__thiscall;;uchar;CElevator*;void*;uint;int
;FUN_0041bb20;0x41bb20;0x20;__fastcall;;int;int
;FUN_0041bb40;0x41bb40;0x42;__stdcall;;uint*;uint*;uint*;uint*
;FUN_0041bb90;0x41bb90;0x39;__stdcall;;uchar;uint*;int;uint*
;FUN_0041bbd0;0x41bbd0;0x1d;__cdecl;;uchar;uint*;uint*
;FUN_0041bc00;0x41bc00;0xa;__stdcall;;uchar
;FUN_0041bc10;0x41bc10;0xc;__stdcall;;uchar
;FUN_0041bc40;0x41bc40;0xa;__stdcall;;uchar
;FUN_0041bc50;0x41bc50;0xc;__stdcall;;uchar
;CPlatform::CPlatform;0x41bca0;0x65;__thiscall;;CPlatform*;CPlatform*
;CPlatform::scalar_destructor;0x41bd10;0x1e;__thiscall;;CPlatform*;CPlatform*;uchar
;CPlatform::~CPlatform;0x41bd30;0x81;__thiscall;;uchar;CPlatform*
?EXP@CPlatform@@QAEPAXXZ;CPlatform::EXP;0x41bdc0;0x5a;__thiscall;;void*;CPlatform*
;CPlatform::OnLoadChunk;0x41be20;0x309;__thiscall;;void;CPlatform*;_ED_CHUNK;std_basic_ifstream*
;CPlatform::OnFrame;0x41c130;0xe7;__thiscall;;void;CPlatform*
;CPlatform::OnActivate;0x41c220;0x1e;__thiscall;;void;CPlatform*
;CPlatform::OnDestinationPos;0x41c240;0x24;__thiscall;;void;CPlatform*
;CPlatform::OnActivateLevel;0x41c270;0x108;__thiscall;;void;CPlatform*
;CPlatform::OnAction;0x41c380;0x36;__thiscall;;void;CPlatform*
;CPlatform::OnCrash;0x41c3c0;0x22;__thiscall;;void;CPlatform*
;FUN_0041c430;0x41c430;0xa;__stdcall;;uchar
;FUN_0041c440;0x41c440;0xc;__stdcall;;uchar
;FUN_0041c470;0x41c470;0xa;__stdcall;;uchar
;FUN_0041c480;0x41c480;0xc;__stdcall;;uchar
;cFadeInOut::cFadeInOut;0x41c4a0;0x8a;__thiscall;;cFadeInOut*;cFadeInOut*
;cFadeInOut::scalar_destructor;0x41c530;0x1e;__thiscall;;cMagSprite*;cFadeInOut*;uchar
;cFadeInOut::~cFadeInOut;0x41c550;0xc;__thiscall;;void;cFadeInOut*
;FUN_0041c560;0x41c560;0x36;__fastcall;;uchar;cMagSprite*
;cFadeInOut::OnActivate;0x41c5a0;0x3b;__thiscall;;void;cFadeInOut*
;FUN_0041c5e0;0x41c5e0;0x1a;__thiscall;;uchar;void*;int
;cFadeInOut::OnFrame;0x41c600;0x143;__thiscall;;void;cFadeInOut*
;FUN_0041c750;0x41c750;0x5b;__fastcall;;uchar;cMagSprite*
;FUN_0041c7b0;0x41c7b0;0x76;__fastcall;;uchar;cMagSprite*
;FUN_0041c830;0x41c830;0xd;__thiscall;;uchar;void*;uchar
;FUN_0041c880;0x41c880;0xa;__stdcall;;uchar
;FUN_0041c890;0x41c890;0xc;__stdcall;;uchar
;FUN_0041c8c0;0x41c8c0;0xa;__stdcall;;uchar
;FUN_0041c8d0;0x41c8d0;0xc;__stdcall;;uchar
??0_CutScenes@@QAE@XZ;_CutScenes::_CutScenes;0x41c8f0;0x13;__thiscall;;_CutScenes*;_CutScenes*
??_G_CutScenes@@UAEPAXI@Z;_CutScenes::scalar_deleting_destructor;0x41c910;0x1e;__thiscall;;void;_CutScenes*;uint
??1_CutScenes@@UAE@XZ;_CutScenes::~_CutScenes;0x41c930;0xc;__thiscall;;void;_CutScenes*
?EXP@_CutScenes@@QAEPAXXZ;_CutScenes::EXP;0x41c940;0x5a;__thiscall;;void*;_CutScenes*
;FUN_0041c9e0;0x41c9e0;0xa;__stdcall;;uchar
;FUN_0041c9f0;0x41c9f0;0xc;__stdcall;;uchar
;FUN_0041ca20;0x41ca20;0xa;__stdcall;;uchar
;FUN_0041ca30;0x41ca30;0xc;__stdcall;;uchar
;CCutScene::CCutScene;0x41ca50;0x1f0;__thiscall;;CCutScene*;CCutScene*
;CCutScene::scalar_destructor;0x41cc40;0x1e;__thiscall;;CCutScene*;CCutScene*;uchar
;CCutScene::~CCutScene;0x41cc60;0x3b;__thiscall;;uchar;CCutScene*
?EXP@CCutScene@@QAEPAXXZ;CCutScene::EXP;0x41cca0;0x5a;__thiscall;;void*;CCutScene*
;CCutScene::OnActivateLevel;0x41cd00;0x313;__thiscall;;void;CCutScene*
;CCutScene::OnCollisionObject;0x41d020;0x71;__thiscall;;uchar;CCutScene*;int*
;FUN_0041d0a0;0x41d0a0;0xd;__thiscall;;uchar;void*;uint
;CCutScene::FUN0041d0b0;0x41d0b0;0x1c5;__thiscall;;void;CCutScene*
;CCutScene::OnDestTime;0x41d280;0x25e;__thiscall;;void;CCutScene*
;CCutScene::OnFadeOutEnd;0x41d4e0;0x20b;__thiscall;;uchar;CCutScene*
;CCutScene::OnFadeInEnd;0x41d700;0x1c;__thiscall;;void;CCutScene*
;CCutScene::OnAction;0x41d720;0xb;__thiscall;;void;CCutScene*
;CCutScene::OnAction_;0x41d730;0x24;__thiscall;;void;CCutScene*;char*
;CCutScene::OnLoadChunk;0x41d760;0x2a;__thiscall;;uchar;CCutScene*;uint;int;uint;void*
;CCutScene::Save;0x41d790;0xc0;__thiscall;;uchar;CCutScene*;int*
;CCutScene::Load;0x41d850;0x80;__thiscall;;uchar;CCutScene*;void*;uint;int
;FUN_0041d8e0;0x41d8e0;0xa;__stdcall;;uchar
;FUN_0041d8f0;0x41d8f0;0xc;__stdcall;;uchar
;FUN_0041d920;0x41d920;0xa;__stdcall;;uchar
;FUN_0041d930;0x41d930;0xc;__stdcall;;uchar
;CCutSceneFx::CCutSceneFx;0x41d980;0x99;__thiscall;;CCutSceneFx*;CCutSceneFx*
;CCutSceneFx::scalar_destructor;0x41da20;0x1e;__thiscall;;CCutSceneFx*;CCutSceneFx*;uchar
;CCutSceneFx::~CCutSceneFx;0x41da40;0x3b;__thiscall;;uchar;CCutSceneFx*
?EXP@CCutSceneFx@@QAEPAXXZ;CCutSceneFx::EXP;0x41da80;0x5a;__thiscall;;void*;CCutSceneFx*
;CCutSceneFx::OnLoadChunk;0x41dae0;0x325;__thiscall;;uchar;CCutSceneFx*;uint;int;uint;void*
;FUN_0041de10;0x41de10;0x3;__stdcall;;uchar
;FUN_0041de20;0x41de20;0x23;__fastcall;;int;int
;FUN_0041de50;0x41de50;0x3f;__stdcall;;uint*;uint*;uint*;uint*
;FUN_0041de90;0x41de90;0x32;__stdcall;;uchar;uint*;int;uint*
;FUN_0041df10;0x41df10;0xa;__stdcall;;uchar
;FUN_0041df20;0x41df20;0xc;__stdcall;;uchar
;FUN_0041df50;0x41df50;0xa;__stdcall;;uchar
;FUN_0041df60;0x41df60;0xc;__stdcall;;uchar
;CPlanszaEdu::CPlanszaEdu;0x41df80;0xec;__thiscall;;CPlanszaEdu*;CPlanszaEdu*
;CPlanszaEdu::scalar_destructor;0x41e070;0x1e;__thiscall;;CPlanszaEdu*;CPlanszaEdu*;uchar
;CPlanszaEdu::~CPlanszaEdu;0x41e090;0xc;__thiscall;;uchar;CPlanszaEdu*
?EXP@CPlanszaEdu@@QAEPAXXZ;CPlanszaEdu::EXP;0x41e0a0;0x5a;__thiscall;;void*;CPlanszaEdu*
;CPlanszaEdu::OnActivate;0x41e100;0xa5;__thiscall;;void;CPlanszaEdu*
;CPlanszaEdu::OnActivateLevel;0x41e1b0;0x10a8;__thiscall;;uchar;CPlanszaEdu*
;FUN_0041f260;0x41f260;0x16d;__fastcall;;uchar;int
;FUN_0041f3d0;0x41f3d0;0xa1;__fastcall;;uchar;int
;FUN_0041f480;0x41f480;0x3b;__fastcall;;uchar;int
;FUN_0041f4c0;0x41f4c0;0x4f3;__fastcall;;uchar;uchar
;FUN_0041f9c0;0x41f9c0;0x13;__fastcall;;uchar;int
;FUN_0041f9e0;0x41f9e0;0x34;__fastcall;;uchar;uchar
;FUN_0041fa20;0x41fa20;0x4e;__thiscall;;uchar;void*;int
;CPlanszaEdu::OnPlaySoundEnd;0x41fa70;0x27;__thiscall;;uchar;CPlanszaEdu*;int
;CPlanszaEdu::OnInputMouse;0x41faa0;0x2a;__thiscall;;uchar;CPlanszaEdu*;uint;uint;char
;CPlanszaEdu::OnInputKey;0x41fad0;0x1e1;__thiscall;;uchar;CPlanszaEdu*;int
;CPlanszaEdu::FUN0041fcc0;0x41fcc0;0x350;__thiscall;;void;CPlanszaEdu*
;FUN_00420010;0x420010;0x245;__fastcall;;uchar;uchar
;CPlanszaEdu::OnMouseArrive;0x420260;0x332;__thiscall;;uchar;CPlanszaEdu*;int
;CPlanszaEdu::OnMouseLeave;0x4205a0;0x3c;__thiscall;;uchar;CPlanszaEdu*;int
;CPlanszaEdu::OnFrame;0x4205e0;0x14f;__thiscall;;void;CPlanszaEdu*
;CPlanszaEdu::OnCollisionObject;0x420730;0x68;__thiscall;;uchar;CPlanszaEdu*;int*
;CPlanszaEdu::OnLoadChunk;0x4207a0;0x24;__thiscall;;uchar;CPlanszaEdu*;uint;int;uint;void*
;FUN_004207e0;0x4207e0;0xa;__stdcall;;uchar
;FUN_004207f0;0x4207f0;0xc;__stdcall;;uchar
;FUN_00420820;0x420820;0xa;__stdcall;;uchar
;FUN_00420830;0x420830;0xc;__stdcall;;uchar
;CPlanszaZadanie01::CPlanszaZadanie01;0x420880;0xdf;__thiscall;;CPlanszaZadanie01*;CPlanszaZadanie01*
;CPlanszaZadanie01::scalar_destructor;0x420960;0x1e;__thiscall;;CPlanszaZadanie01*;CPlanszaZadanie01*;uchar
;CPlanszaZadanie01::~CPlanszaZadanie01;0x420980;0xc;__thiscall;;uchar;CPlanszaZadanie01*
?EXP@CPlanszaZadanie01@@QAEPAXXZ;CPlanszaZadanie01::EXP;0x420990;0x5a;__thiscall;;void*;CPlanszaZadanie01*
;CPlanszaZadanie01::OnActivate;0x4209f0;0xec;__thiscall;;void;CPlanszaZadanie01*
;CPlanszaZadanie01::OnActivateLevel;0x420ae0;0x5f7;__thiscall;;void;CPlanszaZadanie01*
;FUN_004210e0;0x4210e0;0x16d;__fastcall;;uchar;int
;FUN_00421250;0x421250;0xa1;__fastcall;;uchar;int
;FUN_00421300;0x421300;0x3b;__fastcall;;uchar;int
;FUN_00421340;0x421340;0x17c;__fastcall;;uchar;uchar
;FUN_004214c0;0x4214c0;0x176;__fastcall;;uchar;uchar
;CPlanszaZadanie01::OnFrame;0x421640;0x14f;__thiscall;;void;CPlanszaZadanie01*
;CPlanszaZadanie01::OnMouseArrive;0x421790;0xec;__thiscall;;uchar;CPlanszaZadanie01*;int
;CPlanszaZadanie01::OnMouseLeave;0x421880;0x3c;__thiscall;;uchar;CPlanszaZadanie01*;int
;CPlanszaZadanie01::OnInputMouse;0x4218c0;0x239;__thiscall;;uchar;CPlanszaZadanie01*;uint;uint;char
;CPlanszaZadanie01::OnPlaySoundEnd;0x421b00;0x99;__thiscall;;uchar;CPlanszaZadanie01*;int
;FUN_00421ba0;0x421ba0;0x13;__fastcall;;uchar;int
;FUN_00421bc0;0x421bc0;0x34;__fastcall;;uchar;uchar
;FUN_00421c00;0x421c00;0x4e;__thiscall;;uchar;void*;int
;FUN_00421c50;0x421c50;0x124;__fastcall;;uchar;uchar
;CPlanszaZadanie01::OnCollisionObject;0x421d80;0x4c;__thiscall;;uchar;CPlanszaZadanie01*;int*
;CPlanszaZadanie01::Load;0x421dd0;0x34;__thiscall;;uchar;CPlanszaZadanie01*;void*;uint;int
;FUN_00421e20;0x421e20;0xa;__stdcall;;uchar
;FUN_00421e30;0x421e30;0xc;__stdcall;;uchar
;FUN_00421e60;0x421e60;0xa;__stdcall;;uchar
;FUN_00421e70;0x421e70;0xc;__stdcall;;uchar
;CPlanszaZadanie02::CPlanszaZadanie02;0x421ec0;0x103;__thiscall;;CPlanszaZadanie02*;CPlanszaZadanie02*
;CPlanszaZadanie02::scalar_destructor;0x421fd0;0x1e;__thiscall;;CPlanszaZadanie02*;CPlanszaZadanie02*;uchar
;CPlanszaZadanie02::~CPlanszaZadanie02;0x421ff0;0xc;__thiscall;;uchar;CPlanszaZadanie02*
?EXP@CPlanszaZadanie02@@QAEPAXXZ;CPlanszaZadanie02::EXP;0x422000;0x5a;__thiscall;;void*;CPlanszaZadanie02*
;CPlanszaZadanie02::OnActivate;0x422060;0xec;__thiscall;;void;CPlanszaZadanie02*
;CPlanszaZadanie02::OnActivateLevel;0x422150;0x681;__thiscall;;void;CPlanszaZadanie02*
;FUN_004227e0;0x4227e0;0x16d;__fastcall;;uchar;int
;FUN_00422950;0x422950;0xa1;__fastcall;;uchar;int
;FUN_00422a00;0x422a00;0x3b;__fastcall;;uchar;int
;FUN_00422a40;0x422a40;0x283;__fastcall;;uchar;uchar
;FUN_00422cd0;0x422cd0;0x185;__fastcall;;uchar;uchar
;FUN_00422e60;0x422e60;0x38;__fastcall;;uchar;int
;CPlanszaZadanie02::OnInputMouse;0x422ea0;0x367;__thiscall;;uchar;CPlanszaZadanie02*;uint;uint;char
;FUN_00423210;0x423210;0x14e;__fastcall;;uchar;uchar
;FUN_00423360;0x423360;0x13;__fastcall;;uchar;int
;FUN_00423380;0x423380;0x29;__fastcall;;uchar;uchar
;FUN_004233b0;0x4233b0;0x5f;__thiscall;;uchar;void*;int
;CPlanszaZadanie02::OnPlaySoundEnd;0x423410;0x75;__thiscall;;uchar;CPlanszaZadanie02*;int
;CPlanszaZadanie02::OnFrame;0x423490;0x220;__thiscall;;void;CPlanszaZadanie02*
;CPlanszaZadanie02::OnMouseArrive;0x4236b0;0x108;__thiscall;;uchar;CPlanszaZadanie02*;int
;CPlanszaZadanie02::OnMouseLeave;0x4237c0;0x3c;__thiscall;;uchar;CPlanszaZadanie02*;int
;CPlanszaZadanie02::OnCollisionObject;0x423800;0x4c;__thiscall;;uchar;CPlanszaZadanie02*;int*
;CPlanszaZadanie02::Load;0x423850;0x34;__thiscall;;uchar;CPlanszaZadanie02*;void*;uint;int
;FUN_004238a0;0x4238a0;0xa;__stdcall;;uchar
;FUN_004238b0;0x4238b0;0xc;__stdcall;;uchar
;FUN_004238e0;0x4238e0;0xa;__stdcall;;uchar
;FUN_004238f0;0x4238f0;0xc;__stdcall;;uchar
;CPlanszaZadanie04::CPlanszaZadanie04;0x423940;0xaf;__thiscall;;CPlanszaZadanie04*;CPlanszaZadanie04*
;CPlanszaZadanie04::scalar_destructor;0x4239f0;0x1e;__thiscall;;CPlanszaZadanie04*;CPlanszaZadanie04*;uchar
;CPlanszaZadanie04::~CPlanszaZadanie04;0x423a10;0xc;__thiscall;;uchar;CPlanszaZadanie04*
?EXP@CPlanszaZadanie04@@QAEPAXXZ;CPlanszaZadanie04::EXP;0x423a20;0x5a;__thiscall;;void*;CPlanszaZadanie04*
;CPlanszaZadanie04::OnActivate;0x423a80;0xec;__thiscall;;void;CPlanszaZadanie04*
;CPlanszaZadanie04::OnActivateLevel;0x423b70;0x535;__thiscall;;void;CPlanszaZadanie04*
;FUN_004240b0;0x4240b0;0x3b;__fastcall;;uchar;int
;FUN_004240f0;0x4240f0;0x16b;__fastcall;;uchar;uchar
;FUN_00424260;0x424260;0x2e;__fastcall;;uchar;int
;CPlanszaZadanie04::OnPlaySoundEnd;0x424290;0x75;__thiscall;;uchar;CPlanszaZadanie04*;int
;FUN_00424310;0x424310;0x167;__fastcall;;uchar;uchar
;CPlanszaZadanie04::OnMouseArrive;0x424480;0xe9;__thiscall;;uchar;CPlanszaZadanie04*;int
;CPlanszaZadanie05::OnMouseLeave;0x424570;0x3c;__thiscall;;uchar;CPlanszaZadanie05*;int
;CPlanszaZadanie04::OnInputMouse;0x4245b0;0x36d;__thiscall;;uchar;CPlanszaZadanie04*;uint;uint;char
;CPlanszaZadanie04::OnFrame;0x424920;0x1f7;__thiscall;;void;CPlanszaZadanie04*
;FUN_00424b20;0x424b20;0x13;__fastcall;;uchar;int
;FUN_00424b40;0x424b40;0x29;__fastcall;;uchar;uchar
;FUN_00424b70;0x424b70;0x5f;__thiscall;;uchar;void*;int
;FUN_00424bd0;0x424bd0;0x118;__fastcall;;uchar;uchar
;CPlanszaZadanie04::OnCollisionObject;0x424cf0;0x4c;__thiscall;;uchar;CPlanszaZadanie04*;int*
;CPlanszaZadanie04::Load;0x424d40;0x34;__thiscall;;uchar;CPlanszaZadanie04*;void*;uint;int
;FUN_00424d90;0x424d90;0xa;__stdcall;;uchar
;FUN_00424da0;0x424da0;0xc;__stdcall;;uchar
;FUN_00424dd0;0x424dd0;0xa;__stdcall;;uchar
;FUN_00424de0;0x424de0;0xc;__stdcall;;uchar
;CPlanszaZadanie05::CPlanszaZadanie05;0x424e30;0xc7;__thiscall;;CPlanszaZadanie05*;CPlanszaZadanie05*
;CPlanszaZadanie05::scalar_destructor;0x424f00;0x1e;__thiscall;;CPlanszaZadanie05*;CPlanszaZadanie05*;uchar
;CPlanszaZadanie05::~CPlanszaZadanie05;0x424f20;0xc;__thiscall;;uchar;CPlanszaZadanie05*
?EXP@CPlanszaZadanie05@@QAEPAXXZ;CPlanszaZadanie05::EXP;0x424f30;0x5a;__thiscall;;void*;CPlanszaZadanie05*
;CPlanszaZadanie05::OnActivate;0x424f90;0xec;__fastcall;;uchar;uchar
;CPlanszaZadanie05::OnActivateLevel;0x425080;0x5e6;__thiscall;;void;CPlanszaZadanie05*
;FUN_00425670;0x425670;0x16d;__fastcall;;uchar;int
;FUN_004257e0;0x4257e0;0xa1;__fastcall;;uchar;int
;FUN_00425890;0x425890;0x17c;__fastcall;;uchar;uchar
;CPlanszaZadanie05::OnPlaySoundEnd;0x425a10;0x75;__thiscall;;uchar;CPlanszaZadanie05*;int
;FUN_00425a90;0x425a90;0x176;__fastcall;;uchar;uchar
;FUN_00425c10;0x425c10;0x13;__fastcall;;uchar;int
;FUN_00425c30;0x425c30;0x29;__fastcall;;uchar;uchar
;FUN_00425c60;0x425c60;0x5f;__thiscall;;uchar;void*;int
;FUN_00425cc0;0x425cc0;0x14a;__fastcall;;uchar;uchar
;CPlanszaZadanie05::OnFrame;0x425e10;0x14f;__fastcall;;uchar;cMagGameObject*
;CPlanszaZadanie05::OnMouseArrive;0x425f60;0xec;__thiscall;;uchar;CPlanszaZadanie05*;int
;CPlanszaZadanie05::OnInputMouse;0x426050;0x227;__thiscall;;uchar;CPlanszaZadanie05*;uint;uint;char
;CPlanszaZadanie05::OnCollisionObject;0x426280;0x4c;__thiscall;;uchar;CPlanszaZadanie05*;int*
?OnLoadChunk@CArmata@@UAEXU_ED_CHUNK@@AAV?$basic_ifstream@DU?$char_traits@D@std@@@std@@@Z;CArmata::OnLoadChunk;0x4262d0;0x2a;__thiscall;;void;CArmata*;_ED_CHUNK;std::ifstream&
?OnLoadChunk@CBlokadaLevel1@@UAEXU_ED_CHUNK@@AAV?$basic_ifstream@DU?$char_traits@D@std@@@std@@@Z;CBlokadaLevel1::OnLoadChunk;0x4262d0;0x2a;__thiscall;;void;CBlokadaLevel1*;_ED_CHUNK;std::ifstream&
?OnLoadChunk@CBlokadaLevel3@@UAEXU_ED_CHUNK@@AAV?$basic_ifstream@DU?$char_traits@D@std@@@std@@@Z;CBlokadaLevel3::OnLoadChunk;0x4262d0;0x2a;__thiscall;;void;CBlokadaLevel3*;_ED_CHUNK;std::ifstream&
?OnLoadChunk@CBlokadaLevel3_1@@UAEXU_ED_CHUNK@@AAV?$basic_ifstream@DU?$char_traits@D@std@@@std@@@Z;CBlokadaLevel3_1::OnLoadChunk;0x4262d0;0x2a;__thiscall;;void;CBlokadaLevel3_1*;_ED_CHUNK;std::ifstream&
?OnLoadChunk@CBlokadaLevel4@@UAEXU_ED_CHUNK@@AAV?$basic_ifstream@DU?$char_traits@D@std@@@std@@@Z;CBlokadaLevel4::OnLoadChunk;0x4262d0;0x2a;__thiscall;;void;CBlokadaLevel4*;_ED_CHUNK;std::ifstream&
?OnLoadChunk@CBlokadaLevel4_1@@UAEXU_ED_CHUNK@@AAV?$basic_ifstream@DU?$char_traits@D@std@@@std@@@Z;CBlokadaLevel4_1::OnLoadChunk;0x4262d0;0x2a;__thiscall;;void;CBlokadaLevel4_1*;_ED_CHUNK;std::ifstream&
?OnLoadChunk@CBlokadaLevel5@@UAEXU_ED_CHUNK@@AAV?$basic_ifstream@DU?$char_traits@D@std@@@std@@@Z;CBlokadaLevel5::OnLoadChunk;0x4262d0;0x2a;__thiscall;;void;CBlokadaLevel5*;_ED_CHUNK;std::ifstream&
?OnLoadChunk@CBlokadaLevel6@@UAEXU_ED_CHUNK@@AAV?$basic_ifstream@DU?$char_traits@D@std@@@std@@@Z;CBlokadaLevel6::OnLoadChunk;0x4262d0;0x2a;__thiscall;;void;CBlokadaLevel6*;_ED_CHUNK;std::ifstream&
;CPlanszaZadanie01::Save;0x426300;0xa4;__thiscall;;uchar;CPlanszaZadanie01*;int*
;CPlanszaZadanie05::Load;0x4263b0;0x34;__thiscall;;uchar;CPlanszaZadanie05*;void*;uint;int
;FUN_00426400;0x426400;0xa;__stdcall;;uchar
;FUN_00426410;0x426410;0xc;__stdcall;;uchar
;FUN_00426440;0x426440;0xa;__stdcall;;uchar
;FUN_00426450;0x426450;0xc;__stdcall;;uchar
;CWindowExitYesNo::CWindowExitYesNo;0x4264a0;0x90;__thiscall;;CWindowExitYesNo*;CWindowExitYesNo*
;CWindowExitYesNo::scalar_destructor;0x426530;0x1e;__thiscall;;cMagSprite*;CWindowExitYesNo*;uchar
;CWindowExitYesNo::~CWindowExitYesNo;0x426550;0xc;__thiscall;;void;CWindowExitYesNo*
;CWindowExitYesNo::OnActivate;0x426560;0x47c;__thiscall;;void;CWindowExitYesNo*
;FUN_004269e0;0x4269e0;0x189;__thiscall;;uchar;void*;uint
;FUN_00426b70;0x426b70;0xcf;__fastcall;;uchar;uchar
;FUN_00426c40;0x426c40;0x7;__fastcall;;uchar;int
;FUN_00426c50;0x426c50;0x16d;__fastcall;;uchar;int
;FUN_00426dc0;0x426dc0;0xa1;__fastcall;;uchar;int
;FUN_00426e70;0x426e70;0x3b;__fastcall;;uchar;int
;CWindowExitYesNo::OnFrame;0x426eb0;0xee;__thiscall;;void;CWindowExitYesNo*
;FUN_00426fa0;0x426fa0;0x85;__fastcall;;uchar;uchar
;CWindowExitYesNo::OnMouseArrive;0x427030;0xf2;__thiscall;;uchar;CWindowExitYesNo*;int
;CWindowExitYesNo::OnMouseLeave;0x427130;0x5a;__thiscall;;uchar;CWindowExitYesNo*;int
;CWindowExitYesNo::OnInputMouse;0x427190;0xae;__thiscall;;uchar;CWindowExitYesNo*;uint;uint;char
;FUN_00427250;0x427250;0xa;__stdcall;;uchar
;FUN_00427260;0x427260;0xc;__stdcall;;uchar
;FUN_00427290;0x427290;0xa;__stdcall;;uchar
;FUN_004272a0;0x4272a0;0xc;__stdcall;;uchar
??0COknoTajnyKod@@QAE@PAVCPlayerTPP@@@Z;COknoTajnyKod::COknoTajnyKod;0x4272f0;0x5d;__thiscall;;COknoTajnyKod*;COknoTajnyKod*;CPlayerTPP*
??_GCOknoTajnyKod@@UAEPAXI@Z;COknoTajnyKod::scalar_destructor;0x427350;0x1e;__thiscall;;cMagSprite*;COknoTajnyKod*;uchar
??1COknoTajnyKod@@UAE@XZ;COknoTajnyKod::~COknoTajnyKod;0x427370;0xc;__thiscall;;void;COknoTajnyKod*
?OnActivate@COknoTajnyKod@@UAEXXZ;COknoTajnyKod::OnActivate;0x427380;0x2d1;__thiscall;;void;COknoTajnyKod*
?DisableWindow@COknoTajnyKod@@QAEXXZ;COknoTajnyKod::FUN00427660;0x427660;0x89;__thiscall;;void;COknoTajnyKod*
?PrepareCursors@COknoTajnyKod@@QAEXXZ;COknoTajnyKod::FUN004276f0;0x4276f0;0x16d;__thiscall;;void;COknoTajnyKod*
?ChangeActiveCursor@COknoTajnyKod@@QAEXXZ;COknoTajnyKod::FUN00427860;0x427860;0xa1;__thiscall;;void;COknoTajnyKod*
?ActivateDefaultCursor@COknoTajnyKod@@QAEXXZ;COknoTajnyKod::FUN00427910;0x427910;0x3b;__thiscall;;void;COknoTajnyKod*
?OnFrame@COknoTajnyKod@@UAEXXZ;COknoTajnyKod::OnFrame;0x427950;0xee;__thiscall;;void;COknoTajnyKod*
?OnMouseArrive@COknoTajnyKod@@UAEXH@Z;COknoTajnyKod::OnMouseArrive;0x427a40;0x57;__thiscall;;void;COknoTajnyKod*;int
?OnMouseLeave@COknoTajnyKod@@UAEXH@Z;COknoTajnyKod::OnMouseLeave;0x427aa0;0x3c;__thiscall;;void;COknoTajnyKod*;int
?PrepareExitSound@COknoTajnyKod@@QAEXXZ;COknoTajnyKod::FUN00427ae0;0x427ae0;0x54;__thiscall;;void;COknoTajnyKod*
?OnInputMouse@COknoTajnyKod@@UAEXMM_N0@Z;COknoTajnyKod::OnInputMouse;0x427b40;0x3c;__thiscall;;void;COknoTajnyKod*;float;float;bool;bool
?OnInputKey@COknoTajnyKod@@UAEXPAE@Z;COknoTajnyKod::OnInputKey;0x427b80;0x5f;__thiscall;;void;COknoTajnyKod*;uchar*
;FUN_00427c20;0x427c20;0xa;__stdcall;;uchar
;FUN_00427c30;0x427c30;0xc;__stdcall;;uchar
;FUN_00427c60;0x427c60;0xa;__stdcall;;uchar
;FUN_00427c70;0x427c70;0xc;__stdcall;;uchar
;FUN_00427c90;0x427c90;0x133;__thiscall;;uchar;void*;char*
;FUN_00427dd0;0x427dd0;0x64;__thiscall;;uchar;void*;char;char*
;FUN_00427e80;0x427e80;0xa;__stdcall;;uchar
;FUN_00427e90;0x427e90;0xc;__stdcall;;uchar
;FUN_00427ec0;0x427ec0;0xa;__stdcall;;uchar
;FUN_00427ed0;0x427ed0;0xc;__stdcall;;uchar
;cHudInfo::cHudInfo;0x427ef0;0x1ed;__thiscall;;cHudInfo*;cHudInfo*
;cHudInfo::scalar_destructor;0x4280e0;0x1e;__thiscall;;cMagSprite*;cHudInfo*;uchar
;FUN_00428100;0x428100;0x72;__fastcall;;uchar;int
;cHudInfo::~cHudInfo;0x428180;0x189;__thiscall;;void;cHudInfo*
;cHudInfo::OnActivateLevel;0x428310;0xc8;__thiscall;;void;cHudInfo*
;cHudInfo::OnFrame;0x4283e0;0x5f;__thiscall;;void;cHudInfo*
;FUN_00428440;0x428440;0x91;__thiscall;;uchar;void*;uint;int;int
;FUN_004284e0;0x4284e0;0x3af;__thiscall;;uchar;void*;void*
;FUN_00428890;0x428890;0x3d5;__thiscall;;uchar;void*;char*
;FUN_00428c80;0x428c80;0x1de;__thiscall;;uchar;void*;char*
;FUN_00428e60;0x428e60;0x69b;__thiscall;;uint;void*;int*;cMagLog*
;FUN_00429500;0x429500;0x14a;__thiscall;;void*;void*;void*
;FUN_00429650;0x429650;0x1e8;__thiscall;;uint;void*;float*;char*;int*
;FUN_00429840;0x429840;0x2b2;__thiscall;;uint;void*;float*;char*;int*
;FUN_00429b00;0x429b00;0x73;__thiscall;;uint;void*;float*;char*;int*
;FUN_00429b80;0x429b80;0x22e;__thiscall;;uchar;void*;char*
;FUN_00429db0;0x429db0;0x6f;__fastcall;;uchar;cMagSprite*
;FUN_00429e20;0x429e20;0x60;__fastcall;;uchar;int
;FUN_00429e80;0x429e80;0x38;__fastcall;;uchar;int
;FUN_00429ec0;0x429ec0;0x3b;__fastcall;;uchar;int
;FUN_00429f00;0x429f00;0xc5;__thiscall;;void*;void*;uint;uchar
;FUN_00429fd0;0x429fd0;0x200;__thiscall;;void*;void*;void*;uint;uint
;FUN_0042a1d0;0x42a1d0;0x82;__thiscall;;uint;void*;char*;uint;uint
;FUN_0042a260;0x42a260;0x4b;__stdcall;;uchar;int;int
;FUN_0042a2b0;0x42a2b0;0x21;__stdcall;;uchar;int;int
;FUN_0042a2e0;0x42a2e0;0x24;__stdcall;;uchar;int;int
;FUN_0042a310;0x42a310;0x2b2;__thiscall;;uchar;void*;uchar*;uchar*;uchar*
;FUN_0042a5d0;0x42a5d0;0x314;__thiscall;;uchar;void*;uchar*;uchar*;uchar*
;FUN_0042a8f0;0x42a8f0;0x3fb;__thiscall;;uchar;void*;uint*;uint;uint*
;FUN_0042acf0;0x42acf0;0x155;__cdecl;;void*;void*;void*;void*
;FUN_0042ae50;0x42ae50;0x163;__cdecl;;uchar;uchar*;uchar*
;FUN_0042afc0;0x42afc0;0x14e;__cdecl;;uchar;uchar*;uchar*
;FUN_0042b110;0x42b110;0x20d;__cdecl;;uchar;uint*;uint*
;FUN_0042b320;0x42b320;0x117;__thiscall;;void*;void*;uint;uint
;FUN_0042b440;0x42b440;0x6;__stdcall;;uchar*
;FUN_0042b450;0x42b450;0xd;__cdecl;;uchar;uchar*;uchar*
;FUN_0042b460;0x42b460;0x260;__thiscall;;uchar*;void*;int
;FUN_0042b6c0;0x42b6c0;0x38;__stdcall;;uchar*;uchar*;uchar*;uchar*
;FUN_0042b700;0x42b700;0x53;__thiscall;;uchar*;void*;uchar
;FUN_0042b760;0x42b760;0x1e;__thiscall;;uchar*;void*;uchar
;FUN_0042b780;0x42b780;0x208;__thiscall;;int;void*;int
;FUN_0042b9d0;0x42b9d0;0xa;__stdcall;;uchar
;FUN_0042b9e0;0x42b9e0;0xc;__stdcall;;uchar
;FUN_0042ba10;0x42ba10;0xa;__stdcall;;uchar
;FUN_0042ba20;0x42ba20;0xc;__stdcall;;uchar
;FUN_0042ba40;0x42ba40;0x16c;__cdecl;;uchar*;uchar*;uchar*
;cTextInfo::cTextInfo;0x42bbb0;0x4f;__thiscall;;cTextInfo*;cTextInfo*
;cTextInfo::scalar_destructor;0x42bc00;0x1e;__thiscall;;cTextInfo*;cTextInfo*;uchar
;cTextInfo::~cTextInfo;0x42bc20;0xc;__thiscall;;uchar;cTextInfo*
?EXP@cTextInfo@@QAEPAXXZ;cTextInfo::EXP;0x42bc30;0x5a;__thiscall;;void*;cTextInfo*
;cTextInfo::OnActivateLevel;0x42bc90;0x12a;__thiscall;;void;cTextInfo*
;cTextInfo::OnAction;0x42bdc0;0x90;__thiscall;;void;cTextInfo*
;cTextInfo::OnFrame;0x42be50;0x76;__thiscall;;void;cTextInfo*
;cTextInfo::OnPlaySoundEnd;0x42bed0;0x2a;__thiscall;;uchar;cTextInfo*;int
;cTextInfo::OnCollisionObject;0x42bf00;0x1e5;__thiscall;;uchar;cTextInfo*;int*
;cTextInfo::OnNumPadExit;0x42c0f0;0x21;__thiscall;;void;cTextInfo*
;cTextInfo::OnNumPadCodeCorrect;0x42c120;0x137;__thiscall;;void;cTextInfo*
;cTextInfo::OnLoadChunk;0x42c260;0x2a;__thiscall;;uchar;cTextInfo*;uint;int;uint;void*
;cTextInfo::Save;0x42c290;0xb5;__thiscall;;uchar;cTextInfo*;int*
;cTextInfo::Load;0x42c350;0x78;__thiscall;;uchar;cTextInfo*;void*;int;int;int
;FUN_0042c410;0x42c410;0xa;__stdcall;;uchar
;FUN_0042c420;0x42c420;0xc;__stdcall;;uchar
;FUN_0042c450;0x42c450;0xa;__stdcall;;uchar
;FUN_0042c460;0x42c460;0xc;__stdcall;;uchar
;CHudGratka::CHudGratka;0x42c480;0xef;__thiscall;;CHudGratka*;CHudGratka*
;CHudGratka::scalar_destructor;0x42c570;0x1e;__thiscall;;CHudGratka*;CHudGratka*;uchar
;CHudGratka::~CHudGratka;0x42c590;0xc;__thiscall;;void;CHudGratka*
;CHudGratka::OnActivate;0x42c5a0;0x689;__thiscall;;void;CHudGratka*
;CHudGratka::FUN0042cc30;0x42cc30;0x47;__thiscall;;void;CHudGratka*;bool
;FUN_0042cc80;0x42cc80;0x60;__thiscall;;uchar;void*;int;char
;FUN_0042cce0;0x42cce0;0x3;__stdcall;;uchar
;CHudGratka::OnActivateLevel;0x42ccf0;0x10a;__thiscall;;void;CHudGratka*
;CHudGratka::OnFrame;0x42ce00;0x71;__thiscall;;void;CHudGratka*
;CHudGratka::FUN0042ce80;0x42ce80;0xb5;__thiscall;;uchar;CHudGratka*;int
;CHudGratka::FUN0042cf40;0x42cf40;0xb5;__thiscall;;uchar;CHudGratka*;int
;CHudGratka::FUN0042d000;0x42d000;0x29;__thiscall;;uchar;CHudGratka*
;CHudGratka::FUN0042d030;0x42d030;0xf9;__thiscall;;uchar;CHudGratka*
;FUN_0042d130;0x42d130;0x7f;__fastcall;;uchar;cMagSprite*
;FUN_0042d1b0;0x42d1b0;0x16f;__fastcall;;uchar;cMagSprite*
;FUN_0042d320;0x42d320;0x14;__fastcall;;uchar;void*
;FUN_0042d340;0x42d340;0x1d;__thiscall;;uchar;void*;int
;CHudGratka::FUN0042d360;0x42d360;0xe9;__thiscall;;uchar;CHudGratka*;int
;CHudGratka::FUN0042d450;0x42d450;0x7;__thiscall;;uint;CHudGratka*
;CHudGratka::FUN0042d460;0x42d460;0xdc;__thiscall;;uchar;CHudGratka*;int
;FUN_0042d540;0x42d540;0x4c;__thiscall;;uchar;void*;char
;FUN_0042d590;0x42d590;0x145;__thiscall;;uchar;void*;char
;CHudGratka::FUN0042d6e0;0x42d6e0;0x42;__thiscall;;uchar;CHudGratka*
;CHudGratka::FUN0042d730;0x42d730;0x18;__thiscall;;void;CHudGratka*;bool
;CHudGratka::FUN0042d750;0x42d750;0x28;__thiscall;;void;CHudGratka*;bool
;CHudGratka::FUN0042d780;0x42d780;0x85;__thiscall;;int;CHudGratka*;char*
;CHudGratka::FUN0042d810;0x42d810;0x3e;__thiscall;;void;CHudGratka*
;CHudGratka::FUN0042d850;0x42d850;0x24;__thiscall;;void;CHudGratka*
;FUN_0042d890;0x42d890;0xa;__stdcall;;uchar
;FUN_0042d8a0;0x42d8a0;0xc;__stdcall;;uchar
;FUN_0042d8d0;0x42d8d0;0xa;__stdcall;;uchar
;FUN_0042d8e0;0x42d8e0;0xc;__stdcall;;uchar
;FUN_0042d930;0x42d930;0x25b;__fastcall;;uchar;uchar
;CHudGratka::FUN0042db90;0x42db90;0x17a;__thiscall;;void;CHudGratka*;bool;D3DXVECTOR3
;CHudGratka::FUN0042dd10;0x42dd10;0x4d;__thiscall;;void;CHudGratka*
;CHudGratka::FUN0042dd60;0x42dd60;0x242;__thiscall;;void;CHudGratka*;bool
;CHudGratka::FUN0042dfb0;0x42dfb0;0x80;__thiscall;;void;CHudGratka*;bool
;CHudGratka::FUN0042e030;0x42e030;0x64;__thiscall;;void;CHudGratka*
;CHudGratka::FUN0042e0a0;0x42e0a0;0x7;__thiscall;;float;CHudGratka*
;CHudGratka::FUN0042e0b0;0x42e0b0;0x41;__thiscall;;void;CHudGratka*
;FUN_0042e110;0x42e110;0xa;__stdcall;;uchar
;FUN_0042e120;0x42e120;0xc;__stdcall;;uchar
;FUN_0042e150;0x42e150;0xa;__stdcall;;uchar
;FUN_0042e160;0x42e160;0xc;__stdcall;;uchar
;FUN_0042e1b0;0x42e1b0;0x13e;__thiscall;;uchar;void*;uint
;FUN_0042e2f0;0x42e2f0;0xd;__thiscall;;uchar;void*;uint
;FUN_0042e300;0x42e300;0x40;__thiscall;;uchar;void*;char
;FUN_0042e350;0x42e350;0xa;__stdcall;;uchar
;FUN_0042e360;0x42e360;0xc;__stdcall;;uchar
;FUN_0042e390;0x42e390;0xa;__stdcall;;uchar
;FUN_0042e3a0;0x42e3a0;0xc;__stdcall;;uchar
;CMenuNetwork::CMenuNetwork;0x42e3f0;0xa9;__thiscall;;CMenuNetwork*;CMenuNetwork*
;CMenuNetwork::scalar_destructor;0x42e4a0;0x1e;__thiscall;;cMagSprite*;CMenuNetwork*;uchar
;CMenuNetwork::~CMenuNetwork;0x42e4c0;0xc;__thiscall;;void;CMenuNetwork*
;CMenuNetwork::OnActivate;0x42e4d0;0x400;__thiscall;;void;CMenuNetwork*
;CMenuNetwork::OnActivateLevel;0x42e8d0;0x278;__thiscall;;void;CMenuNetwork*
;CMenuNetwork::OnFrame;0x42eb50;0x153;__thiscall;;void;CMenuNetwork*
;CMenuNetwork::OnButtonDown;0x42ecb0;0x289;__thiscall;;uchar;CMenuNetwork*;cMagSprite*
;FUN_0042ef40;0x42ef40;0x91;__thiscall;;uchar;void*;uint;int
;FUN_0042efe0;0x42efe0;0x24a;__fastcall;;uint;uchar
;FUN_0042f230;0x42f230;0x262;__fastcall;;uint;uchar
;FUN_0042f4b0;0x42f4b0;0xa;__stdcall;;uchar
;FUN_0042f4c0;0x42f4c0;0xc;__stdcall;;uchar
;FUN_0042f4f0;0x42f4f0;0xa;__stdcall;;uchar
;FUN_0042f500;0x42f500;0xc;__stdcall;;uchar
;FUN_0042f550;0x42f550;0xc;__stdcall;;uchar
;FUN_0042f560;0x42f560;0xc;__stdcall;;uchar
;CApplication_Network::CApplication_Network;0x42f570;0xf4;__thiscall;;CApplication_Network*;CApplication_Network*
;CApplication_Network::scalar_destructor;0x42f670;0x1e;__thiscall;;uint*;CApplication_Network*;uchar
;CApplication_Network::~CApplication_Network;0x42f690;0xab;__thiscall;;void;CApplication_Network*
;CApplication_Network::FUN_0042f750;0x42f750;0x8;__thiscall;;uchar;CApplication_Network*
;CApplication_Network::FUN0042f760;0x42f760;0x96;__thiscall;;void;CApplication_Network*;GameSDK*
;CApplication_Network::FUN0042f800;0x42f800;0x246;__thiscall;;void;CApplication_Network*
;CApplication_Network::FUN0042fa50;0x42fa50;0xcf;__thiscall;;void;CApplication_Network*
;CApplication_Network::FUN0042fb20;0x42fb20;0xe9;__thiscall;;uchar;CApplication_Network*;uchar
;CApplication_Network::FUN0042fc10;0x42fc10;0xea;__thiscall;;uchar;CApplication_Network*;uchar;uint
;CApplication_Network::FUN0042fd00;0x42fd00;0x2a3;__thiscall;;void;CApplication_Network*
;CApplication_Network::FUN0042ffb0;0x42ffb0;0x3f;__thiscall;;bool;CApplication_Network*;uchar*;uchar*;uint;int
;CApplication_Network::FUN0042fff0;0x42fff0;0x2c;__thiscall;;int;CApplication_Network*;int
;CApplication_Network::FUN00430020;0x430020;0x38;__thiscall;;int*;CApplication_Network*;int;uint
;CApplication_Network::FUN00430060;0x430060;0x74;__thiscall;;uint;CApplication_Network*;int
;CApplication_Network::FUN00430100;0x430100;0x23;__thiscall;;uchar;CApplication_Network*;int
;CApplication_Network::FUN00430130;0x430130;0x42;__thiscall;;uchar;CApplication_Network*;int
;CApplication_Network::FUN00430180;0x430180;0x7a;__thiscall;;uchar;CApplication_Network*;int
;CApplication_Network::FUN00430200;0x430200;0x20c;__thiscall;;uchar;CApplication_Network*;int
;CApplication_Network::FUN00430410;0x430410;0xbc;__thiscall;;uchar;CApplication_Network*;int
;CApplication_Network::FUN004304d0;0x4304d0;0x1ba;__thiscall;;uchar;CApplication_Network*;int
;cClient::FUN00430690;0x430690;0x1b;__thiscall;;uint;cClient*;int
;cClient::FUN004306b0;0x4306b0;0x1c;__thiscall;;uint;cClient*;int*
;FUN_004306e0;0x4306e0;0xa;__stdcall;;uchar
;FUN_004306f0;0x4306f0;0xc;__stdcall;;uchar
;FUN_00430720;0x430720;0xa;__stdcall;;uchar
;FUN_00430730;0x430730;0xc;__stdcall;;uchar
;FUN_00430780;0x430780;0x8;__stdcall;;uint
;FUN_004307b0;0x4307b0;0x14;__fastcall;;cMagLog*;cMagLog*
;FUN_004307e0;0x4307e0;0x11e;__fastcall;;uint;char*
;FUN_00430900;0x430900;0x1e;__fastcall;;uint;int
;FUN_00430920;0x430920;0x4;__fastcall;;uint;int
;FUN_00430930;0x430930;0x40;__thiscall;;uint;void*;uint;char*
;FUN_00430970;0x430970;0x28;__thiscall;;int;void*;uint
;cNetworkClient::cNetworkClient;0x4309b0;0x39;__thiscall;;cNetworkClient*;cNetworkClient*
;cNetworkClient::~cNetworkClient;0x4309f0;0xb;__thiscall;;void;cNetworkClient*
;FUN_00430a00;0x430a00;0x57;__fastcall;;long;int
;cNetworkClient::FUN00430a60;0x430a60;0x44;__thiscall;;uint;cNetworkClient*
;FUN_00430ab0;0x430ab0;0x314;__thiscall;;uint;void*;uint;uint;int;uchar*;uchar*
;FUN_00430dd0;0x430dd0;0x43;__fastcall;;uint;int
;FUN_00430e20;0x430e20;0x4;__fastcall;;uint;int
;FUN_00430e30;0x430e30;0x46;__thiscall;;int*;void*;uint;uint;uint
;CNetworkMeshObject::CNetworkMeshObject;0x431100;0x48;__thiscall;;CNetworkMeshObject*;CNetworkMeshObject*
;CNetworkMeshObject::scalar_destructor;0x431150;0x1e;__thiscall;;uchar;CNetworkMeshObject*;uchar
;CNetworkMeshObject::~CNetworkMeshObject;0x431170;0xc;__thiscall;;void;CNetworkMeshObject*
;CNetworkMeshObject::OnActivate;0x431180;0x19b;__thiscall;;void;CNetworkMeshObject*
;CNetworkMeshObject::OnActivateLevel;0x431320;0x17c;__thiscall;;void;CNetworkMeshObject*
;CNetworkMeshObject::OnFrame;0x4314a0;0x1b7;__thiscall;;void;CNetworkMeshObject*
;FUN_00431660;0x431660;0x17b;__thiscall;;uchar;void*;char;float;uint;uint;char*
;CNetworkMeshObject::OnOutsideFrustumCull;0x4317e0;0x8;__thiscall;;void;CNetworkMeshObject*
;CNetworkMeshObject::OnInsideFrustumCull;0x4317f0;0x8;__thiscall;;void;CNetworkMeshObject*
;FUN_00431800;0x431800;0xb0;__thiscall;;uchar;void*;char*
;FUN_004318b0;0x4318b0;0xae;__fastcall;;uchar;uchar
;CNetworkMeshObject::OnDestinationPos;0x431960;0xb;__thiscall;;void;CNetworkMeshObject*
;FUN_00431970;0x431970;0x54;__thiscall;;uchar;void*;uint;uint;uint;uint;uint;uint
;FUN_004319d0;0x4319d0;0x54;__thiscall;;uchar;void*;uint;uint;uint;uint;uint;uint
;FUN_00431a30;0x431a30;0x6b;__thiscall;;uchar;void*;uint;uint;uint;uint;uint;uint
;FUN_00431aa0;0x431aa0;0x49;__thiscall;;uchar;void*;uint;uint;uint;uint;uint;uint
;FUN_00431af0;0x431af0;0x51;__fastcall;;uchar;uchar
;FUN_00431b90;0x431b90;0xa;__stdcall;;uchar
;FUN_00431ba0;0x431ba0;0xc;__stdcall;;uchar
;FUN_00431bd0;0x431bd0;0xa;__stdcall;;uchar
;FUN_00431be0;0x431be0;0xc;__stdcall;;uchar
??0_Particles@@QAE@XZ;_Particles::_Particles;0x431c00;0x13;__thiscall;;_Particles*;_Particles*
??_G_Particles@@UAEPAXI@Z;_Particles::scalar_destructor;0x431c20;0x1e;__thiscall;;uchar;_Particles*;uchar
??1_Particles@@UAE@XZ;_Particles::~_Particles;0x431c40;0xc;__thiscall;;void;_Particles*
?EXP@_Particles@@QAEPAXXZ;_Particles::EXP;0x431c50;0x5a;__thiscall;;void*;_Particles*
;FUN_00431cf0;0x431cf0;0xa;__stdcall;;uchar
;FUN_00431d00;0x431d00;0xc;__stdcall;;uchar
;FUN_00431d30;0x431d30;0xa;__stdcall;;uchar
;FUN_00431d40;0x431d40;0xc;__stdcall;;uchar
;CParticlesEmitter::CParticlesEmitter;0x431d60;0x3b;__thiscall;;void*;CParticlesEmitter*
;CParticlesEmitter::scalar_destructor;0x431da0;0x1e;__thiscall;;void*;CParticlesEmitter*;uchar
;CParticlesEmitter::~CParticlesEmitter;0x431dc0;0xb;__thiscall;;uchar;CParticlesEmitter*
?EXP@CParticlesEmitter@@QAEPAXXZ;CParticlesEmitter::EXP;0x431dd0;0x5a;__thiscall;;void*;CParticlesEmitter*
;CParticlesEmitter::OnActivate;0x431e30;0x73;__thiscall;;void;CParticlesEmitter*
;CParticlesEmitter::OnActivateLevel;0x431eb0;0x160;__thiscall;;void;CParticlesEmitter*
;CParticlesEmitter::OnAction;0x432010;0xbb;__thiscall;;void;CParticlesEmitter*
;CParticlesEmitter::OnFrame;0x4320d0;0x100;__thiscall;;void;CParticlesEmitter*
;CParticlesEmitter::OnOutsideFrustumCull;0x4321d0;0xe;__thiscall;;void;CParticlesEmitter*
;CParticlesEmitter::OnInsideFrustumCull;0x4321e0;0xe;__thiscall;;void;CParticlesEmitter*
;FUN_004321f0;0x4321f0;0x2f;__stdcall;;uchar;char*;void*
;FUN_0043221f;0x43221f;0x1dc;__stdcall;;uchar;uint;uint;uint
;CParticlesEmitter::OnLoadChunk;0x432400;0x2a;__thiscall;;uchar;CParticlesEmitter*;uint;int;uint;void*
;CParticlesEmitter::Save;0x432430;0xc4;__thiscall;;uchar;CParticlesEmitter*;int*
;CParticlesEmitter::Load;0x432500;0x7b;__thiscall;;uchar;CParticlesEmitter*;void*;uint;int;int
;FUN_004325c0;0x4325c0;0xa;__stdcall;;uchar
;FUN_004325d0;0x4325d0;0xc;__stdcall;;uchar
;FUN_00432600;0x432600;0xa;__stdcall;;uchar
;FUN_00432610;0x432610;0xc;__stdcall;;uchar
;MyParticle::MyParticle;0x432630;0xbe;__thiscall;;MyParticle*;MyParticle*;char*
;MyParticle::scalar_destructor;0x4326f0;0x1e;__thiscall;;CParticleEmitter*;MyParticle*;uchar
;MyParticle::~MyParticle;0x432710;0xc;__thiscall;;void;MyParticle*
;FUN_00432760;0x432760;0xa;__stdcall;;uchar
;FUN_00432770;0x432770;0xc;__stdcall;;uchar
;FUN_004327a0;0x4327a0;0xa;__stdcall;;uchar
;FUN_004327b0;0x4327b0;0xc;__stdcall;;uchar
??0_PowerUp@@QAE@XZ;_PowerUp::_PowerUp;0x4327d0;0x13;__thiscall;;_PowerUp*;_PowerUp*
??_G_PowerUp@@UAEPAXI@Z;_PowerUp::scalar_destructor;0x4327f0;0x1e;__thiscall;;uchar;_PowerUp*;uchar
??1_PowerUp@@UAE@XZ;_PowerUp::~_PowerUp;0x432810;0xc;__thiscall;;void;_PowerUp*
?EXP@_PowerUp@@QAEPAXXZ;_PowerUp::EXP;0x432820;0x5a;__thiscall;;void*;_PowerUp*
;FUN_004328c0;0x4328c0;0xa;__stdcall;;uchar
;FUN_004328d0;0x4328d0;0xc;__stdcall;;uchar
;FUN_00432900;0x432900;0xa;__stdcall;;uchar
;FUN_00432910;0x432910;0xc;__stdcall;;uchar
;CCheckPiont::CCheckPiont;0x432930;0x13;__thiscall;;CCheckPiont*;CCheckPiont*
;CCheckPiont::scalar_destructor;0x432950;0x1e;__thiscall;;CCheckPiont*;CCheckPiont*;uchar
;CCheckPiont::~CCheckPiont;0x432970;0xc;__thiscall;;uchar;CCheckPiont*
?EXP@CCheckPiont@@QAEPAXXZ;CCheckPiont::EXP;0x432980;0x5a;__thiscall;;void*;CCheckPiont*
?OnActivateLevel@CBlokadaLevel3_1@@UAEXXZ;CBlokadaLevel3_1::OnActivateLevel;0x4329e0;0x10;__thiscall;;void;CBlokadaLevel3_1*
?OnActivateLevel@CBlokadaLevel4_1@@UAEXXZ;CBlokadaLevel4_1::OnActivateLevel;0x4329e0;0x10;__thiscall;;void;CBlokadaLevel4_1*
;CCheckPiont::OnCollisionObject;0x4329f0;0x8f;__thiscall;;uchar;CCheckPiont*;cMagMeshObject*
;FUN_00432ac0;0x432ac0;0xa;__stdcall;;uchar
;FUN_00432ad0;0x432ad0;0xc;__stdcall;;uchar
;FUN_00432b00;0x432b00;0xa;__stdcall;;uchar
;FUN_00432b10;0x432b10;0xc;__stdcall;;uchar
??0CKlucz@@QAE@XZ;CKlucz::CKlucz;0x432b30;0x20;__thiscall;;CKlucz*;CKlucz*
??_GCKlucz@@UAEPAXI@Z;CKlucz::scalar_destructor;0x432b50;0x1e;__thiscall;;CKlucz*;CKlucz*;uchar
??1CKlucz@@UAE@XZ;CKlucz::~CKlucz;0x432b70;0xb;__thiscall;;uchar;CKlucz*
?EXP@CKlucz@@QAEPAXXZ;CKlucz::EXP;0x432b80;0x5a;__thiscall;;void*;CKlucz*
?OnCollisionObject@CKlucz@@UAEXPAVcMagMeshObject@@@Z;CKlucz::OnCollisionObject;0x432be0;0x53;__thiscall;;void;CKlucz*;cMagMeshObject*
?Load@CKlucz@@UAEXAAV?$basic_ifstream@DU?$char_traits@D@std@@@std@@U_ED_CHUNK@@@Z;CKlucz::Load;0x432c40;0xbb;__thiscall;;void;CKlucz*;std::ifstream&;_ED_CHUNK
;FUN_00432d40;0x432d40;0xa;__stdcall;;uchar
;FUN_00432d50;0x432d50;0xc;__stdcall;;uchar
;FUN_00432d80;0x432d80;0xa;__stdcall;;uchar
;FUN_00432d90;0x432d90;0xc;__stdcall;;uchar
??0CKrysztal@@QAE@XZ;CKrysztal::CKrysztal;0x432db0;0x20;__thiscall;;CKrysztal*;CKrysztal*
??_GCKrysztal@@UAEPAXI@Z;CKrysztal::scalar_destructor;0x432dd0;0x1e;__thiscall;;CKrysztal*;CKrysztal*;uchar
??1CKrysztal@@UAE@XZ;CKrysztal::~CKrysztal;0x432df0;0xb;__thiscall;;uchar;CKrysztal*
?EXP@CKrysztal@@QAEPAXXZ;CKrysztal::EXP;0x432e00;0x5a;__thiscall;;void*;CKrysztal*
?OnActivate@CKrysztal@@UAEXXZ;CKrysztal::OnActivate;0x432e60;0x05;__thiscall;;void;CKrysztal*
?OnActivate@CMoneta@@UAEXXZ;CMoneta::OnActivate;0x432e60;0x05;__thiscall;;void;CMoneta*
?OnActivate@CKlucz@@UAEXXZ;CKlucz::OnActivate;0x432e60;0x05;__thiscall;;void;CKlucz*
?Show@CKrysztal@@QAEXXZ;CKrysztal::Show;0x432e70;0xa2;__thiscall;;void;CKrysztal*
?Show@CMoneta@@QAEXXZ;CMoneta::Show;0x432e70;0xa2;__thiscall;;void;CMoneta*
?Show@CKlucz@@QAEXXZ;CKlucz::Show;0x432e70;0xa2;__thiscall;;void;CKlucz*
?Hide@CMoneta@@QAEXXZ;CMoneta::Hide;0x432f20;0x45;__thiscall;;void;CMoneta*
?Hide@CKrysztal@@QAEXXZ;CKrysztal::Hide;0x432f20;0x45;__thiscall;;void;CKrysztal*
?Hide@CKlucz@@QAEXXZ;CKlucz::Hide;0x432f20;0x45;__thiscall;;void;CKlucz*
?OnCollisionObject@CKrysztal@@UAEXPAVcMagMeshObject@@@Z;CKrysztal::OnCollisionObject;0x432f70;0x53;__thiscall;;void;CKrysztal*;cMagMeshObject*
?Save@CKlucz@@UAEXAAV?$basic_ostream@DU?$char_traits@D@std@@@std@@@Z;CKlucz::Save;0x432fd0;0xbd;__thiscall;;void;CKlucz*;std::ostream&
?Save@CKrysztal@@UAEXAAV?$basic_ostream@DU?$char_traits@D@std@@@std@@@Z;CKrysztal::Save;0x432fd0;0xbd;__thiscall;;void;CKrysztal*;std::ostream&
?Load@CKrysztal@@UAEXAAV?$basic_ifstream@DU?$char_traits@D@std@@@std@@U_ED_CHUNK@@@Z;CKrysztal::Load;0x433090;0x72;__thiscall;;uchar;CKrysztal*;std::ifstream&;_ED_CHUNK
;FUN_00433150;0x433150;0xa;__stdcall;;uchar
;FUN_00433160;0x433160;0xc;__stdcall;;uchar
;FUN_00433190;0x433190;0xa;__stdcall;;uchar
;FUN_004331a0;0x4331a0;0xc;__stdcall;;uchar
??0CMoneta@@QAE@XZ;CMoneta::CMoneta;0x4331c0;0x20;__thiscall;;CMoneta*;CMoneta*
??_GCMoneta@@UAEPAXI@Z;CMoneta::scalar_destructor;0x4331e0;0x1e;__thiscall;;CMoneta*;CMoneta*;uchar
??1CMoneta@@UAE@XZ;CMoneta::~CMoneta;0x433200;0xb;__thiscall;;uchar;CMoneta*
?EXP@CMoneta@@QAEPAXXZ;CMoneta::EXP;0x433210;0x5a;__thiscall;;void*;CMoneta*
?OnCollisionObject@CMoneta@@UAEXPAVcMagMeshObject@@@Z;CMoneta::OnCollisionObject;0x433270;0x61;__thiscall;;void;CMoneta*;cMagMeshObject*
?Save@CMoneta@@UAEXAAV?$basic_ostream@DU?$char_traits@D@std@@@std@@@Z;CMoneta::Save;0x4332e0;0xab;__thiscall;;void;CMoneta*;std::ostream&
?Load@CMoneta@@UAEXAAV?$basic_ifstream@DU?$char_traits@D@std@@@std@@U_ED_CHUNK@@@Z;CMoneta::Load;0x433390;0x5a;__thiscall;;void;CMoneta*;std::ifstream&;_ED_CHUNK
;FUN_00433430;0x433430;0xa;__stdcall;;uchar
;FUN_00433440;0x433440;0xc;__stdcall;;uchar
;FUN_00433470;0x433470;0xa;__stdcall;;uchar
;FUN_00433480;0x433480;0xc;__stdcall;;uchar
??0_Water@@QAE@XZ;_Water::_Water;0x4334a0;0x13;__thiscall;;_Water*;_Water*
??_G_Water@@UAEPAXI@Z;_Water::scalar_destructor;0x4334c0;0x1e;__thiscall;;uchar;_Water*;uchar
??1_Water@@UAE@XZ;_Water::~_Water;0x4334e0;0xc;__thiscall;;void;_Water*
?EXP@_Water@@QAEPAXXZ;_Water::EXP;0x4334f0;0x5a;__thiscall;;void*;_Water*
;FUN_00433590;0x433590;0xa;__stdcall;;uchar
;FUN_004335a0;0x4335a0;0xc;__stdcall;;uchar
;FUN_004335d0;0x4335d0;0xa;__stdcall;;uchar
;FUN_004335e0;0x4335e0;0xc;__stdcall;;uchar
;CWater::CWater;0x433600;0x1c;__thiscall;;CWater*;CWater*
;CWater::scalar_destructor;0x433620;0x1e;__thiscall;;CWater*;CWater*;uchar
;CWater::~CWater;0x433640;0xb;__thiscall;;uchar;CWater*
?EXP@CWater@@QAEPAXXZ;CWater::EXP;0x433650;0x5a;__thiscall;;void*;CWater*
;CWater::OnActivateLevel;0x4336b0;0x3bf;__thiscall;;void;CWater*
;CWater::OnLoadChunk;0x433a70;0x2a;__thiscall;;uchar;CWater*;uint;int;uint;void*
;FUN_00433ae0;0x433ae0;0xa;__stdcall;;uchar
;FUN_00433af0;0x433af0;0xc;__stdcall;;uchar
;FUN_00433b20;0x433b20;0xa;__stdcall;;uchar
;FUN_00433b30;0x433b30;0xc;__stdcall;;uchar
;cMenuLogo::scalar_destructor;0x433b50;0x1e;__thiscall;;cMagSprite*;cMenuLogo*;uchar
;cMenuLogo::cMenuLogo;0x433b70;0x1f;__thiscall;;cMenuLogo*;cMenuLogo*;int*
;cMenuLogo::~cMenuLogo;0x433b90;0xc;__thiscall;;void;cMenuLogo*
;cMenuLogo::OnActivate;0x433ba0;0x67;__thiscall;;void;cMenuLogo*
;FUN_00433c10;0x433c10;0xbe;__fastcall;;uchar;cMagSprite*
;cMenuLogo::OnFadeOutEnd;0x433cd0;0xac;__thiscall;;void;cMenuLogo*
;cMenuLogo::OnFrame;0x433d80;0x45;__thiscall;;void;cMenuLogo*
;cMenuLogo::OnInputKey;0x433dd0;0x79;__thiscall;;uchar;cMenuLogo*;int
;FUN_00433e90;0x433e90;0xa;__stdcall;;uchar
;FUN_00433ea0;0x433ea0;0xc;__stdcall;;uchar
;FUN_00433ed0;0x433ed0;0xa;__stdcall;;uchar
;FUN_00433ee0;0x433ee0;0xc;__stdcall;;uchar
;FUN_00433f40;0x433f40;0xa;__stdcall;;uchar
;FUN_00433f50;0x433f50;0xc;__stdcall;;uchar
;FUN_00433f80;0x433f80;0xa;__stdcall;;uchar
;FUN_00433f90;0x433f90;0xc;__stdcall;;uchar
;MenuModule::MenuModule;0x433fb0;0xd2;__thiscall;;MenuModule*;MenuModule*
;MenuModule::scalar_destructor;0x434090;0x1e;__thiscall;;cMagSprite*;MenuModule*;uchar
;MenuModule::~MenuModule;0x4340b0;0xc;__thiscall;;void;MenuModule*
;MenuModule::OnActivate;0x4340c0;0x43b;__thiscall;;void;MenuModule*
;MenuModule::OnUpdateMenuSettings;0x434500;0x60;__thiscall;;void;MenuModule*
;MenuModule::OnFrame;0x434560;0x116;__thiscall;;void;MenuModule*
;FUN_00434680;0x434680;0x1f1;__fastcall;;uchar;uchar
;MenuModule::OnMouseArrive;0x434880;0x112;__thiscall;;uchar;MenuModule*;int
;FUN_004349a0;0x4349a0;0x4a;__thiscall;;uchar;void*;char
;MenuModule::OnMouseLeave;0x4349f0;0x5c;__thiscall;;void;MenuModule*
;MenuModule::OnInputMouse;0x434a50;0xde;__thiscall;;uchar;MenuModule*;uint;uint;char
;MenuModule::OnInputKey;0x434b40;0x1ef;__thiscall;;uchar;MenuModule*;int
;MenuModule::OnExitYesNo;0x434d30;0x4f;__thiscall;;uchar;MenuModule*;char*
;FUN_00434d80;0x434d80;0x1c1;__fastcall;;uchar;int
;FUN_00434f50;0x434f50;0xa1;__fastcall;;uchar;int
;FUN_00435000;0x435000;0x3b;__fastcall;;uchar;int
;FUN_00435040;0x435040;0x27;__fastcall;;uchar;int
;FUN_00435070;0x435070;0x148;__fastcall;;uchar;uchar
;FUN_004351c0;0x4351c0;0x17;__fastcall;;uchar;void*
;FUN_004351e0;0x4351e0;0x76;__fastcall;;uchar;int
;FUN_00435260;0x435260;0x4f;__thiscall;;uchar;void*;int
;MenuModule::OnPlaySoundEnd;0x4352b0;0x18;__thiscall;;uchar;MenuModule*;int
;FUN_004352e0;0x4352e0;0xa;__stdcall;;uchar
;FUN_004352f0;0x4352f0;0xc;__stdcall;;uchar
;FUN_00435320;0x435320;0xa;__stdcall;;uchar
;FUN_00435330;0x435330;0xc;__stdcall;;uchar
;MenuOknoWyboru_CZ1::MenuOknoWyboru_CZ1;0x435380;0xd1;__thiscall;;MenuOknoWyboru_CZ1*;MenuOknoWyboru_CZ1*
;MenuOknoWyboru_CZ1::scalar_destructor;0x435460;0x1e;__thiscall;;cMagSprite*;MenuOknoWyboru_CZ1*;uchar
;MenuOknoWyboru_CZ1::~MenuOknoWyboru_CZ1;0x435480;0xc;__thiscall;;void;MenuOknoWyboru_CZ1*
;MenuOknoWyboru_CZ1::OnActivate;0x435490;0x6c1;__thiscall;;void;MenuOknoWyboru_CZ1*
;FUN_00435b60;0x435b60;0xd;__thiscall;;uchar;void*;uint
;MenuOknoWyboru_CZ1::OnFrame;0x435b80;0x101;__thiscall;;void;MenuOknoWyboru_CZ1*
;FUN_00435c90;0x435c90;0xa8;__fastcall;;uchar;int*
;FUN_00435d40;0x435d40;0x120;__fastcall;;uchar;int*
;MenuOknoWyboru_CZ1::OnMouseArrive;0x435e60;0x13e;__thiscall;;uchar;MenuOknoWyboru_CZ1*;int
;MenuOknoWyboru_CZ1::OnMouseLeave;0x435fa0;0x43;__thiscall;;uchar;MenuOknoWyboru_CZ1*;int
;MenuOknoWyboru_CZ1::OnInputMouse;0x435ff0;0x168;__thiscall;;uchar;MenuOknoWyboru_CZ1*;uint;uint;char
;MenuOknoWyboru_CZ1::OnActivateLevel;0x436160;0x1c1;__thiscall;;void;MenuOknoWyboru_CZ1*
;FUN_00436330;0x436330;0xa1;__fastcall;;uchar;int
;FUN_004363e0;0x4363e0;0x3b;__fastcall;;uchar;int
;FUN_00436420;0x436420;0x27;__fastcall;;uchar;int
;FUN_00436450;0x436450;0x46c;__fastcall;;uchar;int
;FUN_004368c0;0x4368c0;0x354;__fastcall;;uchar;int
;FUN_00436c20;0x436c20;0x7d;__fastcall;;uint*;uint*
;FUN_00436cb0;0x436cb0;0xa;__stdcall;;uchar
;FUN_00436cc0;0x436cc0;0xc;__stdcall;;uchar
;FUN_00436cf0;0x436cf0;0xa;__stdcall;;uchar
;FUN_00436d00;0x436d00;0xc;__stdcall;;uchar
;FUN_00436d50;0x436d50;0xc;__stdcall;;uchar
;FUN_00436d60;0x436d60;0xc;__stdcall;;uchar
;CMenuOpcje::CMenuOpcje;0x436d70;0x15a;__thiscall;;CMenuOpcje*;CMenuOpcje*
;CMenuOpcje::scalar_destructor;0x436ed0;0x1e;__thiscall;;cMagSprite*;CMenuOpcje*;uchar
;CMenuOpcje::~CMenuOpcje;0x436ef0;0x56;__thiscall;;void;CMenuOpcje*
;CMenuOpcje::OnActivate;0x436f50;0xd20;__thiscall;;void;CMenuOpcje*
;FUN_00437c70;0x437c70;0x16d;__fastcall;;uchar;int
;FUN_00437de0;0x437de0;0xa1;__fastcall;;uchar;int
;FUN_00437e90;0x437e90;0x3b;__fastcall;;uchar;int
;CMenuOpcje::OnFrame;0x437ed0;0xee;__thiscall;;void;CMenuOpcje*
;CMenuOpcje::OnActivateLevel;0x437fc0;0x42;__thiscall;;void;CMenuOpcje*
;FUN_00438010;0x438010;0x1a3;__thiscall;;uchar;void*;uint
;FUN_004381c0;0x4381c0;0x2d4;__fastcall;;uchar;cMagSprite*
;CMenuOpcje::OnButtonDown;0x4384a0;0x344;__thiscall;;uchar;CMenuOpcje*;void*
;FUN_004387f0;0x4387f0;0x219;__fastcall;;uchar;int*
;CMenuOpcje::OnInputKey;0x438a10;0x637;__thiscall;;uchar;CMenuOpcje*;int
;FUN_00439050;0x439050;0x54;__thiscall;;uint;void*;int;char*
;FUN_004390b0;0x4390b0;0xaf;__fastcall;;uchar;uchar
;FUN_00439160;0x439160;0x84;__fastcall;;uchar;uchar
;CMenuOpcje::OnButtonUp;0x4391f0;0x84;__thiscall;;uchar;CMenuOpcje*;int
;CMenuOpcje::OnInputMouse;0x439280;0x64;__thiscall;;uchar;CMenuOpcje*;uint;uint;bool
;FUN_004392f0;0x4392f0;0xe0;__thiscall;;uchar;void*;cMagSprite*;char
;FUN_004393d0;0x4393d0;0x242;__fastcall;;uchar;int
;FUN_00439620;0x439620;0x2a8;__thiscall;;uint;void*;char
;FUN_004398d0;0x4398d0;0x501;__fastcall;;uint;uchar
;CMenuOpcje::OnMouseArrive;0x439de0;0x44;__thiscall;;uchar;CMenuOpcje*;int
;CMenuOpcje::OnMouseLeave;0x439e30;0x35;__thiscall;;uchar;CMenuOpcje*;int
;FUN_00439e80;0x439e80;0xa;__stdcall;;uchar
;FUN_00439e90;0x439e90;0xc;__stdcall;;uchar
;FUN_00439ec0;0x439ec0;0xa;__stdcall;;uchar
;FUN_00439ed0;0x439ed0;0xc;__stdcall;;uchar
;FUN_00439f20;0x439f20;0xc;__stdcall;;uchar
;FUN_00439f30;0x439f30;0xc;__stdcall;;uchar
??0CArmata@@QAE@XZ;CArmata::CArmata;0x439f40;0xc3;__thiscall;;cMagMeshObject*;CArmata*
??_GCArmata@@UAEPAXI@Z;CArmata::scalar_destructor;0x43a010;0x1e;__thiscall;;uchar;CArmata*;uchar
??1CArmata@@UAE@XZ;CArmata::~CArmata;0x43a030;0x7d;__thiscall;;void;CArmata*
?EXP@CArmata@@QAEPAXXZ;CArmata::EXP;0x43a0b0;0x5a;__thiscall;;void*;CArmata*
?OnActivate@CArmata@@UAEXXZ;CArmata::OnActivate;0x43a110;0x3f;__thiscall;;void;CArmata*
?OnActivateLevel@CArmata@@UAEXXZ;CArmata::OnActivateLevel;0x43a150;0x60;__thiscall;;void;CArmata*
?FUN0043a1b0@CArmata@@QAEXM@Z;CArmata::FUN0043a1b0;0x43a1b0;0xc1;__thiscall;;void;CArmata*;float
?OnInputKey@CArmata@@UAEXPAE@Z;CArmata::OnInputKey;0x43a280;0x559;__thiscall;;void;CArmata*;uchar*
?FUN0043a7e0@CArmata@@QAEXXZ;CArmata::FUN0043a7e0;0x43a7e0;0xaf;__thiscall;;void;CArmata*
?FUN0043a890@CArmata@@QAEXXZ;CArmata::FUN0043a890;0x43a890;0x6d;__thiscall;;void;CArmata*
?FUN0043a900@CArmata@@QAEXXZ;CArmata::FUN0043a900;0x43a900;0x290;__thiscall;;void;CArmata*
?FUN0043ab90@CArmata@@QAEXM@Z;CArmata::FUN0043ab90;0x43ab90;0x234;__thiscall;;void;CArmata*;float
?insert@?$vector@PAVCArmataPocisk@@V?$allocator@PAVCArmataPocisk@@@std@@@std@@QAEXPAPAVCArmataPocisk@@IABQAV3@@Z;FUN_0043add0;0x43add0;0x209;__thiscall;;uchar;void*;uint*;uint;uint*
;FUN_0043aff0;0x43aff0;0xa;__stdcall;;uchar
;FUN_0043b000;0x43b000;0xc;__stdcall;;uchar
;FUN_0043b030;0x43b030;0xa;__stdcall;;uchar
;FUN_0043b040;0x43b040;0xc;__stdcall;;uchar
??0CArmataPocisk@@QAE@XZ;CArmataPocisk::CArmataPocisk;0x43b090;0x13;__thiscall;;CArmataPocisk*;CArmataPocisk*
??_GCArmataPocisk@@UAEPAXI@Z;CArmataPocisk::scalar_destructor;0x43b0b0;0x1e;__thiscall;;uchar;CArmataPocisk*;uchar
??1CArmataPocisk@@UAE@XZ;CArmataPocisk::~CArmataPocisk;0x43b0d0;0xc;__thiscall;;void;CArmataPocisk*
?OnActivate@CArmataPocisk@@UAEXXZ;CArmataPocisk::OnActivate;0x43b0e0;0xc0;__thiscall;;void;CArmataPocisk*
?FUN0043b1a0@CArmataPocisk@@QAEXUD3DXVECTOR3@@0@Z;CArmataPocisk::FUN0043b1a0;0x43b1a0;0x50;__thiscall;;void;CArmataPocisk*;D3DXVECTOR3;D3DXVECTOR3
?OnCollisionObject@CArmataPocisk@@UAEXPAVcMagMeshObject@@@Z;CArmataPocisk::OnCollisionObject;0x43b1f0;0xa;__thiscall;;void;CArmataPocisk*;cMagMeshObject*
;FUN_0043b240;0x43b240;0xa;__stdcall;;uchar
;FUN_0043b250;0x43b250;0xc;__stdcall;;uchar
;FUN_0043b280;0x43b280;0xa;__stdcall;;uchar
;FUN_0043b290;0x43b290;0xc;__stdcall;;uchar
;CNiewidzialnaSciana::CNiewidzialnaSciana;0x43b2b0;0x13;__thiscall;;CNiewidzialnaSciana*;CNiewidzialnaSciana*
;CNiewidzialnaSciana::scalar_destructor;0x43b2d0;0x1e;__thiscall;;CNiewidzialnaSciana*;CNiewidzialnaSciana*;uchar
;CNiewidzialnaSciana::~CNiewidzialnaSciana;0x43b2f0;0xc;__thiscall;;uchar;CNiewidzialnaSciana*
?EXP@CNiewidzialnaSciana@@QAEPAXXZ;CNiewidzialnaSciana::EXP;0x43b300;0x5a;__thiscall;;void*;CNiewidzialnaSciana*
;FUN_0043b3a0;0x43b3a0;0xa;__stdcall;;uchar
;FUN_0043b3b0;0x43b3b0;0xc;__stdcall;;uchar
;FUN_0043b3e0;0x43b3e0;0xa;__stdcall;;uchar
;FUN_0043b3f0;0x43b3f0;0xc;__stdcall;;uchar
;ClassUnk274::ClassUnk274;0x43b410;0x9b;__thiscall;;ClassUnk274*;ClassUnk274*;GameSDK*
;ClassUnk274::~ClassUnk274;0x43b4b0;0x29;__thiscall;;uchar;ClassUnk274*
;ClassUnk274::FUN0043b4e0;0x43b4e0;0x33e;__thiscall;;uchar;ClassUnk274*;char*
;ClassUnk274::FUN0043b820;0x43b820;0x3dd;__thiscall;;uchar;ClassUnk274*;char;char*
;FUN_0043bc00;0x43bc00;0x33;__stdcall;;uchar*;uchar*
;ClassUnk274::FUN0043bc40;0x43bc40;0x343;__thiscall;;uchar;ClassUnk274*;uchar**;char*
;ClassUnk274::FUN0043bf90;0x43bf90;0x41;__thiscall;;uchar;ClassUnk274*;char*;char*
;ClassUnk274::FUN0043bfe0;0x43bfe0;0x1dc;__thiscall;;void;ClassUnk274*
;ClassUnk274::FUN0043c1c0;0x43c1c0;0x323;__thiscall;;uint;ClassUnk274*;char*;uint*
;ClassUnk274::FUN0043c4f0;0x43c4f0;0x5a;__thiscall;;void;ClassUnk274*;char*;int
;ClassUnk274::FUN0043c550;0x43c550;0x40;__thiscall;;uchar;ClassUnk274*;uint*;uint*
;FUN_0043c590;0x43c590;0x178;__thiscall;;uchar;void*;uchar;uchar;uchar;uchar;uchar;uchar;uchar;uchar;uchar;uint
;FUN_0043c710;0x43c710;0x122;__fastcall;;uint;int
;FUN_0043c840;0x43c840;0x3b;__fastcall;;uchar;int
;FUN_0043c880;0x43c880;0x24;__stdcall;;uchar;int;int
;ClassUnk274::FUN0043c8b0;0x43c8b0;0x33d;__thiscall;;uchar;ClassUnk274*;uint*;uint;uint*
;FUN_0043cc00;0x43cc00;0xa;__stdcall;;uchar
;FUN_0043cc10;0x43cc10;0xc;__stdcall;;uchar
;FUN_0043cc40;0x43cc40;0xa;__stdcall;;uchar
;FUN_0043cc50;0x43cc50;0xc;__stdcall;;uchar
;FUN_0043cca0;0x43cca0;0xc;__stdcall;;uchar
;FUN_0043ccb0;0x43ccb0;0xc;__stdcall;;uchar
??0_AI@@QAE@XZ;_AI::_AI;0x43ccc0;0x13;__thiscall;;_AI*;_AI*
??_G_AI@@UAEPAXI@Z;_AI::scalar_deleting_destructor;0x43cce0;0x1e;__thiscall;;void;_AI*;uint
??1_AI@@UAE@XZ;_AI::~_AI;0x43cd00;0xc;__thiscall;;void;_AI*
?EXP@_AI@@QAEPAXXZ;_AI::EXP;0x43cd10;0x5a;__thiscall;;void*;_AI*
;FUN_0043cdb0;0x43cdb0;0xa;__stdcall;;uchar
;FUN_0043cdc0;0x43cdc0;0xc;__stdcall;;uchar
;FUN_0043cdf0;0x43cdf0;0xa;__stdcall;;uchar
;FUN_0043ce00;0x43ce00;0xc;__stdcall;;uchar
??0AIControlPoint@@QAE@XZ;AIControlPoint::AIControlPoint;0x43ce20;0x19;__thiscall;;AIControlPoint*;AIControlPoint*
??_GAIControlPoint@@UAEPAXI@Z;AIControlPoint::scalar_destructor;0x43ce40;0x1e;__thiscall;;uchar;AIControlPoint*;uchar
??1AIControlPoint@@UAE@XZ;AIControlPoint::~AIControlPoint;0x43ce60;0xb;__thiscall;;void;AIControlPoint*
?EXP@AIControlPoint@@QAEPAXXZ;AIControlPoint::EXP;0x43ce70;0x5a;__thiscall;;void*;AIControlPoint*
?OnActivateLevel@AIControlPoint@@UAEXXZ;AIControlPoint::OnActivateLevel;0x43ced0;0x8;__thiscall;;void;AIControlPoint*
?FUN0043cee0@AIControlPoint@@QAE_NXZ;AIControlPoint::FUN0043cee0;0x43cee0;0x7;__thiscall;;bool;AIControlPoint*
?FUN0043cef0@AIControlPoint@@QAEX_N@Z;AIControlPoint::FUN0043cef0;0x43cef0;0xd;__thiscall;;void;AIControlPoint*;bool
;FUN_0043cf40;0x43cf40;0xa;__stdcall;;uchar
;FUN_0043cf50;0x43cf50;0xc;__stdcall;;uchar
;FUN_0043cf80;0x43cf80;0xa;__stdcall;;uchar
;FUN_0043cf90;0x43cf90;0xc;__stdcall;;uchar
;CDomekJeza::CDomekJeza;0x43cfb0;0x13;__thiscall;;CDomekJeza*;CDomekJeza*
;CDomekJeza::scalar_destructor;0x43cfd0;0x1e;__thiscall;;CDomekJeza*;CDomekJeza*;uchar
;CDomekJeza::~CDomekJeza;0x43cff0;0xc;__thiscall;;uchar;CDomekJeza*
?EXP@CDomekJeza@@QAEPAXXZ;CDomekJeza::EXP;0x43d000;0x5a;__thiscall;;void*;CDomekJeza*
;FUN_0043d0a0;0x43d0a0;0xa;__stdcall;;uchar
;FUN_0043d0b0;0x43d0b0;0xc;__stdcall;;uchar
;FUN_0043d0e0;0x43d0e0;0xa;__stdcall;;uchar
;FUN_0043d0f0;0x43d0f0;0xc;__stdcall;;uchar
;CJezyk::CJezyk;0x43d110;0x145;__thiscall;;CJezyk*;CJezyk*
;CJezyk::scalar_destructor;0x43d260;0x1e;__thiscall;;CJezyk*;CJezyk*;uchar
;CJezyk::~CJezyk;0x43d280;0x3c;__thiscall;;uchar;CJezyk*
?EXP@CJezyk@@QAEPAXXZ;CJezyk::EXP;0x43d2c0;0x5a;__thiscall;;void*;CJezyk*
;CJezyk::OnActivateLevel;0x43d320;0xfe;__thiscall;;void;CJezyk*
;CJezyk::FUN0043d420;0x43d420;0xb0;__thiscall;;void;CJezyk*
;CJezyk::OnPlaySoundEnd;0x43d4d0;0x24;__thiscall;;uchar;CJezyk*;int
;CJezyk::FUN0043d500;0x43d500;0xe6;__thiscall;;void;CJezyk*
;CJezyk::FUN0043d5f0;0x43d5f0;0x23;__thiscall;;uchar;CJezyk*
;CJezyk::FUN0043d620;0x43d620;0x192;__thiscall;;uchar;CJezyk*
;CJezyk::WalkNaviPath::OnEnterState;0x43d7c0;0xd4;__thiscall;;void;WalkNaviPath*
;CJezyk::WalkNaviPath::OnFrame;0x43d8a0;0x214;__thiscall;;void;WalkNaviPath*
;CJezyk::WalkNaviPath::OnDestinationPos;0x43dac0;0xa0;__fastcall;;uchar;int
;CJezyk::WalkNaviPath::OnCollisionObject;0x43db60;0xc6;__thiscall;;uchar;WalkNaviPath*;int*
;CJezyk::WalkNaviPath::OnAnimEnd;0x43dc30;0x15;__thiscall;;uchar;WalkNaviPath*;char*
;CJezyk::Idle::OnEnterState;0x43dc50;0x20;__thiscall;;void;Idle*
;FUN_0043dcb0;0x43dcb0;0xa;__stdcall;;uchar
;FUN_0043dcc0;0x43dcc0;0xc;__stdcall;;uchar
;FUN_0043dcf0;0x43dcf0;0xa;__stdcall;;uchar
;FUN_0043dd00;0x43dd00;0xc;__stdcall;;uchar
??0_Wrogowie@@QAE@XZ;_Wrogowie::_Wrogowie;0x43dd20;0x13;__thiscall;;_Wrogowie*;_Wrogowie*
??_G_Wrogowie@@UAEPAXI@Z;_Wrogowie::scalar_destructor;0x43dd40;0x1e;__thiscall;;uchar;_Wrogowie*;uchar
??1_Wrogowie@@UAE@XZ;_Wrogowie::~_Wrogowie;0x43dd60;0xc;__thiscall;;void;_Wrogowie*
?EXP@_Wrogowie@@QAEPAXXZ;_Wrogowie::EXP;0x43dd70;0x5a;__thiscall;;void*;_Wrogowie*
;FUN_0043de10;0x43de10;0xa;__stdcall;;uchar
;FUN_0043de20;0x43de20;0xc;__stdcall;;uchar
;FUN_0043de50;0x43de50;0xa;__stdcall;;uchar
;FUN_0043de60;0x43de60;0xc;__stdcall;;uchar
;cPocisk::cPocisk;0x43de80;0x13;__thiscall;;cPocisk*;cPocisk*
;cPocisk::scalar_destructor;0x43dea0;0x1e;__thiscall;;uchar;cPocisk*;uchar
;cPocisk::~cPocisk;0x43dec0;0xc;__thiscall;;void;cPocisk*
;cPocisk::OnCollisionObject;0x43ded0;0x97;__thiscall;;uchar;cPocisk*;int*
;cPocisk::OnActivate;0x43df70;0x53;__thiscall;;void;cPocisk*
;cPocisk::OnFrame;0x43dfd0;0x9f;__thiscall;;void;cPocisk*
;FUN_0043e070;0x43e070;0xa4;__fastcall;;uchar;uchar
;FUN_0043e160;0x43e160;0xa;__stdcall;;uchar
;FUN_0043e170;0x43e170;0xc;__stdcall;;uchar
;FUN_0043e1a0;0x43e1a0;0xa;__stdcall;;uchar
;FUN_0043e1b0;0x43e1b0;0xc;__stdcall;;uchar
;CLasica::CLasica;0x43e1d0;0x160;__thiscall;;CLasica*;CLasica*
;CLasica::scalar_destructor;0x43e330;0x1e;__thiscall;;CLasica*;CLasica*;uchar
;CLasica::~CLasica;0x43e350;0x81;__thiscall;;uchar;CLasica*
?EXP@CLasica@@QAEPAXXZ;CLasica::EXP;0x43e3e0;0x5a;__thiscall;;void*;CLasica*
;CLasica::OnActivateLevel;0x43e440;0xd9;__thiscall;;void;CLasica*
;CLasica::FUN0043e520;0x43e520;0x29c;__thiscall;;void;CLasica*
;FUN_0043e7c0;0x43e7c0;0x10a;__fastcall;;uchar;uchar
;CLasica::OnLoadChunk;0x43e8d0;0x2ed;__thiscall;;uchar;CLasica*;int;int;uint;void*
;CLasica::Idle::OnEnterState;0x43ebc0;0x4b;__thiscall;;void;Idle*
;CLasica::Idle::OnFrame;0x43ec10;0x102;__thiscall;;void;Idle*
;CLasica::Idle::OnAnimEnd;0x43ed20;0x5e;__thiscall;;uchar;Idle*;char*
;CLasica::FUN0043ed80;0x43ed80;0xcca;__thiscall;;uchar;CLasica*;char*
;FUN_0043fa50;0x43fa50;0xf0;__thiscall;;uint;void*;uint
;FUN_0043fbc0;0x43fbc0;0xa;__stdcall;;uchar
;FUN_0043fbd0;0x43fbd0;0xc;__stdcall;;uchar
;FUN_0043fc00;0x43fc00;0xa;__stdcall;;uchar
;FUN_0043fc10;0x43fc10;0xc;__stdcall;;uchar
;FUN_0043fc30;0x43fc30;0x13;__fastcall;;int;int
;FUN_0043fc50;0x43fc50;0x2e;__stdcall;;uint*;uint*;uint*;uint*
;FUN_0043fc80;0x43fc80;0x25;__stdcall;;uchar;uint*;int;uint*
;FUN_0043fcb0;0x43fcb0;0x11;__cdecl;;uchar;uint*;uint*
;CEndPart1::CEndPart1;0x43fd00;0x63;__thiscall;;CEndPart1*;CEndPart1*
;CEndPart1::scalar_destructor;0x43fd70;0x1e;__thiscall;;CEndPart1*;CEndPart1*;uchar
;CEndPart1::~CEndPart1;0x43fd90;0x57;__thiscall;;uchar;CEndPart1*
?EXP@CEndPart1@@QAEPAXXZ;CEndPart1::EXP;0x43fdf0;0x5a;__thiscall;;void*;CEndPart1*
;CEndPart1::OnActivate;0x43fe50;0x4e;__thiscall;;void;CEndPart1*
;CEndPart1::OnActivateLevel;0x43fea0;0x16;__thiscall;;void;CEndPart1*
;CEndPart1::OnAction;0x43fed0;0x24;__thiscall;;void;CEndPart1*;char*
;CEndPart1::OnAction_;0x43ff00;0xc3;__thiscall;;uchar;CEndPart1*
;CEndPart1::OnPlaySoundEnd;0x43ffd0;0x24;__thiscall;;uchar;CEndPart1*;int
;FUN_00440080;0x440080;0xa;__stdcall;;uchar
;FUN_00440090;0x440090;0xc;__stdcall;;uchar
??0CBalon@@QAE@XZ;CBalon::CBalon;0x4400b0;0x89;__thiscall;;CBalon*;CBalon*
??_GCBalon@@UAEPAXI@Z;CBalon::scalar_destructor;0x440140;0x1e;__thiscall;;uchar;CBalon*;uchar
??1CBalon@@UAE@XZ;CBalon::~CBalon;0x440160;0x3c;__thiscall;;void;CBalon*
?EXP@CBalon@@QAEPAXXZ;CBalon::EXP;0x4401a0;0x5a;__thiscall;;void*;CBalon*
?OnAction@CBalon@@UAEXXZ;CBalon::OnAction;0x440200;0x1f;__thiscall;;void;CBalon*
?OnFrame@CBalon@@UAEXXZ;CBalon::OnFrame;0x440220;0xd6;__thiscall;;void;CBalon*
?OnDestinationPos@CBalon@@UAEXUD3DXVECTOR3@@@Z;CBalon::OnDestinationPos;0x440300;0x43;__thiscall;;void;CBalon*
?OnLoadChunk@CBalon@@UAEXU_ED_CHUNK@@AAV?$basic_ifstream@DU?$char_traits@D@std@@@std@@@Z;CBalon::OnLoadChunk;0x440350;0x2ba;__thiscall;;uchar;CBalon*;_ED_CHUNK;std::ifstream&
;FUN_00440650;0x440650;0xa;__stdcall;;uchar
;FUN_00440660;0x440660;0xc;__stdcall;;uchar
;FUN_00440690;0x440690;0xa;__stdcall;;uchar
;FUN_004406a0;0x4406a0;0xc;__stdcall;;uchar
??0CBlokadaLevel1@@QAE@XZ;CBlokadaLevel1::CBlokadaLevel1;0x4406c0;0x1d;__thiscall;;CBlokadaLevel1*;CBlokadaLevel1*
??_GCBlokadaLevel1@@UAEPAXI@Z;CBlokadaLevel1::scalar_destructor;0x4406e0;0x1e;__thiscall;;uchar;CBlokadaLevel1*;uchar
??1CBlokadaLevel1@@UAE@XZ;CBlokadaLevel1::~CBlokadaLevel1;0x440700;0xc;__thiscall;;void;CBlokadaLevel1*
?EXP@CBlokadaLevel1@@QAEPAXXZ;CBlokadaLevel1::EXP;0x440710;0x5a;__thiscall;;void*;CBlokadaLevel1*
?OnActivateLevel@CBlokadaLevel1@@UAEXXZ;CBlokadaLevel1::OnActivateLevel;0x440770;0x5f;__thiscall;;void;CBlokadaLevel1*
?OnCollisionObject@CBlokadaLevel1@@UAEXPAVcMagMeshObject@@@Z;CBlokadaLevel1::OnCollisionObject;0x4407d0;0xd3;__thiscall;;void;CBlokadaLevel1*;cMagMeshObject*
?Save@CBlokadaLevel1@@UAEXAAV?$basic_ostream@DU?$char_traits@D@std@@@std@@@Z;CBlokadaLevel1::Save;0x4408b0;0xc8;__thiscall;;void;CBlokadaLevel1*;std::ostream&
?Save@CBlokadaLevel3@@UAEXAAV?$basic_ostream@DU?$char_traits@D@std@@@std@@@Z;CBlokadaLevel3::Save;0x4408b0;0xc8;__thiscall;;void;CBlokadaLevel3*;std::ostream&
?Save@CBlokadaLevel3_1@@UAEXAAV?$basic_ostream@DU?$char_traits@D@std@@@std@@@Z;CBlokadaLevel3_1::Save;0x4408b0;0xc8;__thiscall;;void;CBlokadaLevel3_1*;std::ostream&
?Save@CBlokadaLevel4@@UAEXAAV?$basic_ostream@DU?$char_traits@D@std@@@std@@@Z;CBlokadaLevel4::Save;0x4408b0;0xc8;__thiscall;;void;CBlokadaLevel4*;std::ostream&
?Save@CBlokadaLevel4_1@@UAEXAAV?$basic_ostream@DU?$char_traits@D@std@@@std@@@Z;CBlokadaLevel4_1::Save;0x4408b0;0xc8;__thiscall;;void;CBlokadaLevel4_1*;std::ostream&
?Save@CBlokadaLevel5@@UAEXAAV?$basic_ostream@DU?$char_traits@D@std@@@std@@@Z;CBlokadaLevel5::Save;0x4408b0;0xc8;__thiscall;;void;CBlokadaLevel5*;std::ostream&
?Save@CBlokadaLevel6@@UAEXAAV?$basic_ostream@DU?$char_traits@D@std@@@std@@@Z;CBlokadaLevel6::Save;0x4408b0;0xc8;__thiscall;;void;CBlokadaLevel6*;std::ostream&
;FUN_004409c0;0x4409c0;0xa;__stdcall;;uchar
;FUN_004409d0;0x4409d0;0xc;__stdcall;;uchar
;FUN_00440a00;0x440a00;0xa;__stdcall;;uchar
;FUN_00440a10;0x440a10;0xc;__stdcall;;uchar
??0CBlokadaLevel3@@QAE@XZ;CBlokadaLevel3::CBlokadaLevel3;0x440a30;0x27;__thiscall;;CBlokadaLevel3*;CBlokadaLevel3*
??_GCBlokadaLevel3@@UAEPAXI@Z;CBlokadaLevel3::scalar_destructor;0x440a60;0x1e;__thiscall;;uchar;CBlokadaLevel3*;uchar
??1CBlokadaLevel3@@UAE@XZ;CBlokadaLevel3::~CBlokadaLevel3;0x440a80;0xc;__thiscall;;void;CBlokadaLevel3*
?EXP@CBlokadaLevel3@@QAEPAXXZ;CBlokadaLevel3::EXP;0x440a90;0x5a;__thiscall;;void*;CBlokadaLevel3*
?OnActivateLevel@CBlokadaLevel3@@UAEXXZ;CBlokadaLevel3::OnActivateLevel;0x440af0;0x72;__thiscall;;void;CBlokadaLevel3*
?OnCollisionObject@CBlokadaLevel3@@UAEXPAVcMagMeshObject@@@Z;CBlokadaLevel3::OnCollisionObject;0x440b70;0x12d;__thiscall;;void;CBlokadaLevel3*;cMagMeshObject*
?OnPlaySoundEnd@CBlokadaLevel3@@UAEXH@Z;CBlokadaLevel3::OnPlaySoundEnd;0x440ca0;0x38;__thiscall;;void;CBlokadaLevel3*;int
?Load@CBlokadaLevel3@@UAEXAAV?$basic_ifstream@DU?$char_traits@D@std@@@std@@U_ED_CHUNK@@@Z;CBlokadaLevel3::Load;0x440ce0;0x78;__thiscall;;void;CBlokadaLevel3*;std::ifstream&;_ED_CHUNK
;FUN_00440da0;0x440da0;0xa;__stdcall;;uchar
;FUN_00440db0;0x440db0;0xc;__stdcall;;uchar
;FUN_00440de0;0x440de0;0xa;__stdcall;;uchar
;FUN_00440df0;0x440df0;0xc;__stdcall;;uchar
??0CBlokadaLevel3_1@@QAE@XZ;CBlokadaLevel3_1::CBlokadaLevel3_1;0x440e10;0x1d;__thiscall;;CBlokadaLevel3_1*;CBlokadaLevel3_1*
??_GCBlokadaLevel3_1@@UAEPAXI@Z;CBlokadaLevel3_1::scalar_destructor;0x440e30;0x1e;__thiscall;;uchar;CBlokadaLevel3_1*;uchar
??1CBlokadaLevel3_1@@UAE@XZ;CBlokadaLevel3_1::~CBlokadaLevel3_1;0x440e50;0xc;__thiscall;;void;CBlokadaLevel3_1*
?EXP@CBlokadaLevel3_1@@QAEPAXXZ;CBlokadaLevel3_1::EXP;0x440e60;0x5a;__thiscall;;void*;CBlokadaLevel3_1*
?OnCollisionObject@CBlokadaLevel3_1@@UAEXPAVcMagMeshObject@@@Z;CBlokadaLevel3_1::OnCollisionObject;0x440ec0;0x89;__thiscall;;void;CBlokadaLevel3_1*;cMagMeshObject*
;FUN_00440f90;0x440f90;0xa;__stdcall;;uchar
;FUN_00440fa0;0x440fa0;0xc;__stdcall;;uchar
;FUN_00440fd0;0x440fd0;0xa;__stdcall;;uchar
;FUN_00440fe0;0x440fe0;0xc;__stdcall;;uchar
??0CBlokadaLevel4@@QAE@XZ;CBlokadaLevel4::CBlokadaLevel4;0x441000;0x27;__thiscall;;cMagMeshObject*;CBlokadaLevel4*
??_GCBlokadaLevel4@@UAEPAXI@Z;CBlokadaLevel4::scalar_destructor;0x441030;0x1e;__thiscall;;uchar;CBlokadaLevel4*;uchar
??1CBlokadaLevel4@@UAE@XZ;CBlokadaLevel4::~CBlokadaLevel4;0x441050;0xc;__thiscall;;void;CBlokadaLevel4*
?EXP@CBlokadaLevel4@@QAEPAXXZ;CBlokadaLevel4::EXP;0x441060;0x5a;__thiscall;;void*;CBlokadaLevel4*
?OnActivateLevel@CBlokadaLevel4@@UAEXXZ;CBlokadaLevel4::OnActivateLevel;0x4410c0;0xaa;__thiscall;;void;CBlokadaLevel4*
?OnPlaySoundEnd@CBlokadaLevel4@@UAEXH@Z;CBlokadaLevel4::OnPlaySoundEnd;0x441170;0x38;__thiscall;;uchar;CBlokadaLevel4*;cMagKernelVtable*
?OnCollisionObject@CBlokadaLevel4@@UAEXPAVcMagMeshObject@@@Z;CBlokadaLevel4::OnCollisionObject;0x4411b0;0x12d;__thiscall;;uchar;CBlokadaLevel4*;int*
;FUN_00441320;0x441320;0xa;__stdcall;;uchar
;FUN_00441330;0x441330;0xc;__stdcall;;uchar
;FUN_00441360;0x441360;0xa;__stdcall;;uchar
;FUN_00441370;0x441370;0xc;__stdcall;;uchar
??0CBlokadaLevel4_1@@QAE@XZ;CBlokadaLevel4_1::CBlokadaLevel4_1;0x441390;0x1d;__thiscall;;CBlokadaLevel4_1*;CBlokadaLevel4_1*
??_GCBlokadaLevel4_1@@UAEPAXI@Z;CBlokadaLevel4_1::scalar_destructor;0x4413b0;0x1e;__thiscall;;uchar;CBlokadaLevel4_1*;uchar
??1CBlokadaLevel4_1@@UAE@XZ;CBlokadaLevel4_1::~CBlokadaLevel4_1;0x4413d0;0xc;__thiscall;;void;CBlokadaLevel4_1*
?EXP@CBlokadaLevel4_1@@QAEPAXXZ;CBlokadaLevel4_1::EXP;0x4413e0;0x5a;__thiscall;;void*;CBlokadaLevel4_1*
?OnCollisionObject@CBlokadaLevel4_1@@UAEXPAVcMagMeshObject@@@Z;CBlokadaLevel4_1::OnCollisionObject;0x441440;0x89;__thiscall;;uchar;CBlokadaLevel4_1*;int*
?OnPlaySoundEnd@CBlokadaLevel1@@UAEXH@Z;CBlokadaLevel1::OnPlaySoundEnd;0x4414d0;0x3a;__thiscall;;void;CBlokadaLevel1*;int
?OnPlaySoundEnd@CBlokadaLevel3_1@@UAEXH@Z;CBlokadaLevel3_1::OnPlaySoundEnd;0x4414d0;0x3a;__thiscall;;void;CBlokadaLevel3_1*;int
?OnPlaySoundEnd@CBlokadaLevel4_1@@UAEXH@Z;CBlokadaLevel4_1::OnPlaySoundEnd;0x4414d0;0x3a;__thiscall;;void;CBlokadaLevel4_1*;int
;FUN_00441550;0x441550;0xa;__stdcall;;uchar
;FUN_00441560;0x441560;0xc;__stdcall;;uchar
;FUN_00441590;0x441590;0xa;__stdcall;;uchar
;FUN_004415a0;0x4415a0;0xc;__stdcall;;uchar
??0CBlokadaLevel5@@QAE@XZ;CBlokadaLevel5::CBlokadaLevel5;0x4415c0;0x27;__thiscall;;CBlokadaLevel5*;CBlokadaLevel5*
??_GCBlokadaLevel5@@UAEPAXI@Z;CBlokadaLevel5::scalar_destructor;0x4415f0;0x1e;__thiscall;;uchar;CBlokadaLevel5*;uchar
??1CBlokadaLevel5@@UAE@XZ;CBlokadaLevel5::~CBlokadaLevel5;0x441610;0xc;__thiscall;;void;CBlokadaLevel5*
?EXP@CBlokadaLevel5@@QAEPAXXZ;CBlokadaLevel5::EXP;0x441620;0x5a;__thiscall;;void*;CBlokadaLevel5*
?OnCollisionObject@CBlokadaLevel5@@UAEXPAVcMagMeshObject@@@Z;CBlokadaLevel5::OnCollisionObject;0x441680;0x6e;__thiscall;;void;CBlokadaLevel5*;cMagMeshObject*
;FUN_00441730;0x441730;0xa;__stdcall;;uchar
;FUN_00441740;0x441740;0xc;__stdcall;;uchar
;FUN_00441770;0x441770;0xa;__stdcall;;uchar
;FUN_00441780;0x441780;0xc;__stdcall;;uchar
??0CBlokadaLevel6@@QAE@XZ;CBlokadaLevel6::CBlokadaLevel6;0x4417a0;0x27;__thiscall;;CBlokadaLevel6*;CBlokadaLevel6*
??_GCBlokadaLevel6@@UAEPAXI@Z;CBlokadaLevel6::scalar_destructor;0x4417d0;0x1e;__thiscall;;uchar;CBlokadaLevel6*;uchar
??1CBlokadaLevel6@@UAE@XZ;CBlokadaLevel6::~CBlokadaLevel6;0x4417f0;0xc;__thiscall;;void;CBlokadaLevel6*
?EXP@CBlokadaLevel6@@QAEPAXXZ;CBlokadaLevel6::EXP;0x441800;0x5a;__thiscall;;void*;CBlokadaLevel6*
?OnActivateLevel@CBlokadaLevel5@@UAEXXZ;CBlokadaLevel5::OnActivateLevel;0x441860;0x27;__thiscall;;void;CBlokadaLevel5*
?OnActivateLevel@CBlokadaLevel6@@UAEXXZ;CBlokadaLevel6::OnActivateLevel;0x441860;0x27;__thiscall;;void;CBlokadaLevel6*
?OnCollisionObject@CBlokadaLevel6@@UAEXPAVcMagMeshObject@@@Z;CBlokadaLevel6::OnCollisionObject;0x441890;0x6e;__thiscall;;void;CBlokadaLevel6*;cMagMeshObject*
?OnPlaySoundEnd@CBlokadaLevel5@@UAEXH@Z;CBlokadaLevel5::OnPlaySoundEnd;0x441900;0x20;__thiscall;;void;CBlokadaLevel5*;int
?OnPlaySoundEnd@CBlokadaLevel6@@UAEXH@Z;CBlokadaLevel6::OnPlaySoundEnd;0x441900;0x20;__thiscall;;void;CBlokadaLevel6*;int
?Load@CBlokadaLevel1@@UAEXAAV?$basic_ifstream@DU?$char_traits@D@std@@@std@@U_ED_CHUNK@@@Z;CBlokadaLevel1::Load;0x441920;0x74;__thiscall;;void;CBlokadaLevel1*;std::ifstream&;_ED_CHUNK
?Load@CBlokadaLevel3_1@@UAEXAAV?$basic_ifstream@DU?$char_traits@D@std@@@std@@U_ED_CHUNK@@@Z;CBlokadaLevel3_1::Load;0x441920;0x74;__thiscall;;void;CBlokadaLevel3_1*;std::ifstream&;_ED_CHUNK
?Load@CBlokadaLevel4@@UAEXAAV?$basic_ifstream@DU?$char_traits@D@std@@@std@@U_ED_CHUNK@@@Z;CBlokadaLevel4::Load;0x441920;0x74;__thiscall;;void;CBlokadaLevel4*;std::ifstream&;_ED_CHUNK
?Load@CBlokadaLevel4_1@@UAEXAAV?$basic_ifstream@DU?$char_traits@D@std@@@std@@U_ED_CHUNK@@@Z;CBlokadaLevel4_1::Load;0x441920;0x74;__thiscall;;void;CBlokadaLevel4_1*;std::ifstream&;_ED_CHUNK
?Load@CBlokadaLevel5@@UAEXAAV?$basic_ifstream@DU?$char_traits@D@std@@@std@@U_ED_CHUNK@@@Z;CBlokadaLevel5::Load;0x441920;0x74;__thiscall;;void;CBlokadaLevel5*;std::ifstream&;_ED_CHUNK
?Load@CBlokadaLevel6@@UAEXAAV?$basic_ifstream@DU?$char_traits@D@std@@@std@@U_ED_CHUNK@@@Z;CBlokadaLevel6::Load;0x441920;0x74;__thiscall;;void;CBlokadaLevel6*;std::ifstream&;_ED_CHUNK
;FUN_004419e0;0x4419e0;0xa;__stdcall;;uchar
;FUN_004419f0;0x4419f0;0xc;__stdcall;;uchar
;FUN_00441a20;0x441a20;0xa;__stdcall;;uchar
;FUN_00441a30;0x441a30;0xc;__stdcall;;uchar
;CKrzak::CKrzak;0x441a50;0x34;__thiscall;;CKrzak*;CKrzak*
;CKrzak::scalar_destructor;0x441a90;0x1e;__thiscall;;CKrzak*;CKrzak*;uchar
;CKrzak::~CKrzak;0x441ab0;0xc;__thiscall;;uchar;CKrzak*
?EXP@CKrzak@@QAEPAXXZ;CKrzak::EXP;0x441ac0;0x5a;__thiscall;;void*;CKrzak*
;CKrzak::OnActivate;0x441b20;0x31;__thiscall;;void;CKrzak*
;CKrzak::OnActivateLevel;0x441b60;0x4c;__thiscall;;void;CKrzak*
;CKrzak::OnFrame;0x441bb0;0xc7;__thiscall;;void;CKrzak*
;CKrzak::OnLoadChunk;0x441c80;0x24;__thiscall;;uchar;CKrzak*;uint;int;uint;void*
;FUN_00441cf0;0x441cf0;0xa;__stdcall;;uchar
;FUN_00441d00;0x441d00;0xc;__stdcall;;uchar
;FUN_00441d30;0x441d30;0xa;__stdcall;;uchar
;FUN_00441d40;0x441d40;0xc;__stdcall;;uchar
;CDisableZBuffer::CDisableZBuffer;0x441d60;0x13;__thiscall;;CDisableZBuffer*;CDisableZBuffer*
;CDisableZBuffer::scalar_destructor;0x441d80;0x1e;__thiscall;;CDisableZBuffer*;CDisableZBuffer*;uchar
;CDisableZBuffer::~CDisableZBuffer;0x441da0;0xc;__thiscall;;uchar;CDisableZBuffer*
?EXP@CDisableZBuffer@@QAEPAXXZ;CDisableZBuffer::EXP;0x441db0;0x5a;__thiscall;;void*;CDisableZBuffer*
;CDisableZBuffer::OnActivateLevel;0x441e10;0x17;__thiscall;;void;CDisableZBuffer*
;FUN_00441e70;0x441e70;0xa;__stdcall;;uchar
;FUN_00441e80;0x441e80;0xc;__stdcall;;uchar
;FUN_00441eb0;0x441eb0;0xa;__stdcall;;uchar
;FUN_00441ec0;0x441ec0;0xc;__stdcall;;uchar
;CTestAnim::CTestAnim;0x441ee0;0xa2;__thiscall;;CTestAnim*;CTestAnim*
;CTestAnim::scalar_destructor;0x441f90;0x1e;__thiscall;;CTestAnim*;CTestAnim*;uchar
;CTestAnim::~CTestAnim;0x441fb0;0x3c;__thiscall;;uchar;CTestAnim*
?EXP@CTestAnim@@QAEPAXXZ;CTestAnim::EXP;0x441ff0;0x5a;__thiscall;;void*;CTestAnim*
;CTestAnim::OnActivateLevel;0x442050;0x214;__thiscall;;void;CTestAnim*
;CTestAnim::OnAction;0x442270;0xc;__thiscall;;void;CTestAnim*
;CTestAnim::OnFrame;0x442280;0xd6;__thiscall;;void;CTestAnim*
;CTestAnim::OnDestinationPos;0x442360;0x24;__thiscall;;void;CTestAnim*
;CTestAnim::OnLoadChunk;0x442390;0x2ed;__thiscall;;uchar;CTestAnim*;int;int;uint;void*
;FUN_004426c0;0x4426c0;0xa;__stdcall;;uchar
;FUN_004426d0;0x4426d0;0xc;__stdcall;;uchar
;FUN_00442700;0x442700;0xa;__stdcall;;uchar
;FUN_00442710;0x442710;0xc;__stdcall;;uchar
;CInTextFile::CInTextFile;0x442730;0x9;__thiscall;;void;CInTextFile*
;CInTextFile::scalar_destructor;0x442740;0x1e;__thiscall;;uint*;CInTextFile*;uchar
;CInTextFile::~CInTextFile;0x442760;0xb;__thiscall;;void;CInTextFile*
;CInTextFile::FUN00442770;0x442770;0x7c;__thiscall;;uint;CInTextFile*;char*
;CInTextFile::FUN004427f0;0x4427f0;0x3d;__thiscall;;uchar*;CInTextFile*
;CInTextFile::FUN00442830;0x442830;0x14;__thiscall;;uint;CInTextFile*
;CInTextFile::FUN00442850;0x442850;0x1c;__thiscall;;void;CInTextFile*
;FUN_00442870;0x442870;0x44;__stdcall;;uint;char*
;FUN_004428c0;0x4428c0;0x5b;__stdcall;;bool;char*;char*
;CPlaneDeath::CPlaneDeath;0x442920;0x13;__thiscall;;CPlaneDeath*;CPlaneDeath*
;CPlaneDeath::scalar_destructor;0x442940;0x1e;__thiscall;;CPlaneDeath*;CPlaneDeath*;uchar
;CPlaneDeath::~CPlaneDeath;0x442960;0xc;__thiscall;;uchar;CPlaneDeath*
?EXP@CPlaneDeath@@QAEPAXXZ;CPlaneDeath::EXP;0x442970;0x5a;__thiscall;;void*;CPlaneDeath*
;FUN_00442a10;0x442a10;0xa;__stdcall;;uchar
;FUN_00442a20;0x442a20;0xc;__stdcall;;uchar
;FUN_00442a50;0x442a50;0xa;__stdcall;;uchar
;FUN_00442a60;0x442a60;0xc;__stdcall;;uchar
;CSamouczek::CSamouczek;0x442a80;0x26;__thiscall;;CSamouczek*;CSamouczek*
;CSamouczek::scalar_destructor;0x442ab0;0x1e;__thiscall;;CSamouczek*;CSamouczek*;uchar
;CSamouczek::~CSamouczek;0x442ad0;0xc;__thiscall;;uchar;CSamouczek*
?EXP@CSamouczek@@QAEPAXXZ;CSamouczek::EXP;0x442ae0;0x5a;__thiscall;;void*;CSamouczek*
;CSamouczek::OnActivateLevel;0x442b40;0x27;__thiscall;;void;CSamouczek*
;CSamouczek::OnCollisionObject;0x442b70;0x75;__thiscall;;uchar;CSamouczek*;int*
;FUN_00442c30;0x442c30;0xa;__stdcall;;uchar
;FUN_00442c40;0x442c40;0xc;__stdcall;;uchar
;FUN_00442c70;0x442c70;0xa;__stdcall;;uchar
;FUN_00442c80;0x442c80;0xc;__stdcall;;uchar
;CStrzalka::CStrzalka;0x442ca0;0x27;__thiscall;;CStrzalka*;CStrzalka*
;CStrzalka::scalar_destructor;0x442cd0;0x1e;__thiscall;;CStrzalka*;CStrzalka*;uchar
;CStrzalka::~CStrzalka;0x442cf0;0xc;__thiscall;;uchar;CStrzalka*
?EXP@CStrzalka@@QAEPAXXZ;CStrzalka::EXP;0x442d00;0x5a;__thiscall;;void*;CStrzalka*
;CStrzalka::OnActivateLevel;0x442d60;0x87;__thiscall;;void;CStrzalka*
;CStrzalka::OnFrame;0x442df0;0xde;__thiscall;;void;CStrzalka*
;FUN_00442f10;0x442f10;0xa;__stdcall;;uchar
;FUN_00442f20;0x442f20;0xc;__stdcall;;uchar
;FUN_00442f50;0x442f50;0xa;__stdcall;;uchar
;FUN_00442f60;0x442f60;0xc;__stdcall;;uchar
;FUN_00442fc0;0x442fc0;0xa;__stdcall;;uchar
;FUN_00442fd0;0x442fd0;0xc;__stdcall;;uchar
;FUN_00443000;0x443000;0xa;__stdcall;;uchar
;FUN_00443010;0x443010;0xc;__stdcall;;uchar
;CTextureAnim::CTextureAnim;0x443030;0x1d;__thiscall;;CTextureAnim*;CTextureAnim*
;CTextureAnim::scalar_destructor;0x443050;0x1e;__thiscall;;CTextureAnim*;CTextureAnim*;uchar
;CTextureAnim::~CTextureAnim;0x443070;0xc;__thiscall;;uchar;CTextureAnim*
?EXP@CTextureAnim@@QAEPAXXZ;CTextureAnim::EXP;0x443080;0x5a;__thiscall;;void*;CTextureAnim*
;CTextureAnim::OnActivateLevel;0x4430e0;0x363;__thiscall;;void;CTextureAnim*
;CTextureAnim::OnLoadChunk;0x443450;0x2a;__thiscall;;uchar;CTextureAnim*;uint;int;uint;void*
;FUN_004434c0;0x4434c0;0xa;__stdcall;;uchar
;FUN_004434d0;0x4434d0;0xc;__stdcall;;uchar
;FUN_00443500;0x443500;0xa;__stdcall;;uchar
;FUN_00443510;0x443510;0xc;__stdcall;;uchar
;FUN_00443530;0x443530;0x22ea;__stdcall;;char*;int
;FUN_004461ca;0x4461ca;0x30;__cdecl;;uint;float;float
;FUN_004461fa;0x4461fa;0x11;__stdcall;;uchar
;FUN_0044620b;0x44620b;0x2a;__stdcall;;uchar;uint;uint;uint;uint;uint;uint
;FUN_00446235;0x446235;0xb0;__stdcall;;float*;float*;float*;float*;float*;float*;float
;FUN_004462e5;0x4462e5;0x2a;__stdcall;;uchar;uint;uint;uint;uint;uint;uint
;FUN_0044630f;0x44630f;0xd9;__stdcall;;float*;float*;float*;float*;float*;float*;float
;FUN_004463e8;0x4463e8;0x2f;__stdcall;;uchar;uint;uint;uint;uint;uint;uint
;FUN_00446417;0x446417;0x57;__stdcall;;float*;float*;float*;float*;float*;float;float
;FUN_0044646e;0x44646e;0x11;__stdcall;;uchar
;FUN_004464a1;0x4464a1;0x11;__stdcall;;uchar
;FUN_004464e2;0x4464e2;0xd8;__stdcall;;float*;float*;float*;float*;float*;float*;float
;FUN_004465ba;0x4465ba;0x2a;__stdcall;;uchar;uint;uint;uint;uint;uint;uint
;FUN_004465e4;0x4465e4;0xa;__cdecl;;float10;float
;FUN_004465ee;0x4465ee;0xfb;__stdcall;;float*;float*;float*;float*;float*;float*;float
;FUN_004466e9;0x4466e9;0x3;__fastcall;;uint;uint
;FUN_004466ec;0x4466ec;0x2f;__stdcall;;uchar;uint;uint;uint;uint;uint;uint
;FUN_0044671b;0x44671b;0x71;__stdcall;;float*;float*;float*;float*;float*;float;float
;FUN_0044678c;0x44678c;0x11;__stdcall;;uchar
;FUN_00446843;0x446843;0x11;__stdcall;;uchar
;FUN_004468e4;0x4468e4;0x11;__stdcall;;uchar
;FUN_004468f5;0x4468f5;0x11;__stdcall;;uchar
;FUN_00446a34;0x446a34;0x11;__stdcall;;uchar
;FUN_00446a6f;0x446a6f;0xfa;__stdcall;;float*;float*;float*;float*;float*;float*;float
;FUN_00446b69;0x446b69;0x2a;__stdcall;;uchar;uint;uint;uint;uint;uint;uint
;FUN_00446b93;0x446b93;0x11d;__stdcall;;float*;float*;float*;float*;float*;float*;float
;FUN_00446cb0;0x446cb0;0x2f;__stdcall;;uchar;uint;uint;uint;uint;uint;uint
;FUN_00446cdf;0x446cdf;0x8b;__stdcall;;float*;float*;float*;float*;float*;float;float
;FUN_00446d6a;0x446d6a;0x11;__stdcall;;uchar
;FUN_00446e39;0x446e39;0x11;__stdcall;;uchar
;FUN_00446f23;0x446f23;0x11;__stdcall;;uchar
;FUN_0044718c;0x44718c;0x11;__stdcall;;uchar
;FUN_0044721e;0x44721e;0x11;__stdcall;;uchar
;FUN_00447481;0x447481;0x11;__stdcall;;uchar
;FUN_0044783d;0x44783d;0x2e;__stdcall;;uchar;uint;uint;uint;uint
;FUN_0044786b;0x44786b;0x60;__stdcall;;uchar;uint*;uint;uint;uint
;FUN_004478cb;0x4478cb;0x2e;__stdcall;;uchar;uint;uint;uint;uint
;FUN_004478f9;0x4478f9;0x60;__stdcall;;uchar;uint*;uint;uint;uint
;FUN_00447959;0x447959;0x1e;__stdcall;;uchar;uint;uint
;FUN_00447977;0x447977;0x84;__stdcall;;uint*;uint*;float
;FUN_004479fb;0x4479fb;0x1e;__stdcall;;uchar;uint;uint
;FUN_00447a19;0x447a19;0x83;__stdcall;;float*;float*;float
;FUN_00447a9c;0x447a9c;0x1e;__stdcall;;uchar;uint;uint
;FUN_00447aba;0x447aba;0x84;__stdcall;;float*;float*;float
;FUN_00447b3e;0x447b3e;0x21;__stdcall;;uchar;uint;uint;uint
;FUN_00447b5f;0x447b5f;0x11a;__stdcall;;float*;float*;float*;float
;FUN_00447c79;0x447c79;0x11;__stdcall;;uchar
;FUN_00447d86;0x447d86;0x2e;__stdcall;;uchar;uint;uint;uint;uint
;FUN_00447db4;0x447db4;0x11;__stdcall;;uchar
;FUN_00447eed;0x447eed;0x57;__cdecl;;uchar;uint*
;FUN_00447f44;0x447f44;0x11;__stdcall;;uchar
;FUN_0044801c;0x44801c;0x11;__stdcall;;uchar
;FUN_00448170;0x448170;0x21;__stdcall;;uchar;uint;uint;uint
;FUN_00448191;0x448191;0x6c;__stdcall;;float*;float*;int;float
;FUN_004481fd;0x4481fd;0x2e;__stdcall;;uchar;uint;uint;uint;uint
;FUN_00448317;0x448317;0x11;__stdcall;;uchar
;FUN_004483e5;0x4483e5;0x11;__stdcall;;uchar
;FUN_004484c2;0x4484c2;0x11;__stdcall;;uchar
;FUN_004485a1;0x4485a1;0x6;__stdcall;;uchar
;FUN_00448631;0x448631;0x6;__stdcall;;uchar
;FUN_004486e6;0x4486e6;0x24;__stdcall;;uchar;uint;uint;uint;uint
;FUN_00448812;0x448812;0x2a;__stdcall;;uchar;uint;uint;uint;uint;uint;uint
;FUN_0044883c;0x44883c;0x76;__stdcall;;int;int;int;int;int;int;float
;FUN_004488b2;0x4488b2;0x11;__stdcall;;uchar
;FUN_004488f2;0x4488f2;0xa7;__stdcall;;uint*;uint*;uint*;int;int;float;float
;FUN_00448999;0x448999;0x11;__stdcall;;uchar
;FUN_00448a67;0x448a67;0x11;__stdcall;;uchar
;FUN_00448b2c;0x448b2c;0x11;__stdcall;;uchar
;FUN_00448b88;0x448b88;0x11;__stdcall;;uchar
;FUN_00448c5d;0x448c5d;0x11;__stdcall;;uchar
;FUN_00448d2c;0x448d2c;0x9c;__stdcall;;float*;int;float*
;FUN_00448dc8;0x448dc8;0x7e;__stdcall;;float*;float*;float*;float*
;FUN_00448e46;0x448e46;0x9c;__stdcall;;float*;float*;float*;float*
;FUN_00448ee2;0x448ee2;0x4c;__stdcall;;float*;float*;float*;float*
;FUN_00448f2e;0x448f2e;0xb3;__stdcall;;float*;int;float*
;FUN_00448fe1;0x448fe1;0xe3;__stdcall;;float*;float*;float*;float*
;FUN_00449436;0x449436;0xcc;__stdcall;;float*;int;float*
;FUN_00449502;0x449502;0x43;__stdcall;;int;int;uint;uint;uint
;FUN_004497f3;0x4497f3;0xfe;__stdcall;;float*;float*;float*;int
;FUN_004498f1;0x4498f1;0xd9;__stdcall;;float*;float*;int
;FUN_004499ca;0x4499ca;0x43f;__stdcall;;uchar;uint*;uint*;float*;int;float*;float*;int
;FUN_00449e09;0x449e09;0x27;__cdecl;;int*;int
;FUN_00449e30;0x449e30;0x75;__fastcall;;uint;int;int
;FUN_00449ea5;0x449ea5;0x6e;__cdecl;;int;int*;int;int*
;FUN_00449f13;0x449f13;0x101;__stdcall;;uint*;int*;uint;uint*;int;uint;uint;uint;uint*;uint;uint
;FUN_0044a014;0x44a014;0xc4;__stdcall;;int
;FUN_0044a0d8;0x44a0d8;0x20;__stdcall;;uchar;uint;uint;uint;uint;uint
;FUN_0044a0f8;0x44a0f8;0x22;__stdcall;;uchar;uint;uint;int;uchar*
;FUN_0044a11a;0x44a11a;0x1c9;__stdcall;;uint*;int*;int*;uint*;int*;int*;uint*;uint;int
;FUN_0044a2e3;0x44a2e3;0x5c;__cdecl;;uint;ulong;char*;uchar*
;FUN_0044a33f;0x44a33f;0x26;__fastcall;;undefined8;uint;uint
;FUN_0044a365;0x44a365;0x99;__stdcall;;int
;FUN_0044a3fe;0x44a3fe;0x38;__fastcall;;undefined8;uint;uint
;FUN_0044a436;0x44a436;0x3a;__stdcall;;uchar
;Catch@0044a470;0x44a470;0xc;__stdcall;;uchar*
;FUN_0044a47c;0x44a47c;0x5a;__stdcall;;uint
;FUN_0044a4db;0x44a4db;0xc7;__cdecl;;uint;ulong
;FUN_0044a5a2;0x44a5a2;0x122;__stdcall;;int;int
;FUN_0044a6c4;0x44a6c4;0x89;__cdecl;;uchar;uint;uchar*
;FUN_0044a74d;0x44a74d;0x13e;__stdcall;;uint;uint;uint;uint
;FUN_0044a88b;0x44a88b;0x9c;__cdecl;;uchar;uint
;FUN_0044a927;0x44a927;0x19;__fastcall;;uchar;uint*
;FUN_0044a940;0x44a940;0x59;__fastcall;;uchar;int
;FUN_0044a999;0x44a999;0xc6;__thiscall;;uint;void*;int*
;FUN_0044aa5f;0x44aa5f;0x318;__thiscall;;uint;void*;void*;ulong
;FUN_0044ad77;0x44ad77;0x2bb;__thiscall;;uint;void*;void*
;FUN_0044b032;0x44b032;0x2e6;__stdcall;;int
;FUN_0044b318;0x44b318;0xa;__fastcall;;uchar;uint*
;FUN_0044b322;0x44b322;0x1e;__fastcall;;uchar;int*
;FUN_0044b340;0x44b340;0x14;__cdecl;;uchar;float
;FUN_0044b36a;0x44b36a;0x348;__cdecl;;uint*;uint;int;int
;FUN_0044b6b2;0x44b6b2;0x4d;__thiscall;;int*;void*;uchar
;FUN_0044b6ff;0x44b6ff;0x474;__stdcall;;uint
;FUN_0044bb73;0x44bb73;0x18e;__fastcall;;uint;int*
;FUN_0044bd01;0x44bd01;0x126;__cdecl;;uint;uint*;uint;int;uint;int;int
;FUN_0044be27;0x44be27;0x31;__fastcall;;uchar;int*
;FUN_0044be58;0x44be58;0xe8;__cdecl;;uint;uint*;uint;int;uint;int;int
;FUN_0044bf40;0x44bf40;0x116;__cdecl;;uint;uint*;undefined8*;uint;uint;int;int
;FUN_0044c056;0x44c056;0x38;__stdcall;;uchar
;FUN_0044c08e;0x44c08e;0x2f;__stdcall;;uchar
;FUN_0044c0bd;0x44c0bd;0x31;__fastcall;;uchar;int*
;FUN_0044c0ee;0x44c0ee;0x140;__fastcall;;uint;int*
;FUN_0044c22e;0x44c22e;0x115;__fastcall;;uint;int*
;FUN_0044c343;0x44c343;0x135;__fastcall;;uint;int*
;FUN_0044c478;0x44c478;0x143;__fastcall;;uint;int*
;FUN_0044c5bb;0x44c5bb;0x12a;__fastcall;;uint;int*
;FUN_0044c6e5;0x44c6e5;0x9b;__fastcall;;uint;int*
;FUN_0044c780;0x44c780;0x138;__fastcall;;uint;int*
;FUN_0044c8b8;0x44c8b8;0x119;__fastcall;;uint;int*
;FUN_0044c9d1;0x44c9d1;0x138;__fastcall;;uint;int*
;FUN_0044cb09;0x44cb09;0x12a;__fastcall;;uint;int*
;FUN_0044cc33;0x44cc33;0x138;__fastcall;;uint;int*
;FUN_0044cd6b;0x44cd6b;0xf1;__stdcall;;uint
;FUN_0044ce5c;0x44ce5c;0x202;__stdcall;;uint
;FUN_0044d05e;0x44d05e;0x204;__stdcall;;uint
;FUN_0044d262;0x44d262;0x403;__stdcall;;uint
;FUN_0044d685;0x44d685;0x492;__stdcall;;uint
;FUN_0044db17;0x44db17;0xf6;__cdecl;;uint*;int
;FUN_0044dc0d;0x44dc0d;0x3e6;__stdcall;;uint
;FUN_0044dff3;0x44dff3;0x731;__stdcall;;uint
;FUN_0044e724;0x44e724;0x3a2;__stdcall;;uint
;FUN_0044eac6;0x44eac6;0x140;__thiscall;;int;int*;int;uint;uint
;FUN_0044ec06;0x44ec06;0x10;__fastcall;;uchar;uint*
;FUN_0044ec16;0x44ec16;0x7a;__fastcall;;uint;uchar*
;FUN_0044ec90;0x44ec90;0x5;__fastcall;;uint;uchar*
;FUN_0044ec95;0x44ec95;0x472;__thiscall;;int;void*;uint*;int*;uint;uint*;uint;uint
;FUN_0044f107;0x44f107;0x13;__fastcall;;uchar;uint*
;FUN_0044f11d;0x44f11d;0x2f7;__thiscall;;uint;void*;int
;FUN_0044f415;0x44f415;0xa0;__stdcall;;uchar
;FUN_0044f4b5;0x44f4b5;0x3fa;__stdcall;;uchar
;FUN_0044f8af;0x44f8af;0x20;__fastcall;;uchar;uint
;FUN_0044f8cf;0x44f8cf;0x24c;__thiscall;;uint*;void*;uint*;uint;uint
;FUN_0044fb1b;0x44fb1b;0x1f;__thiscall;;uint*;void*;uchar
;FUN_0044fb3a;0x44fb3a;0x7b;__stdcall;;uint
;FUN_0044fbb5;0x44fbb5;0xcc;__fastcall;;uchar;int*
;FUN_0044fc81;0x44fc81;0x73;__thiscall;;uchar;void*;uint
;FUN_0044fcf4;0x44fcf4;0xec;__thiscall;;uchar;void*;uint;uint;int
;FUN_0044fde0;0x44fde0;0x123;__thiscall;;uchar;void*;uint;uint;int
;FUN_0044ff03;0x44ff03;0x101;__thiscall;;uchar;void*;uint;uint;int
;FUN_00450004;0x450004;0x101;__thiscall;;uchar;void*;uint;uint;int
;FUN_00450105;0x450105;0x101;__thiscall;;uchar;void*;uint;uint;int
;FUN_00450206;0x450206;0x11d;__thiscall;;uchar;void*;uint;uint;int
;FUN_00450323;0x450323;0x123;__thiscall;;uchar;void*;uint;uint;int
;FUN_00450446;0x450446;0xfe;__thiscall;;uchar;void*;uint;uint;int
;FUN_00450544;0x450544;0xa9;__thiscall;;uchar;void*;uint;uint;int
;FUN_004505ed;0x4505ed;0x123;__thiscall;;uchar;void*;uint;uint;int
;FUN_00450710;0x450710;0x101;__thiscall;;uchar;void*;uint;uint;int
;FUN_00450811;0x450811;0x123;__thiscall;;uchar;void*;uint;uint;int
;FUN_00450934;0x450934;0xd0;__thiscall;;uchar;void*;uint;uint;int
;FUN_00450a04;0x450a04;0x118;__thiscall;;uchar;void*;uint;uint;float*
;FUN_00450b1c;0x450b1c;0xc5;__thiscall;;uchar;void*;uint;float;uint
;FUN_00450be1;0x450be1;0xc5;__thiscall;;uchar;void*;uint;uint;int
;FUN_00450ca6;0x450ca6;0xf6;__thiscall;;uchar;void*;uint;uint;int
;FUN_00450d9c;0x450d9c;0xeb;__thiscall;;uchar;void*;uint;uint;int
;FUN_00450e87;0x450e87;0xd5;__thiscall;;uchar;void*;uint;uint;int
;FUN_00450f5c;0x450f5c;0x105;__thiscall;;uchar;void*;uint;uint;int
;FUN_00451061;0x451061;0x10b;__thiscall;;uchar;void*;uint;uint;int
;FUN_0045116c;0x45116c;0x13a;__thiscall;;uchar;void*;uint;uint;int
;FUN_004512a6;0x4512a6;0xd6;__thiscall;;uchar;void*;uint;uint;int
;FUN_0045137c;0x45137c;0x10a;__thiscall;;uchar;void*;uint;uint;int
;FUN_00451486;0x451486;0x136;__thiscall;;uchar;void*;uint;uint;int
;FUN_004515bc;0x4515bc;0xc7;__thiscall;;uchar;void*;uint;uint;int
;FUN_00451683;0x451683;0xc7;__thiscall;;uchar;void*;uint;uint;int
;FUN_0045174a;0x45174a;0xee;__thiscall;;uchar;void*;uint;uint;int
;FUN_00451838;0x451838;0xef;__thiscall;;uchar;void*;uint;uint;int
;FUN_00451927;0x451927;0x15c;__thiscall;;uchar;void*;uint;uint;int
;FUN_00451a83;0x451a83;0x8c;__thiscall;;uchar;void*;int;int;float*
;FUN_00451b0f;0x451b0f;0xa6;__thiscall;;uchar;void*;int;int;float*
;FUN_00451bb5;0x451bb5;0x9c;__thiscall;;uchar;void*;int;int;float*
;FUN_00451c51;0x451c51;0xa5;__thiscall;;uchar;void*;int;int;float*
;FUN_00451cf6;0x451cf6;0xa2;__thiscall;;uchar;void*;int;int;float*
;FUN_00451d98;0x451d98;0xb0;__thiscall;;uchar;void*;int;int;float*
;FUN_00451e48;0x451e48;0xaf;__thiscall;;uchar;void*;int;int;float*
;FUN_00451ef7;0x451ef7;0xd6;__thiscall;;uchar;void*;int;int;float*
;FUN_00451fcd;0x451fcd;0x92;__thiscall;;uchar;void*;int;int;float*
;FUN_0045205f;0x45205f;0xa2;__thiscall;;uchar;void*;int;int;float*
;FUN_00452101;0x452101;0x72;__thiscall;;uchar;void*;int;int;uint*
;FUN_00452173;0x452173;0xb2;__thiscall;;uchar;void*;int;int;float*
;FUN_00452225;0x452225;0x9f;__thiscall;;uchar;void*;int;int;float*
;FUN_004522c4;0x4522c4;0x87;__thiscall;;uchar;void*;int;int;uint*
;FUN_0045234b;0x45234b;0x65;__thiscall;;uchar;void*;int;int;uint*
;FUN_004523b0;0x4523b0;0x6e;__thiscall;;uchar;void*;int;int;float*
;FUN_0045241e;0x45241e;0x89;__thiscall;;uchar;void*;int;int;float*
;FUN_004524a7;0x4524a7;0x89;__thiscall;;uchar;void*;int;int;float*
;FUN_00452530;0x452530;0x82;__thiscall;;uchar;void*;int;int;float*
;FUN_004525b2;0x4525b2;0xb1;__thiscall;;uchar;void*;int;int;float*
;FUN_00452663;0x452663;0x91;__thiscall;;uchar;void*;int;int;float*
;FUN_004526f4;0x4526f4;0x97;__thiscall;;uchar;void*;int;int;float*
;FUN_0045278b;0x45278b;0x83;__thiscall;;uchar;void*;int;int;float*
;FUN_0045280e;0x45280e;0xba;__thiscall;;uchar;void*;int;int;float*
;FUN_004528c8;0x4528c8;0xd3;__thiscall;;uchar;void*;int;int;float*
;FUN_0045299b;0x45299b;0x70;__thiscall;;uchar;void*;int;int;float*
;FUN_00452a0b;0x452a0b;0x8e;__thiscall;;uchar;void*;int;int;float*
;FUN_00452a99;0x452a99;0x8c;__thiscall;;uchar;void*;int;int;float*
;FUN_00452b25;0x452b25;0xe0;__thiscall;;uchar;void*;int;int;float*
;FUN_00452c05;0x452c05;0x1f;__thiscall;;uint*;void*;uint*
;FUN_00452c24;0x452c24;0xf8;__stdcall;;uint*
;FUN_00452d1c;0x452d1c;0x1f;__thiscall;;uint*;void*;uint*
;FUN_00452d3b;0x452d3b;0x1f;__thiscall;;uint*;void*;uint*
;FUN_00452d5a;0x452d5a;0x1f;__thiscall;;uint*;void*;uint*
;FUN_00452d79;0x452d79;0x1ec;__fastcall;;uint;int
;FUN_00452f65;0x452f65;0x1f;__thiscall;;uint*;void*;uint*
;FUN_00452f89;0x452f89;0x1f;__thiscall;;uint*;void*;uint*
;FUN_00452fa8;0x452fa8;0x2d1;__thiscall;;int;void*;uint;uint;uint
;FUN_00453279;0x453279;0x1f;__thiscall;;uint*;void*;uint*
;FUN_00453298;0x453298;0x1f;__thiscall;;uint*;void*;uint*
;FUN_004532b7;0x4532b7;0x1f;__thiscall;;uint*;void*;uint*
;FUN_004532d6;0x4532d6;0x1f;__thiscall;;uint*;void*;uchar
;FUN_004532f5;0x4532f5;0x1f;__thiscall;;uint*;void*;uint*
;FUN_00453314;0x453314;0x1f;__thiscall;;uint*;void*;uint*
;FUN_00453333;0x453333;0x8d;__thiscall;;uchar;void*;int;int;uint*
;FUN_004533c0;0x4533c0;0x1f;__thiscall;;uint*;void*;uint*
;FUN_004533df;0x4533df;0x6f;__thiscall;;uchar;void*;int;int;uint*
;FUN_0045344e;0x45344e;0x1f;__thiscall;;uint*;void*;uint*
;FUN_0045346d;0x45346d;0x1f5;__thiscall;;uint*;void*;uint*
;FUN_00453662;0x453662;0x1f;__thiscall;;uint*;void*;uint*
;FUN_00453681;0x453681;0x1f;__thiscall;;uint*;void*;uint*
;FUN_004536a0;0x4536a0;0x1f;__thiscall;;uint*;void*;uint*
;FUN_004536bf;0x4536bf;0x1f;__thiscall;;uint*;void*;uint*
;FUN_004536de;0x4536de;0x1f;__thiscall;;uchar*;void*;uchar
;FUN_004536fd;0x4536fd;0x1f;__thiscall;;uint*;void*;uint*
;FUN_0045371c;0x45371c;0x101;__fastcall;;uchar;int
;FUN_0045381d;0x45381d;0x1f;__thiscall;;uint*;void*;uint*
;FUN_0045383c;0x45383c;0x1f;__thiscall;;uint*;void*;uint*
;FUN_0045385b;0x45385b;0x1f;__thiscall;;uint*;void*;uint*
;FUN_0045387a;0x45387a;0x1f;__thiscall;;uint*;void*;uint*
;FUN_00453899;0x453899;0x1f;__thiscall;;uint*;void*;uint*
;FUN_004538b8;0x4538b8;0x1f;__thiscall;;uint*;void*;uint*
;FUN_004538d7;0x4538d7;0x1f;__thiscall;;uint*;void*;uint*
;FUN_004538f6;0x4538f6;0x1f;__thiscall;;uint*;void*;uint*
;FUN_00453915;0x453915;0x1f;__thiscall;;uint*;void*;uint*
;FUN_00453934;0x453934;0x2a9;__stdcall;;uchar
;FUN_00453bdd;0x453bdd;0x1f;__thiscall;;uint*;void*;uint*
;FUN_00453bfc;0x453bfc;0x1f;__thiscall;;uint*;void*;uint*
;FUN_00453c1b;0x453c1b;0x1f;__thiscall;;uint*;void*;uint*
;FUN_00453c3a;0x453c3a;0x1b;__thiscall;;uint*;void*;uint*
;FUN_00453c55;0x453c55;0x1b;__thiscall;;uint*;void*;uint*
;FUN_00453c70;0x453c70;0x1b;__thiscall;;uint*;void*;uint*
;FUN_00453c8b;0x453c8b;0x1b;__thiscall;;uint*;void*;uint*
;FUN_00453ca6;0x453ca6;0x1b;__thiscall;;uint*;void*;uint*
;FUN_00453cc1;0x453cc1;0x1f;__thiscall;;uchar*;void*;uchar
;FUN_00453ce5;0x453ce5;0x49;__stdcall;;uchar
;FUN_00453d2e;0x453d2e;0x1b;__fastcall;;uint*;uint*;uchar;uint
;FUN_00453d49;0x453d49;0x1b;__fastcall;;uint*;uint*;uchar;uint
;FUN_00453d64;0x453d64;0x720;__stdcall;;int*
;FUN_004544c0;0x4544c0;0x1f;__thiscall;;uchar*;void*;uchar
;FUN_004544df;0x4544df;0x1f;__thiscall;;uchar*;void*;uchar
;FUN_00454503;0x454503;0x12;__fastcall;;uchar;uint*
;FUN_00454515;0x454515;0x10c;__thiscall;;uint;void*;wchar_t*;wchar_t*
;FUN_00454621;0x454621;0x41;__fastcall;;uint;uint*
;FUN_00454662;0x454662;0xb;__fastcall;;uchar;int*
;FUN_00454670;0x454670;0x10b;__cdecl;;uchar;uint*
;FUN_00454780;0x454780;0x10f;__cdecl;;uchar;uint*
;FUN_00454890;0x454890;0x304;__cdecl;;uchar;uint*
;FUN_00454ba0;0x454ba0;0x88;__stdcall;;undefined8
;Catch@00454c28;0x454c28;0xd;__stdcall;;uchar*
;FUN_00454c35;0x454c35;0xc1;__stdcall;;undefined8
;FUN_00454cfe;0x454cfe;0x7e;__stdcall;;float*;float*;float*;float*
;FUN_00454d7c;0x454d7c;0x4a;__stdcall;;float*;float*;float*;float*
;FUN_00454dc6;0x454dc6;0xac;__stdcall;;float*;float*;float*;float*
;FUN_00454e72;0x454e72;0x74;__stdcall;;float*;float*;float*;float*
;FUN_00454ee6;0x454ee6;0xba;__stdcall;;float*;float*;float*;float*
;FUN_00454fa0;0x454fa0;0xdd;__stdcall;;float*;float*;float*
;FUN_0045507d;0x45507d;0x101;__stdcall;;float*;float*;float*;float*
;FUN_0045517e;0x45517e;0xae;__stdcall;;float*;float*;float*;float*
;FUN_0045522c;0x45522c;0x3f;__cdecl;;uchar;uint*
;FUN_0045526b;0x45526b;0x4c;__fastcall;;uchar;uint
;FUN_004552b7;0x4552b7;0x7e;__fastcall;;uint;float*
;FUN_00455335;0x455335;0x30;__fastcall;;uint;float*
;FUN_00455365;0x455365;0x20;__fastcall;;uchar;uint
;FUN_00455385;0x455385;0xfa;__fastcall;;uint;float*
;FUN_0045547f;0x45547f;0x305;__cdecl;;uchar;float*;float*;int;uint
;FUN_00455784;0x455784;0x572;__cdecl;;uchar;float*;float*;int;float
;FUN_00455cf6;0x455cf6;0x8cb;__cdecl;;uint;ushort*;float
;FUN_004565c1;0x4565c1;0x13e;__cdecl;;uint;float*;ushort*
;FUN_004566ff;0x4566ff;0x83;__cdecl;;int;float*;uint*
;FUN_00456782;0x456782;0x13c;__cdecl;;int;float*;uchar*
;FUN_004568be;0x4568be;0x1a;__cdecl;;int;ushort*
;FUN_004568d8;0x4568d8;0x114;__cdecl;;uchar;uint*;int
;FUN_004569ec;0x4569ec;0x471;__cdecl;;int;char*;int
;FUN_00456e5d;0x456e5d;0x24;__cdecl;;int;float*;uint*
;FUN_00456e81;0x456e81;0x24;__cdecl;;int;float*;uchar*
;FUN_00456ea5;0x456ea5;0x34;__cdecl;;int;uint*
;FUN_00456ed9;0x456ed9;0x34;__cdecl;;int;char*
;FUN_00456f10;0x456f10;0x58;__cdecl;;uint*;uint*
;FUN_00456f70;0x456f70;0xa8;__cdecl;;uint*;uint*
;FUN_00457020;0x457020;0x59;__cdecl;;uint*;uint*
;FUN_00457080;0x457080;0x59;__cdecl;;uint*;uint*
;FUN_004570e0;0x4570e0;0x59;__cdecl;;uint*;uint*
;FUN_00457140;0x457140;0x46;__cdecl;;uint*;uint*
;FUN_00457190;0x457190;0x117;__cdecl;;uchar;uint*
;FUN_004572b0;0x4572b0;0xc;__fastcall;;uint;uint
;FUN_004572c0;0x4572c0;0x11;__fastcall;;uint*;uint*
;FUN_004572e0;0x4572e0;0x39;__thiscall;;uint*;void*;uint
;FUN_00457320;0x457320;0x26;__stdcall;;uchar
;FUN_00457350;0x457350;0x54;__fastcall;;uint*;uint*;uchar;uint
;FUN_004573b0;0x4573b0;0x35;__thiscall;;uint*;void*;uint
;FUN_00459110;0x459110;0x6c;__stdcall;;float*;float*;float*;float*;float*;float;float
;FUN_0045b270;0x45b270;0xc3;__stdcall;;int;undefined8*;undefined8*;uint*
;FUN_0045b890;0x45b890;0x23;__stdcall;;uint;undefined8*;ulonglong*;uint
;FUN_0045b8b3;0x45b8b3;0x6c;__stdcall;;uchar;undefined8*;ulonglong*;uint
;FUN_0045b920;0x45b920;0x162;__stdcall;;undefined8*;undefined8*;undefined8*;undefined8*;uint
;FUN_0045ba90;0x45ba90;0x33;__stdcall;;undefined8*;undefined8*;undefined8*;undefined8*;undefined8*;uint;uint
;FUN_0045bac3;0x45bac3;0x8d;__stdcall;;undefined8*;undefined8*;undefined8*;undefined8*;undefined8*;uint;uint
;FUN_0045bb82;0x45bb82;0x92;__stdcall;;uchar;undefined8*;undefined8*;undefined8*;undefined8*;undefined8*;uint
;FUN_0045bca0;0x45bca0;0x23;__stdcall;;uint;undefined8*;undefined8*
;FUN_0045bcc3;0x45bcc3;0xa7;__stdcall;;uchar;undefined8*;undefined8*
;FUN_0045be6d;0x45be6d;0xa59;__stdcall;;uchar;undefined8*;undefined8*;ulonglong*;ulonglong*;ulonglong*;ulonglong*;ulonglong*
;FUN_0045c8d0;0x45c8d0;0x258;__stdcall;;undefined8*;undefined8*;undefined8*;undefined8*
;FUN_0045cc20;0x45cc20;0x2f;__stdcall;;undefined8*;undefined8*;uint*;undefined8*
;FUN_0045ccc0;0x45ccc0;0x116;__stdcall;;undefined8*;undefined8*;undefined8*;ulonglong*
;FUN_0045cde0;0x45cde0;0xff;__stdcall;;undefined8*;undefined8*;ulonglong*
;FUN_0045d130;0x45d130;0x39;__cdecl;;uchar;undefined8*
;FUN_0045d330;0x45d330;0x12;__stdcall;;uint;ulonglong*;undefined8*;undefined8*;ulonglong*;undefined8*;undefined8*;undefined8*
;FUN_0045d342;0x45d342;0x1198;__stdcall;;uchar;ulonglong*;undefined8*;undefined8*;ulonglong*;undefined8*;undefined8*;undefined8*
;FUN_0045e4f2;0x45e4f2;0x1a5;__stdcall;;uchar;undefined8*;undefined8;undefined8
;FUN_0045ec0a;0x45ec0a;0x119;__stdcall;;uchar;undefined8*;ulonglong*
;FUN_0045ed42;0x45ed42;0x1154;__stdcall;;uchar;ulonglong*;undefined8*;undefined8*;ulonglong*;undefined8*;undefined8*;undefined8*
;FUN_0045fea0;0x45fea0;0x2f9;__stdcall;;undefined8*;undefined8*;uint*;undefined8*
;FUN_004601a0;0x4601a0;0x41e;__stdcall;;undefined8*;undefined8*;undefined8*;undefined8*
;FUN_004605c0;0x4605c0;0x349;__stdcall;;undefined8*;undefined8*;uint*;undefined8*
;FUN_00460910;0x460910;0x87;__stdcall;;undefined8*;undefined8*;undefined8*;undefined8*
;FUN_004609a0;0x4609a0;0x7d;__stdcall;;undefined8*;undefined8*;undefined8*;undefined8*
;FUN_00460a20;0x460a20;0x79;__stdcall;;undefined8*;undefined8*;ulonglong*
;FUN_00460aa0;0x460aa0;0x2e;__stdcall;;undefined8*;undefined8*;undefined8*;undefined8*
;FUN_00460ad0;0x460ad0;0x172;__stdcall;;ulonglong*;ulonglong*;undefined8*;undefined8*;undefined8*;undefined8*;undefined8*
;FUN_00460c70;0x460c70;0x220;__stdcall;;ulonglong*;ulonglong*;undefined8*;undefined8*;undefined8*;undefined8*;undefined8*
;FUN_00461180;0x461180;0x201;__stdcall;;ulonglong*;ulonglong*;undefined8*;undefined8*;undefined8*;undefined8*;undefined8*
;FUN_004613b0;0x4613b0;0xa4;__stdcall;;undefined8*;undefined8*;undefined8*;undefined8*
;FUN_00461460;0x461460;0x1e0;__stdcall;;undefined8*;undefined8*;undefined8*;undefined8*
;FUN_00461640;0x461640;0x6b;__stdcall;;undefined8*;undefined8*;undefined8*;undefined8*
;FUN_004616b0;0x4616b0;0x4f;__stdcall;;undefined8*;undefined8*;undefined8*;undefined8*
;FUN_00461700;0x461700;0x7a;__stdcall;;undefined8*;undefined8*;undefined8*;undefined8*
;FUN_00461a10;0x461a10;0x98;__stdcall;;undefined8*;undefined8*;undefined8*;undefined8*
;FUN_004621b0;0x4621b0;0x7e;__stdcall;;undefined8*;undefined8*;ulonglong*
;FUN_004622d0;0x4622d0;0x1ec;__cdecl;;uchar;uint*;uint*;uint*
;FUN_004624c0;0x4624c0;0xe8;__stdcall;;uchar
;FUN_004625b0;0x4625b0;0x149;__cdecl;;uchar;uint*;uint*;uint*
;FUN_004627c0;0x4627c0;0xf5;__stdcall;;ulonglong
;FUN_004628c0;0x4628c0;0xf7;__stdcall;;ulonglong
;FUN_00462ea0;0x462ea0;0x113;__stdcall;;ulonglong
;FUN_00462fc0;0x462fc0;0x115;__stdcall;;uchar
;FUN_004633c2;0x4633c2;0xd;__stdcall;;uchar
;FUN_004633cf;0x4633cf;0xc;__stdcall;;uchar
;FUN_004633ef;0x4633ef;0xd;__stdcall;;uchar
;FUN_004633fc;0x4633fc;0xc;__stdcall;;uchar
;FUN_0046341c;0x46341c;0xf;__stdcall;;uchar
;FUN_0046342b;0x46342b;0xc;__stdcall;;uchar
;FUN_00463460;0x463460;0xf;__stdcall;;uchar
;FUN_0046346f;0x46346f;0xc;__stdcall;;uchar
;FUN_004634a4;0x4634a4;0xd;__stdcall;;uchar
;FUN_004634b1;0x4634b1;0xc;__stdcall;;uchar
;FUN_004634d1;0x4634d1;0xf;__stdcall;;uchar
;FUN_004634e0;0x4634e0;0xc;__stdcall;;uchar
;FUN_00463500;0x463500;0xf;__stdcall;;uchar
;FUN_0046350f;0x46350f;0xc;__stdcall;;uchar
;FUN_00463525;0x463525;0x15e;__stdcall;;uint
;FUN_004636aa;0x4636aa;0x5f;__stdcall;;int*
;FUN_00463709;0x463709;0x5f;__stdcall;;int*
;FUN_00463768;0x463768;0xb;__fastcall;;uchar;uint*
;FUN_00463773;0x463773;0x10;__fastcall;;uchar;int
;FUN_00463783;0x463783;0x10;__fastcall;;uchar;int
;FUN_00463793;0x463793;0x4d;__cdecl;;uint;int;int*;int
;FUN_0046380a;0x46380a;0xc;__stdcall;;uchar
;FUN_00463816;0x463816;0xc;__stdcall;;uchar
;FUN_0046382d;0x46382d;0xa;__stdcall;;uchar
;FUN_00463837;0x463837;0xc;__stdcall;;uchar
;FUN_00463857;0x463857;0xa;__stdcall;;uchar
;FUN_00463861;0x463861;0xc;__stdcall;;uchar
;FUN_00463881;0x463881;0xd;__stdcall;;uchar
;FUN_0046388e;0x46388e;0xc;__stdcall;;uchar
;FUN_004638ae;0x4638ae;0xd;__stdcall;;uchar
;FUN_004638bb;0x4638bb;0xc;__stdcall;;uchar
;FUN_004638db;0x4638db;0xd;__stdcall;;uchar
;FUN_004638e8;0x4638e8;0xc;__stdcall;;uchar
;FUN_00463908;0x463908;0xf;__stdcall;;uchar
;FUN_00463917;0x463917;0xc;__stdcall;;uchar
;FUN_0046392d;0x46392d;0x15;__fastcall;;uchar;int*
;FUN_0046394c;0x46394c;0xf;__stdcall;;uchar
;FUN_0046395b;0x46395b;0xc;__stdcall;;uchar
;FUN_00463971;0x463971;0x15;__fastcall;;uchar;int*
;FUN_00463990;0x463990;0xf;__stdcall;;uchar
;FUN_0046399f;0x46399f;0xc;__stdcall;;uchar
;FUN_004639bf;0x4639bf;0xf;__stdcall;;uchar
;FUN_004639ce;0x4639ce;0xc;__stdcall;;uchar
;FUN_004639e4;0x4639e4;0x167;__stdcall;;uint
;FUN_00463b4b;0x463b4b;0x27;__stdcall;;uchar
;FUN_00463b72;0x463b72;0x6a;__stdcall;;int*
;FUN_00463bdc;0x463bdc;0x5f;__stdcall;;int*
;FUN_00463c3b;0x463c3b;0x4a;__fastcall;;int*;int*
;FUN_00463c85;0x463c85;0xb;__fastcall;;uchar;uint*
;FUN_00463c90;0x463c90;0x68;__stdcall;;int*
;FUN_00463cf8;0x463cf8;0x5f;__stdcall;;int*
;FUN_00463d57;0x463d57;0x60;__stdcall;;uint*
;FUN_00463db7;0x463db7;0xe;__fastcall;;uchar;uint*
;uflow;0x463dd1;0x21;__fastcall;;ushort;int*
;FUN_00463df2;0x463df2;0x87;__thiscall;;int;void*;short*;int
;FUN_00463e79;0x463e79;0x88;__thiscall;;int;void*;ushort*;uint*
;FUN_00463f01;0x463f01;0x37;__stdcall;;uchar;uint*
;FUN_00463f38;0x463f38;0x37;__stdcall;;uchar;uint*
;FUN_00463f77;0x463f77;0xb;__fastcall;;uchar;uint*
;FUN_00463f82;0x463f82;0x65;__stdcall;;uchar
;FUN_00463fe7;0x463fe7;0x148;__thiscall;;uint;void*;uint
;FUN_0046412f;0x46412f;0xb7;__thiscall;;uint;void*;uint
;FUN_004641e6;0x4641e6;0x2e;__fastcall;;uint;int*
;FUN_00464214;0x464214;0x11e;__fastcall;;short;void*
;FUN_00464332;0x464332;0x82;__thiscall;;uchar;void*;uint*;int;ulong
;FUN_004643b4;0x4643b4;0xc2;__thiscall;;uchar;void*;uint*;int;uint;long;uint;uint
;FUN_00464476;0x464476;0x2e;__thiscall;;int;void*;int*;int
;FUN_004644dc;0x4644dc;0x1c;__thiscall;;uint*;void*;uchar
;FUN_00464517;0x464517;0x1c;__thiscall;;uint*;void*;uchar
;FUN_00464533;0x464533;0x1c;__thiscall;;uchar*;void*;uchar
;FUN_0046454f;0x46454f;0x4a;__thiscall;;uchar;void*;uint;char
;FUN_00464599;0x464599;0x14;__thiscall;;uchar;void*;int
;FUN_004645ad;0x4645ad;0x11;__fastcall;;uint;int
;Gninc;0x4645be;0x10;__fastcall;;uchar;int
;FUN_004645ce;0x4645ce;0x14;__thiscall;;uchar;void*;int
;FUN_004645e2;0x4645e2;0x10;__fastcall;;uchar;int
;FUN_004645f2;0x4645f2;0x27;__fastcall;;void*;void*
;FUN_00464619;0x464619;0x56;__thiscall;;uchar;void*;uint;int
;FUN_0046466f;0x46466f;0x42;__fastcall;;uchar;int
;FUN_004646db;0x4646db;0xc;__stdcall;;uchar
;FUN_004646e7;0x4646e7;0xc;__stdcall;;uchar
??3@YAXPAX@Z;operator_delete;0x4646f3;0xb;__cdecl;;void;void*
;FUN_004646fe;0x4646fe;0x9b;__stdcall;;uchar
;FUN_0046479a;0x46479a;0x64;__stdcall;;uint*
;FUN_0046480b;0x46480b;0x1d;__stdcall;;uchar
;FUN_00464828;0x464828;0x3d;__stdcall;;uchar
;FUN_00464865;0x464865;0x1c;__thiscall;;uchar*;void*;uchar
;FUN_00464881;0x464881;0x5d;__stdcall;;uint*
;FUN_004648de;0x4648de;0x3d;__stdcall;;uchar
;FUN_0046491b;0x46491b;0x1d;__stdcall;;uchar
;FUN_00464954;0x464954;0x18;__fastcall;;uint*;uint*;uchar;uint
;FUN_0046496c;0x46496c;0x50;__stdcall;;uchar
;FUN_004649bc;0x4649bc;0x22;__thiscall;;uchar;void*;uint
;FUN_004649de;0x4649de;0x35;__fastcall;;uchar;int
;FUN_00464a13;0x464a13;0x38;__fastcall;;uchar;int
;FUN_00464a4b;0x464a4b;0x42;__fastcall;;uchar;void*
;FUN_00464a8d;0x464a8d;0x79;__cdecl;;_iobuf*;char*;uint
;FUN_00464b30;0x464b30;0xc;__stdcall;;uchar
;FUN_00464b3c;0x464b3c;0xc;__stdcall;;uchar
;FUN_00464b48;0x464b48;0x59;__stdcall;;uchar
;FUN_00464ba2;0x464ba2;0x64;__stdcall;;uint*
;FUN_00464c06;0x464c06;0x1d;__stdcall;;uchar
;FUN_00464c23;0x464c23;0x3d;__stdcall;;uchar
;FUN_00464c60;0x464c60;0x1c;__thiscall;;uchar*;void*;uchar
;FUN_00464c7c;0x464c7c;0x5d;__stdcall;;uint*
;FUN_00464cd9;0x464cd9;0x3d;__stdcall;;uchar
;FUN_00464d16;0x464d16;0x1d;__stdcall;;uchar
;FUN_00464d4f;0x464d4f;0x18;__fastcall;;uint*;uint*;uchar;uint
;FUN_00464d67;0x464d67;0x59;__stdcall;;uchar
;FUN_00464dc1;0x464dc1;0x3d;__stdcall;;uchar
;FUN_00464dfe;0x464dfe;0x1d;__stdcall;;uchar
;FUN_00464e37;0x464e37;0x18;__fastcall;;uint*;uint*;uchar;uint
;FUN_00464e79;0x464e79;0xc;__stdcall;;uchar
;FUN_00464e85;0x464e85;0xc;__stdcall;;uchar
;FUN_00464e9b;0x464e9b;0x1;__stdcall;;uchar
;FUN_00464e9c;0x464e9c;0xc;__stdcall;;uchar
;FUN_00464eb2;0x464eb2;0x3f;__thiscall;;int;void*;uint;char
;FUN_00464ef1;0x464ef1;0x20;__fastcall;;int;int*
;FUN_00464f11;0x464f11;0xb9;__stdcall;;uint*
;FUN_00464fca;0x464fca;0x48;__stdcall;;uchar;uchar;uint
;FUN_00465012;0x465012;0x72;__stdcall;;uint*
;FUN_00465084;0x465084;0x1c;__thiscall;;uchar*;void*;uchar
;FUN_004650a0;0x4650a0;0x81;__stdcall;;uchar
;FUN_0046514b;0x46514b;0xc;__stdcall;;uchar
;FUN_00465157;0x465157;0xc;__stdcall;;uchar
;FUN_00465163;0x465163;0x36;__thiscall;;uchar*;void*;uchar*
;FUN_00465199;0x465199;0x8e;__stdcall;;int*
;FUN_00465227;0x465227;0x325;__stdcall;;int
;FUN_0046554c;0x46554c;0x45;__fastcall;;uchar;int
;FUN_00465591;0x465591;0xf9;__stdcall;;uint*
;FUN_0046568a;0x46568a;0xaf;__stdcall;;uchar
;FUN_00465739;0x465739;0xb9;__stdcall;;uchar*
;FUN_004657f2;0x4657f2;0x75;__stdcall;;uchar
;FUN_00465867;0x465867;0x1a8;__stdcall;;uchar
;FUN_00465a0f;0x465a0f;0xc8;__stdcall;;uchar
;FUN_00465ad7;0x465ad7;0xc4;__stdcall;;uchar
;FUN_00465b9b;0x465b9b;0xaa;__stdcall;;uchar
;FUN_00465c45;0x465c45;0xaa;__stdcall;;uchar
;FUN_00465cef;0x465cef;0xa6;__stdcall;;uchar
;FUN_00465d95;0x465d95;0xa6;__stdcall;;uchar
;FUN_00465e3b;0x465e3b;0xa6;__stdcall;;uchar
;FUN_00465ee1;0x465ee1;0xf4;__stdcall;;uchar
;FUN_00465fd5;0x465fd5;0x1a8;__stdcall;;uint*
;FUN_0046617d;0x46617d;0x58;__stdcall;;uchar;uint*;uint;uint;int
;FUN_004661d5;0x4661d5;0x58;__stdcall;;uchar;uint*;uint;uint;int
;FUN_0046622d;0x46622d;0x7e;__stdcall;;uchar;uint*;uint;uint;int;uint;undefined8
;FUN_004662ab;0x4662ab;0x7e;__stdcall;;uchar;uint*;uint;uint;int;uint;undefined8
;FUN_00466329;0x466329;0xca;__stdcall;;uchar;uint*;uint;uint;int;uint;uint
;FUN_004663fb;0x4663fb;0x36;__thiscall;;uchar*;void*;uchar*
;FUN_00466431;0x466431;0x1c;__thiscall;;uint*;void*;uchar
;FUN_0046644d;0x46644d;0x2c;__fastcall;;uchar;uint*
;FUN_00466479;0x466479;0xa;__stdcall;;uint
;FUN_00466483;0x466483;0x38b;__stdcall;;uint
;FUN_0046680e;0x46680e;0x2ec;__cdecl;;int;uchar*;uint*;int*
;FUN_00466afa;0x466afa;0x5e;__cdecl;;uchar;uchar*;char;uint
;FUN_00466b58;0x466b58;0x2b3;__stdcall;;uchar
;FUN_00466e0b;0x466e0b;0x295;__stdcall;;uint*
;FUN_004670a0;0x4670a0;0x17;__thiscall;;uint;void*;uint
;FUN_004670b7;0x4670b7;0x17;__thiscall;;uint;void*;uint
;FUN_004670ce;0x4670ce;0x49;__fastcall;;uchar;int
;FUN_00467117;0x467117;0x46;__thiscall;;void*;void*;uint;char
;FUN_0046715d;0x46715d;0x22;__fastcall;;uchar;uint*
;FUN_0046717f;0x46717f;0x23;__fastcall;;uint;int*
;Peek;0x4671a2;0x24;__fastcall;;uchar;uint*
??4?$ostreambuf_iterator@DU?$char_traits@D@std@@@std@@QAEAAV01@D@Z;std::ostreambuf_iterator<char,struct_std::char_traits<char>_>::operator=;0x4671c6;0x21;__thiscall;;ostreambuf_iterator<char,struct_std::char_traits<char>_>*;ostreambuf_iterator<char,struct_std::char_traits<char>_>*;char
;FUN_004671e7;0x4671e7;0x32;__thiscall;;uint;void*;uchar
;FUN_00467219;0x467219;0x17;__thiscall;;uint;void*;uint
;FUN_00467230;0x467230;0xba;__stdcall;;uchar
;FUN_004672ea;0x4672ea;0xd1;__stdcall;;uchar
;FUN_004673bb;0x4673bb;0xd1;__stdcall;;uchar
;FUN_0046748c;0x46748c;0xb7;__stdcall;;uchar
;FUN_00467543;0x467543;0xb7;__stdcall;;uchar
;FUN_004675fa;0x4675fa;0x1b9;__stdcall;;uint
;FUN_004677b3;0x4677b3;0x21;__cdecl;;uint;uchar
;FUN_004677d4;0x4677d4;0x29;__cdecl;;uchar;char*
;FUN_004677fd;0x4677fd;0x3f;__thiscall;;uint;void*;int*
;FUN_0046783c;0x46783c;0x59;__stdcall;;uint*
;FUN_00467895;0x467895;0x26;__cdecl;;int;int
;FUN_004678bb;0x4678bb;0x26;__cdecl;;int;int
;FUN_004678e1;0x4678e1;0x26;__cdecl;;int;int
;FUN_00467952;0x467952;0x4b;__stdcall;;uchar;uchar;uint
;FUN_0046799d;0x46799d;0x4b;__stdcall;;uchar;uchar;uint
;FUN_00467a12;0x467a12;0xc;__stdcall;;uchar
;FUN_00467a1e;0x467a1e;0xc;__stdcall;;uchar
;FUN_00467a2a;0x467a2a;0xe8;__thiscall;;uint;void*;uint;uint*
;FUN_00467b12;0x467b12;0x60;__cdecl;;uchar;uint*
;FUN_00467b72;0x467b72;0xe1;__thiscall;;uint;void*;uint;ulong*
;FUN_00467c53;0x467c53;0x72;__cdecl;;int;char*;wchar_t;uint;int*
;FUN_00467cc5;0x467cc5;0xc;__stdcall;;undefined8
;FUN_00467cd1;0x467cd1;0x2e;__cdecl;;int;uint
;FUN_00467cff;0x467cff;0x3;__stdcall;;uchar
;FUN_00467d02;0x467d02;0x112;__cdecl;;uint;wchar_t*;uchar*;uint;uchar*;int*
;FUN_00467e14;0x467e14;0x41;__cdecl;;uint;int
;FUN_00467e55;0x467e55;0x4b;__stdcall;;uchar
;FUN_00467ea0;0x467ea0;0x19;__fastcall;;uint*;uint*;uchar;uchar
;FUN_00467eb9;0x467eb9;0xb;__fastcall;;uchar;exception*
;FUN_00467ec4;0x467ec4;0x1d;__fastcall;;uchar;int
;FUN_00467efd;0x467efd;0x18;__thiscall;;uint*;void*;int
;FUN_00467f1f;0x467f1f;0x73d;__stdcall;;uchar
;FUN_0046865c;0x46865c;0x9;__fastcall;;uchar;uint*
;FUN_00468665;0x468665;0x82;__thiscall;;bool;void*;uchar*;int;uchar*;int*;int;wchar_t*;int*
;FUN_004686e7;0x4686e7;0xd3;__thiscall;;uchar;void*;uint*;int;wchar_t*;int*;int;char*;int*
;FUN_004687ba;0x4687ba;0x4f;__thiscall;;int;void*;uint;wchar_t*;wchar_t*;uint
;FUN_0046880c;0x46880c;0x1c;__thiscall;;uint*;void*;uchar
;FUN_00468828;0x468828;0x27;__thiscall;;bool;void*;uint;uint
;FUN_0046888e;0x46888e;0x2c;__thiscall;;ushort*;void*;uint;ushort*;ushort*
;FUN_004688ba;0x4688ba;0x2c;__thiscall;;ushort*;void*;uint;ushort*;ushort*
;FUN_004688e6;0x4688e6;0x31;__thiscall;;uchar;void*;uint
;FUN_00468917;0x468917;0x2d;__thiscall;;ushort*;void*;ushort*;ushort*
;FUN_00468944;0x468944;0x31;__thiscall;;uchar;void*;uint
;FUN_00468975;0x468975;0x2d;__thiscall;;ushort*;void*;ushort*;ushort*
;FUN_004689b1;0x4689b1;0x2d;__stdcall;;char*;char*;char*;ushort*
;FUN_004689eb;0x4689eb;0x2c;__stdcall;;ushort*;ushort*;ushort*;uint;uchar*
;FUN_00468a17;0x468a17;0xdc;__stdcall;;uint*
;FUN_00468af3;0x468af3;0x1a8;__stdcall;;uchar
;FUN_00468c9b;0x468c9b;0xc8;__stdcall;;uchar
;FUN_00468d63;0x468d63;0xc4;__stdcall;;uchar
;FUN_00468e27;0x468e27;0xaa;__stdcall;;uchar
;FUN_00468ed1;0x468ed1;0xaa;__stdcall;;uchar
;FUN_00468f7b;0x468f7b;0xa6;__stdcall;;uchar
;FUN_00469021;0x469021;0xa6;__stdcall;;uchar
;FUN_004690c7;0x4690c7;0xa6;__stdcall;;uchar
;FUN_0046916d;0x46916d;0xfc;__stdcall;;uchar
;FUN_00469269;0x469269;0x1b3;__stdcall;;uint*
;FUN_0046941c;0x46941c;0x58;__stdcall;;uchar;uint*;uint;uint;int
;FUN_00469474;0x469474;0x58;__stdcall;;uchar;uint*;uint;uint;int
;FUN_004694cc;0x4694cc;0x7e;__stdcall;;uchar;uint*;uint;uint;int;uint;undefined8
;FUN_0046954a;0x46954a;0x7e;__stdcall;;uchar;uint*;uint;uint;int;uint;undefined8
;FUN_004695c8;0x4695c8;0xd2;__stdcall;;uchar;uint*;uint;uint;int;uint;uint
;FUN_0046969a;0x46969a;0x36;__thiscall;;uchar*;void*;uchar*
;FUN_004696d0;0x4696d0;0x43;__stdcall;;uint;ushort*;ushort*;ushort*;ushort*
;FUN_00469713;0x469713;0xd7;__stdcall;;uchar*
;FUN_0046980c;0x46980c;0x71;__thiscall;;uchar*;void*;uchar*;uint;uint;int;uchar*
;FUN_00469880;0x469880;0x133;__stdcall;;uint*
;FUN_004699b3;0x4699b3;0x8a;__stdcall;;uint*
;FUN_00469a3d;0x469a3d;0x134;__stdcall;;uint*
;FUN_00469b71;0x469b71;0x13c;__stdcall;;uint*
;FUN_00469cb7;0x469cb7;0x36;__thiscall;;uchar*;void*;uchar*
;FUN_00469ced;0x469ced;0x36;__thiscall;;uchar*;void*;uchar*
;FUN_00469d23;0x469d23;0x36;__thiscall;;uchar*;void*;uchar*
;FUN_00469d75;0x469d75;0xc4;__stdcall;;uchar;uint*;uint;uint
;FUN_00469e39;0x469e39;0x131;__thiscall;;uchar;void*;uint*;uint;uint;int;uint;uint;uint*;int
;FUN_00469f6a;0x469f6a;0x3e;__stdcall;;uchar;uint*;uint;uint
;FUN_00469fa8;0x469fa8;0x3e;__stdcall;;uchar;uint*;uint;uint
;FUN_00469fe6;0x469fe6;0x66;__stdcall;;uchar;uint*;uint;uint
;FUN_0046a04c;0x46a04c;0x1c;__thiscall;;uint*;void*;uchar
;~ctype<>;0x46a068;0x20;__fastcall;;uchar;uint*
;FUN_0046a088;0x46a088;0x1c;__thiscall;;uint*;void*;uchar
;~time_put<>;0x46a0a4;0x1a;__fastcall;;uchar;uint*
;FUN_0046a0be;0x46a0be;0x1c;__thiscall;;uint*;void*;uchar
;FUN_0046a0da;0x46a0da;0x2c;__fastcall;;uchar;uint*
;FUN_0046a106;0x46a106;0x1c;__thiscall;;uint*;void*;uchar
;FUN_0046a122;0x46a122;0x23;__fastcall;;uchar;uint*
;FUN_0046a145;0x46a145;0x1c;__thiscall;;uint*;void*;uchar
;FUN_0046a161;0x46a161;0x1c;__thiscall;;uint*;void*;uchar
;FUN_0046a17d;0x46a17d;0x23;__fastcall;;uchar;uint*
;FUN_0046a1a0;0x46a1a0;0x34;__fastcall;;uchar;uint*
;FUN_0046a1d4;0x46a1d4;0x1c;__thiscall;;uint*;void*;uchar
;FUN_0046a1f5;0x46a1f5;0x28;__thiscall;;uchar;void*;uchar*
;FUN_0046a21d;0x46a21d;0x18;__stdcall;;uint*;uint*
;FUN_0046a235;0x46a235;0x22;__thiscall;;uchar*;void*;uint
;FUN_0046a257;0x46a257;0x31;__thiscall;;uint;void*;uint
;FUN_0046a288;0x46a288;0x3cf;__stdcall;;uint
;FUN_0046a657;0x46a657;0x34b;__cdecl;;int;uchar*;uint*;int*
;FUN_0046a9a2;0x46a9a2;0x2e5;__stdcall;;uchar
;FUN_0046ac87;0x46ac87;0x5a;__cdecl;;uchar;uchar*;char;uint
;FUN_0046ace1;0x46ace1;0x2ae;__stdcall;;uint*
;FUN_0046af8f;0x46af8f;0x5d;__fastcall;;uchar;int
;FUN_0046afec;0x46afec;0x28;__fastcall;;uchar;int
;FUN_0046b014;0x46b014;0x8a1;__stdcall;;uchar*
;FUN_0046b8b5;0x46b8b5;0x5ce;__stdcall;;uint*
;FUN_0046be83;0x46be83;0x8;__fastcall;;uchar;void*
;FUN_0046be8b;0x46be8b;0x69;__thiscall;;void*;void*;uint;ushort
;FUN_0046bef4;0x46bef4;0x26;__thiscall;;uchar;void*;uint
;FUN_0046bf1a;0x46bf1a;0x40;__stdcall;;uint*
;FUN_0046bf5a;0x46bf5a;0x33;__thiscall;;uchar;void*;void*
;FUN_0046bf8d;0x46bf8d;0x46;__fastcall;;char*;void*
;FUN_0046bfd3;0x46bfd3;0x47;__fastcall;;char*;int
;FUN_0046c01a;0x46c01a;0x155;__cdecl;;uchar;uchar*;int*;int;int;int*
;FUN_0046c16f;0x46c16f;0x23;__fastcall;;uchar;uint*
;FUN_0046c192;0x46c192;0x24;__fastcall;;ushort;int*
;Peek;0x46c1b6;0x27;__fastcall;;ushort;uint*
;FUN_0046c1dd;0x46c1dd;0x1f;__fastcall;;uint;int*
;FUN_0046c1fc;0x46c1fc;0x17;__thiscall;;uint;void*;uint
;FUN_0046c213;0x46c213;0xde;__thiscall;;void*;void*;void*;uint;uint
;FUN_0046c2f1;0x46c2f1;0x42;__thiscall;;void*;void*;ushort*;uint
;FUN_0046c333;0x46c333;0x58;__thiscall;;void*;void*;uint;ushort
;FUN_0046c38b;0x46c38b;0x95;__thiscall;;void*;void*;uint;uint;ushort
;FUN_0046c420;0x46c420;0x45;__cdecl;;uchar;ushort*;ushort*;int
;FUN_0046c465;0x46c465;0x6c;__thiscall;;void*;void*;uint;uint
;FUN_0046c4d1;0x46c4d1;0x2c;__fastcall;;uchar;void*
;FUN_0046c4fd;0x46c4fd;0x89;__thiscall;;uint;void*;uint;char
;FUN_0046c586;0x46c586;0x3d;__thiscall;;uchar;void*;char
;FUN_0046c5c3;0x46c5c3;0x17;__thiscall;;uint;void*;uint
;FUN_0046c5da;0x46c5da;0xeb;__fastcall;;uchar;void*
;FUN_0046c6c5;0x46c6c5;0x92;__thiscall;;void*;void*;int;uint;uint
;FUN_0046c757;0x46c757;0x44;__stdcall;;uchar
;Catch@0046c79b;0x46c79b;0x21;__stdcall;;uchar*
;FUN_0046c7c2;0x46c7c2;0x67;__stdcall;;uchar
;FUN_0046c829;0x46c829;0x30;__fastcall;;uchar;void*
;FUN_0046c859;0x46c859;0x61;__thiscall;;uchar;void*;uint*;uchar;uchar;char
;FUN_0046c8ba;0x46c8ba;0xb7;__stdcall;;uchar
;FUN_0046c971;0x46c971;0xd1;__stdcall;;uchar
;FUN_0046ca42;0x46ca42;0xd1;__stdcall;;uchar
;FUN_0046cb13;0x46cb13;0xb7;__stdcall;;uchar
;FUN_0046cbca;0x46cbca;0xb7;__stdcall;;uchar
;FUN_0046cc81;0x46cc81;0xb7;__stdcall;;uchar
;FUN_0046cd38;0x46cd38;0xd1;__stdcall;;uchar
;FUN_0046ce09;0x46ce09;0xd1;__stdcall;;uchar
;FUN_0046ceda;0x46ceda;0xc3;__stdcall;;uchar
;FUN_0046cf9d;0x46cf9d;0xc3;__stdcall;;uchar
;FUN_0046d060;0x46d060;0xb7;__stdcall;;uchar
;FUN_0046d117;0x46d117;0xb7;__stdcall;;uchar
;FUN_0046d1ce;0x46d1ce;0xb7;__stdcall;;uchar
;FUN_0046d285;0x46d285;0x54;__stdcall;;uint*
;FUN_0046d2d9;0x46d2d9;0x1cc;__stdcall;;uint
;FUN_0046d4a5;0x46d4a5;0x3e;__cdecl;;ushort*;char*
;FUN_0046d4e3;0x46d4e3;0x60;__stdcall;;uint*
;FUN_0046d543;0x46d543;0x6d;__stdcall;;uint*
;FUN_0046d5b0;0x46d5b0;0x3f;__thiscall;;uint;void*;int*
;FUN_0046d5ef;0x46d5ef;0x59;__stdcall;;uint*
;FUN_0046d648;0x46d648;0x54;__stdcall;;uint*
;FUN_0046d69c;0x46d69c;0x72;__stdcall;;uint*
;FUN_0046d70e;0x46d70e;0x59;__stdcall;;uint*
;FUN_0046d767;0x46d767;0x26;__cdecl;;int;int
;FUN_0046d78d;0x46d78d;0x26;__cdecl;;int;int
;FUN_0046d7b3;0x46d7b3;0x26;__cdecl;;int;int
;FUN_0046d7d9;0x46d7d9;0x26;__cdecl;;int;int
;FUN_0046d7ff;0x46d7ff;0x26;__cdecl;;int;int
;FUN_0046d825;0x46d825;0x26;__cdecl;;int;int
;FUN_0046d84b;0x46d84b;0x26;__cdecl;;int;int
;FUN_0046d871;0x46d871;0x26;__cdecl;;int;int
;FUN_0046d897;0x46d897;0x26;__cdecl;;int;int
;FUN_0046d8bd;0x46d8bd;0x26;__cdecl;;int;int
;FUN_0046d8e3;0x46d8e3;0x26;__cdecl;;int;int
;FUN_0046d909;0x46d909;0x26;__cdecl;;int;int
;FUN_0046d92f;0x46d92f;0x26;__cdecl;;int;int
;FUN_0046d955;0x46d955;0x5f;__stdcall;;uint*
;FUN_0046d9b4;0x46d9b4;0x4b;__stdcall;;uchar;uchar;uint
;FUN_0046d9ff;0x46d9ff;0x4b;__stdcall;;uchar;uchar;uint
;FUN_0046da4a;0x46da4a;0x4b;__stdcall;;uchar;uchar;uint
;FUN_0046da95;0x46da95;0x4b;__stdcall;;uchar;uchar;uint
;FUN_0046dae0;0x46dae0;0x4b;__stdcall;;uchar;uchar;uint
;FUN_0046db2b;0x46db2b;0x4b;__stdcall;;uchar;uchar;uint
;FUN_0046db76;0x46db76;0x4b;__stdcall;;uchar;uchar;uint
;FUN_0046dbc1;0x46dbc1;0x4b;__stdcall;;uchar;uchar;uint
;FUN_0046dc0c;0x46dc0c;0x4b;__stdcall;;uchar;uchar;uint
;FUN_0046dc57;0x46dc57;0x4b;__stdcall;;uchar;uchar;uint
;FUN_0046dca2;0x46dca2;0x4b;__stdcall;;uchar;uchar;uint
;FUN_0046dced;0x46dced;0x4b;__stdcall;;uchar;uchar;uint
;FUN_0046dd38;0x46dd38;0x4b;__stdcall;;uchar;uchar;uint
;FUN_0046dda4;0x46dda4;0x47c;__stdcall;;uchar
;FUN_0046e220;0x46e220;0x3e;__stdcall;;uint;char*;char*;char*;char*
;FUN_0046e25e;0x46e25e;0xcf;__stdcall;;uchar*
;FUN_0046e353;0x46e353;0x71;__thiscall;;uchar*;void*;uchar*;uint;uint;int;uchar*
;FUN_0046e3c4;0x46e3c4;0x12c;__stdcall;;uint*
;FUN_0046e4f0;0x46e4f0;0x8a;__stdcall;;uint*
;FUN_0046e57a;0x46e57a;0x12a;__stdcall;;uint*
;FUN_0046e6a4;0x46e6a4;0x118;__stdcall;;uint*
;FUN_0046e7bc;0x46e7bc;0x36;__thiscall;;uchar*;void*;uchar*
;FUN_0046e7f2;0x46e7f2;0x36;__thiscall;;uchar*;void*;uchar*
;FUN_0046e82c;0x46e82c;0xb1;__stdcall;;uchar;uint*;uint;uint
;FUN_0046e8dd;0x46e8dd;0x115;__thiscall;;uchar;void*;uint*;uint;uint;int;uint;uint;uint*;int
;FUN_0046e9f2;0x46e9f2;0x3e;__stdcall;;uchar;uint*;uint;uint
;FUN_0046ea30;0x46ea30;0x3e;__stdcall;;uchar;uint*;uint;uint
;FUN_0046ea6e;0x46ea6e;0x66;__stdcall;;uchar;uint*;uint;uint
;FUN_0046ead4;0x46ead4;0xd9;__stdcall;;uint*
;FUN_0046ebad;0x46ebad;0x1c;__thiscall;;uint*;void*;uchar
;FUN_0046ebc9;0x46ebc9;0x23;__fastcall;;uchar;uint*
;FUN_0046ebec;0x46ebec;0x7;__fastcall;;uchar;uint*
;FUN_0046ebf3;0x46ebf3;0x1c;__thiscall;;uint*;void*;uchar
;FUN_0046ec0f;0x46ec0f;0x1c;__thiscall;;uint*;void*;uchar
;FUN_0046ec2b;0x46ec2b;0x23;__fastcall;;uchar;uint*
;FUN_0046ec4e;0x46ec4e;0x1c;__thiscall;;uint*;void*;uchar
;~time_put<>;0x46ec6a;0x1a;__fastcall;;uchar;uint*
;FUN_0046ec84;0x46ec84;0x34;__fastcall;;uchar;uint*
;FUN_0046ecb8;0x46ecb8;0x1c;__thiscall;;uint*;void*;uchar
;FUN_0046ecd9;0x46ecd9;0x26;__thiscall;;uchar;void*;uint
;FUN_0046ecff;0x46ecff;0x28;__fastcall;;uchar;int
;FUN_0046ed27;0x46ed27;0x86d;__stdcall;;uchar*
;FUN_0046f594;0x46f594;0x5ab;__stdcall;;uint*
;FUN_0046fb3f;0x46fb3f;0x40;__stdcall;;uint*
;FUN_0046fb7f;0x46fb7f;0x33;__thiscall;;uchar;void*;void*
;FUN_0046fbb2;0x46fbb2;0x135;__cdecl;;uchar;uchar*;int*;int;int;int*
;FUN_0046fce7;0x46fce7;0x7f;__thiscall;;void*;void*;uint;uint;char
;FUN_0046fd66;0x46fd66;0x17;__thiscall;;uint;void*;uint
;FUN_0046fd7d;0x46fd7d;0x17;__thiscall;;uint;void*;uint
;FUN_0046fd94;0x46fd94;0xda;__fastcall;;uchar;void*
;FUN_0046fe6e;0x46fe6e;0x61;__thiscall;;uchar;void*;uint*;uchar;uchar;char
;FUN_0046fecf;0x46fecf;0xb7;__stdcall;;uchar
;FUN_0046ff86;0x46ff86;0xb7;__stdcall;;uchar
;FUN_0047003d;0x47003d;0xd1;__stdcall;;uchar
;FUN_0047010e;0x47010e;0xd1;__stdcall;;uchar
;FUN_004701df;0x4701df;0xc3;__stdcall;;uchar
;FUN_004702a2;0x4702a2;0xc3;__stdcall;;uchar
;FUN_00470365;0x470365;0xb7;__stdcall;;uchar
;FUN_0047041c;0x47041c;0xb7;__stdcall;;uchar
;FUN_004704d3;0x4704d3;0x54;__stdcall;;uint*
;FUN_00470527;0x470527;0x72;__stdcall;;uint*
;FUN_00470599;0x470599;0x59;__stdcall;;uint*
;FUN_004705f2;0x4705f2;0x6d;__stdcall;;uint*
;FUN_0047065f;0x47065f;0x26;__cdecl;;int;int
;FUN_00470685;0x470685;0x26;__cdecl;;int;int
;FUN_004706ab;0x4706ab;0x26;__cdecl;;int;int
;FUN_004706d1;0x4706d1;0x26;__cdecl;;int;int
;FUN_004706f7;0x4706f7;0x26;__cdecl;;int;int
;FUN_0047071d;0x47071d;0x26;__cdecl;;int;int
;FUN_00470743;0x470743;0x26;__cdecl;;int;int
;FUN_00470769;0x470769;0x26;__cdecl;;int;int
;FUN_0047078f;0x47078f;0x5f;__stdcall;;uint*
;FUN_004707ee;0x4707ee;0x4b;__stdcall;;uchar;uchar;uint
;FUN_00470839;0x470839;0x4b;__stdcall;;uchar;uchar;uint
;FUN_00470884;0x470884;0x4b;__stdcall;;uchar;uchar;uint
;FUN_004708cf;0x4708cf;0x4b;__stdcall;;uchar;uchar;uint
;FUN_0047091a;0x47091a;0x4b;__stdcall;;uchar;uchar;uint
;FUN_00470965;0x470965;0x4b;__stdcall;;uchar;uchar;uint
;FUN_004709b0;0x4709b0;0x4b;__stdcall;;uchar;uchar;uint
;FUN_004709fb;0x4709fb;0x4b;__stdcall;;uchar;uchar;uint
;FUN_00470a67;0x470a67;0x3c;__thiscall;;float10;uchar*;uchar*;int*;int
;FUN_00470aa3;0x470aa3;0x15;__thiscall;;uchar;void*;uchar*;int*;int
;FUN_00470ab8;0x470ab8;0xc;__stdcall;;undefined8
;FUN_00470ac4;0x470ac4;0x2d;__stdcall;;uchar;uchar*
;FUN_00470af8;0x470af8;0x7;__stdcall;;uchar;uint;uchar*
;FUN_00470aff;0x470aff;0x7;__stdcall;;uchar;uint;uchar*
;FUN_00470b06;0x470b06;0x4f;__stdcall;;uchar;void*;_EXCEPTION_RECORD*
;FUN_00470b55;0x470b55;0x36;__cdecl;;uint;_EXCEPTION_RECORD*;void*;uint;uint
;FUN_00470b8b;0x470b8b;0x54;__cdecl;;uint;uint;uint;uint;int;int
;FUN_00470bdf;0x470bdf;0x25;__cdecl;;uchar;_EXCEPTION_RECORD*;void*;uint
;FUN_00470c04;0x470c04;0xb4;__cdecl;;uint;uint*;uint;uint;uint;uint;uint;uint
;FUN_00470cb8;0x470cb8;0x72;__cdecl;;uint;_EXCEPTION_RECORD*;void*;uint
;FUN_00470d2d;0x470d2d;0x7b;__cdecl;;int;uint;int;int;uint*;uint*
;FUN_00470da8;0x470da8;0x17;__stdcall;;uchar
;FUN_00470dbf;0x470dbf;0x38;__stdcall;;uchar
;__global_unwind2;0x470df8;0x20;__cdecl;;uchar;void*
;__local_unwind2;0x470e3a;0x68;__cdecl;;uchar;int;int
;__abnormal_termination;0x470ea2;0x23;__cdecl;;int
;__NLG_Notify1;0x470ec5;0x9;__fastcall;;uchar;uint
;FUN_00470ece;0x470ece;0x18;__stdcall;;uchar
;fclose;0x470ee6;0x56;__cdecl;;uint;_iobuf*
;_strtok;0x470f3c;0x9c;__cdecl;;char*;char*;uchar*
;_fgets;0x470fd8;0x57;__cdecl;;char*;char*;int;_iobuf*
;FUN_0047102f;0x47102f;0x20;__cdecl;;uchar;char*;char*;uint
;_fopen;0x47104f;0x13;__cdecl;;uchar;char*;char*
;_sprintf;0x471062;0x52;__cdecl;varargs;int;char*;char*
;FUN_004710b4;0x4710b4;0x6d;__cdecl;;void;void*
;FUN_00471121;0x471121;0x12;__cdecl;;int;void*
;FUN_00471162;0x471162;0x15;__fastcall;;uchar;uint*
;FUN_00471177;0x471177;0x1c;__thiscall;;uint*;void*;uchar
??2@YAPAXI@Z;operator_new;0x471193;0xe;__cdecl;;void*;uint
;FUN_004711a1;0x4711a1;0x10a;__cdecl;;uint;char*;uint;uint;int*
;FUN_004712ab;0x4712ab;0x24;__cdecl;;uint;uint;int*
;FUN_004712d0;0x4712d0;0x298;__cdecl;;uint*;uint*;uint*;uint
;FUN_00471605;0x471605;0x1a;__cdecl;;uint;uint*
;FUN_0047161f;0x47161f;0x6e;__cdecl;;uint;uint;int*
;FUN_0047168d;0x47168d;0x22;__cdecl;;uint;char*;ulonglong*
;FUN_004716af;0x4716af;0x8c;__cdecl;;int;int*;int;ulong
;FUN_0047173b;0x47173b;0x18;__cdecl;;uchar;int*;long*
;FUN_00471753;0x471753;0xa1;__cdecl;;uint;_iobuf*;int*;uint;uint
;FUN_004717f4;0x4717f4;0x3b;__cdecl;;int;int*
;FUN_0047182f;0x47182f;0x5c;__cdecl;;uint;int*
;flsall;0x471894;0x6d;__cdecl;;int;int
;FUN_00471901;0x471901;0x1c;__thiscall;;exception*;void*;uchar
;FUN_0047191d;0x47191d;0x3d;__thiscall;;uint*;void*;uint*
;FUN_0047195a;0x47195a;0x4a;__thiscall;;uint*;void*;int
??1exception@@UAE@XZ;exception::~exception;0x4719a4;0x16;__thiscall;;void;exception*
;__CxxThrowException@8;0x4719c7;0x3a;__stdcall;;uchar;uint;uint
;FUN_00471a01;0x471a01;0x69;__cdecl;;uchar;uchar*
;FUN_00471a70;0x471a70;0x14;__stdcall;;uchar
;FUN_00471a8d;0x471a8d;0xae;__cdecl;;uchar;int;uint
;FUN_00471b3b;0x471b3b;0x1e;__stdcall;;uint
;_strncmp;0x471b60;0x38;__cdecl;;int;char*;char*;uint
;FUN_00471b98;0x471b98;0x8b;__thiscall;;int;void*;uchar*
;FUN_00471c23;0x471c23;0xb;__thiscall;;uchar;void*;uchar*
;FUN_00471c2e;0x471c2e;0x4d;__thiscall;;float10;uchar*;uchar*
;__ftol;0x471c7c;0x27;__stdcall;;longlong
;FUN_00471ca3;0x471ca3;0xcc;__thiscall;;uint;void*;uint
;_memchr;0x471d70;0xa5;__cdecl;;void*;void*;int;uint
;FUN_00471e15;0x471e15;0x28;__thiscall;;uint;void*;int
;FUN_00471e3d;0x471e3d;0x28;__thiscall;;uint;void*;int
;FUN_00471e65;0x471e65;0x68;__stdcall;;uchar;uint;uint;int;uchar*
;FUN_00471ecd;0x471ecd;0x18;__stdcall;;uchar
;FUN_00471ee5;0x471ee5;0x51;__stdcall;;uchar;uint;uint;int;uchar*
;FUN_00471f43;0x471f43;0x6a;__stdcall;;uchar;uint;uint;int;uchar*
;FUN_00471fad;0x471fad;0x18;__stdcall;;uchar
;FUN_00471fc5;0x471fc5;0x1ae;__cdecl;;uint;char*;wchar_t*;uint
;FUN_00472173;0x472173;0x2f;__cdecl;;int;short*;int
;FUN_004721a2;0x4721a2;0xff;__cdecl;;uint;wchar_t*;uchar*;uint
;FUN_004722a1;0x4722a1;0x1d;__cdecl;;int;short*
;FUN_004722be;0x4722be;0xdc;__cdecl;;uchar;int*
;FUN_0047239a;0x47239a;0x158;__cdecl;;int;char*
;entry;0x4724f2;0xeb;__stdcall;;uchar
;__amsg_exit;0x4725e8;0x22;__cdecl;;void;int
;FUN_0047260d;0x47260d;0x23;__cdecl;;uchar;ulong
;FUN_00472640;0x472640;0x2f;__stdcall;;uchar;uchar
;FUN_0047266f;0x47266f;0x14;__cdecl;;bool;uint;uint
;FUN_00472683;0x472683;0x92;__cdecl;;int;int;uint
;FUN_00472718;0x472718;0x1f;__stdcall;;uchar
;FUN_00472737;0x472737;0x51;__cdecl;;int;uchar*;int;uchar*
;FUN_00472788;0x472788;0x50;__cdecl;;int;uchar*;int;uchar*;uint*
;FUN_00472aed;0x472aed;0xcf;__cdecl;;float10;double
;__aullshr;0x472bc0;0x1f;__fastcall;;ulonglong;uchar;uint
;FUN_00472bdf;0x472bdf;0x2d;__stdcall;;uchar
;FUN_00472c0c;0x472c0c;0x11;__cdecl;;uchar;uint
;__exit;0x472c1d;0x11;__cdecl;;void;int
;FUN_00472c2e;0x472c2e;0x99;__cdecl;;uchar;uint;int;int
;FUN_00472cc7;0x472cc7;0x1a;__cdecl;;uchar;uint*;uint*
;FUN_00472cf0;0x472cf0;0x14;__stdcall;;uchar
;FUN_00472d0d;0x472d0d;0xaa;__cdecl;;uint;int;uint
;FUN_00472daa;0x472daa;0x2b;__cdecl;;uint*;uint*
;FUN_00472dd5;0x472dd5;0x206;__cdecl;;uint*;int;uint*
;FUN_00472fdb;0x472fdb;0x11b;__cdecl;;uint;int;uint*
;FUN_004730f6;0x4730f6;0xb9;__stdcall;;uint*
;FUN_004731af;0x4731af;0x118;__cdecl;;uint*;uint*;uint*;uint*;uint*
;FUN_004732c7;0x4732c7;0x25;__cdecl;;uchar;uint*;int
;FUN_004732ec;0x4732ec;0xcc;__cdecl;;uint;char*;uchar*
;FUN_004733b8;0x4733b8;0x53;__cdecl;;uchar;uint*;uint*
;_malloc;0x47340b;0x12;__cdecl;;void*;uint
;__nh_malloc;0x47341d;0x2c;__cdecl;;void*;uint;int
;FUN_00473449;0x473449;0x74;__cdecl;;uchar;uint*
;FUN_004734bd;0x4734bd;0xb1;__cdecl;;int*;int;int
;FUN_00473630;0x473630;0x298;__cdecl;;uint*;uint*;uint*;uint
;_memset;0x473970;0x58;__cdecl;;void*;void*;int;uint
;_strlen;0x4739d0;0x7b;__cdecl;;uint;char*
;FUN_00473a4b;0x473a4b;0xf5;__cdecl;;uint;uint;int*
;FUN_00473b40;0x473b40;0xe9;__cdecl;;uint;uint;int*
;FUN_00473c29;0x473c29;0xed;__thiscall;;ushort;void*;int*
;FUN_00473dcc;0x473dcc;0x2a0;__thiscall;;int*;void*;int*;uint*
;FUN_0047406c;0x47406c;0x17;__thiscall;;uchar;void*;uchar*;int*;void*
;FUN_00474083;0x474083;0x208;__thiscall;;void*;void*;uchar*;int*;void*;uint
;FUN_0047428b;0x47428b;0x17;__thiscall;;uchar;void*;uchar*;int*;void*
;FUN_004742a2;0x4742a2;0x6;__stdcall;;uchar*
;FUN_004742b0;0x4742b0;0x3e;__cdecl;;int;uchar*;uchar*
;FUN_004742ee;0x4742ee;0x1ff;__cdecl;;int;ulong;uint;char*;int;wchar_t*;int;uint;int
;FUN_00474512;0x474512;0x75;__thiscall;;uint;void*;int;uint
;FUN_00474587;0x474587;0x8f;__stdcall;;uchar*
;FUN_00474616;0x474616;0x95;__stdcall;;uchar*
;FUN_004746ab;0x4746ab;0x232;__stdcall;;uint*
;FUN_004748dd;0x4748dd;0xb0;__cdecl;;int;uchar*;uint;uchar*;int*;uchar*
;FUN_0047498d;0x47498d;0x3ef;__cdecl;;uchar;char;int*;uchar*;uint*;int
;FUN_00474d7c;0x474d7c;0x27;__cdecl;;uchar;char*;int*;int*
;FUN_00474da3;0x474da3;0x6f;__cdecl;;uchar;int;uint;int*;uint*
;FUN_00474e12;0x474e12;0x49;__cdecl;;uchar;int;int*;uint*
;FUN_00474e5b;0x474e5b;0x30e;__cdecl;;uchar;uchar*;int;uchar*;uint*;int
;FUN_00475169;0x475169;0x9a;__thiscall;;float10;uchar*;uchar*;int*
;FUN_00475203;0x475203;0x255;__cdecl;;int;ulong;ulong;uchar*;int;uchar*;int;uint
;FUN_00475480;0x475480;0x2b;__cdecl;;int;char*;int
;FUN_004754ab;0x4754ab;0x9b;__cdecl;;uint;_EXCEPTION_RECORD*;void*;uint;uint;int*;int;void*;char
;FUN_00475546;0x475546;0x1a7;__cdecl;;uchar;_EXCEPTION_RECORD*;void*;uint;uint;uint;char;int;void*
;FUN_004756ed;0x4756ed;0xa8;__cdecl;;uchar;_EXCEPTION_RECORD*;void*;uint;uint;uint;int;int;void*
;FUN_00475795;0x475795;0x5d;__cdecl;;uint;uchar*;uchar*;uint*
;FUN_004757f2;0x4757f2;0x84;__cdecl;;uchar;int;uint;int;int
;FUN_004758a6;0x4758a6;0x7b;__cdecl;;uchar;_EXCEPTION_RECORD*;void*;uint;uint;int;uchar*;uchar*;int*;int;void*
;FUN_00475921;0x475921;0x9c;__cdecl;;uint;uint;uint;uint;uint;uint;int;int
;FUN_004759e7;0x4759e7;0x46;__stdcall;;uchar
;FUN_00475a57;0x475a57;0x1b8;__cdecl;;uchar;int;int;uchar*;uchar*
;FUN_00475c1b;0x475c1b;0x56;__cdecl;;uchar;int
;FUN_00475c82;0x475c82;0x23;__cdecl;;int;int;int*
;__CallSettingFrame@12;0x475cb0;0x4c;__stdcall;;uchar;uint;uint;int
;FUN_00475cfc;0x475cfc;0x4f;__stdcall;;uchar
;FUN_00475d52;0x475d52;0x4f;__stdcall;;uchar
;FUN_00475da8;0x475da8;0x12;__fastcall;;uchar;void*
;FUN_00475dba;0x475dba;0x3e;__stdcall;;uint
;FUN_00475df8;0x475df8;0x29;__stdcall;;uchar
;FUN_00475e21;0x475e21;0x5a;__thiscall;;uchar;void*;char*
;__fassign;0x475ee1;0x3e;__cdecl;;void;int;char*;char*
;FUN_00475f1f;0x475f1f;0x104;__cdecl;;uchar*;uint;uchar*;int;int
;FUN_00476023;0x476023;0xde;__cdecl;;char*;uint;char*;uint
;FUN_00476101;0x476101;0x9b;__cdecl;;uchar;uint;char*;uint;int
;FUN_0047619c;0x47619c;0x27;__cdecl;;uchar;uint;uchar*;int;int
;FUN_004761c3;0x4761c3;0x23;__cdecl;;uchar;uint;char*;uint
;__cfltcvt;0x4761e6;0x51;__cdecl;;int;double*;char*;uint;int;int;int
;FUN_00476237;0x476237;0x25;__cdecl;;uchar;char*;int
;FUN_0047625c;0x47625c;0xb3;__cdecl;;uint;uint
;__freebuf;0x47630f;0x2b;__cdecl;;void;_iobuf*
;FUN_0047633a;0x47633a;0xd9;__cdecl;;uint;uint*
;FUN_00476413;0x476413;0x170;__cdecl;;uint*;char*;char*;uint;uint*
;FUN_00476583;0x476583;0x78;__stdcall;;uint*
;FUN_004765fb;0x4765fb;0x115;__cdecl;;uint;uint;int*
;FUN_00476710;0x476710;0x77e;__cdecl;varargs;int;int*;uchar*;uint*
;FUN_00476eae;0x476eae;0x35;__cdecl;;uchar;uint;int*;int*
;FUN_00476ee3;0x476ee3;0x31;__cdecl;;uchar;uint;int;int*;int*
;FUN_00476f14;0x476f14;0x38;__cdecl;;uchar;char*;int;int*;int*
;FUN_00476f4c;0x476f4c;0xd;__cdecl;;uint;int*
;FUN_00476f59;0x476f59;0x10;__cdecl;;undefined8;int*
;FUN_00476f69;0x476f69;0xe;__cdecl;;uint;int*
;FUN_00476f77;0x476f77;0x61;__cdecl;;ulong;uchar*
;_strcmp;0x476fe0;0x81;__cdecl;;int;char*;char*
;FUN_00477064;0x477064;0x1ad;__cdecl;;int;ulong;char*;uint
;FUN_00477211;0x477211;0x44;__cdecl;;uchar;uint*
;FUN_00477255;0x477255;0x187;__cdecl;;ulonglong;char*
;FUN_004773dc;0x4773dc;0x9a;__cdecl;;ulong;uint;long;ulong
;FUN_00477476;0x477476;0x90;__cdecl;;uint;int*;long;long;ulong
;FUN_00477506;0x477506;0x57;__cdecl;;uint;uint
;FUN_00477560;0x477560;0x7;__cdecl;;uint*;uint*;uint*
;FUN_00477570;0x477570;0xe0;__cdecl;;uint*;uint*;uint*
;FUN_00477650;0x477650;0x46;__stdcall;;int;int*
;FUN_004776b4;0x4776b4;0x2d;__cdecl;;uchar;uint*
;FUN_004776e1;0x4776e1;0x148;__stdcall;;int
;FUN_00477829;0x477829;0x5d;__cdecl;;uint;int
;FUN_00477886;0x477886;0x48;unknown;;uchar
;FUN_004778ce;0x4778ce;0x2b;__cdecl;;uint;int
;FUN_004778f9;0x4778f9;0x329;__cdecl;;uchar;uint*;int
;FUN_00477c22;0x477c22;0x309;__cdecl;;int*;uint*
;FUN_00477f2b;0x477f2b;0xb1;__stdcall;;uint*
;FUN_00477fdc;0x477fdc;0xfb;__cdecl;;int;int
;FUN_004780d7;0x4780d7;0x2f6;__cdecl;;uint;uint*;int;int
;FUN_004783cd;0x4783cd;0x144;__stdcall;;uchar**
;FUN_00478511;0x478511;0x56;__cdecl;;uchar;uchar**
;FUN_00478567;0x478567;0xc2;__cdecl;;uchar;int
;FUN_00478629;0x478629;0x57;__cdecl;;int;uchar*;uint*;uint*
;FUN_00478680;0x478680;0x45;__cdecl;;uchar;int;int;uchar*
;FUN_004786c5;0x4786c5;0x208;__cdecl;;int*;uint
;FUN_004788cd;0x4788cd;0x124;__cdecl;;int;int*;uint;uint
;FUN_004789f1;0x4789f1;0xa9;__cdecl;;uint;int;int*;uchar*;uint
;FUN_00478b98;0x478b98;0x5;__stdcall;;uchar
;FUN_00478ba6;0x478ba6;0x5;__stdcall;;float10
;FUN_00478c70;0x478c70;0x17;__fastcall;;float10;uint;uint;ushort;uint;uint;uint;uint;uint
;__startOneArgErrorHandling;0x478c87;0x3c;__fastcall;;float10;uint;uint;ushort;uint;uint;uint
;FUN_00478ce5;0x478ce5;0x17;__stdcall;;uchar;uint
;FUN_00478cfc;0x478cfc;0x19;__stdcall;;uint
;FUN_00478d58;0x478d58;0x16;__cdecl;;uint;uint;uint
;__math_exit;0x478d7b;0x2a;__fastcall;;uchar;uint;uint;uint;uint;uint
;FUN_00478e94;0x478e94;0x91;__thiscall;;uchar*;void*;uchar*
;FUN_00478fed;0x478fed;0x1b;__stdcall;;uchar;int
;FUN_00479008;0x479008;0xc2;__cdecl;;int;int;int;int;int;int;int;int
;FUN_004790ca;0x4790ca;0x15;__stdcall;;uchar
;FUN_004790df;0x4790df;0x25e;__stdcall;;uchar
;FUN_0047933d;0x47933d;0x1ac;__cdecl;;bool;int*
;FUN_004794e9;0x4794e9;0x140;__cdecl;;uchar;int;int;uint;int;int;int;int;int;int;int;int
;FUN_00479629;0x479629;0x1ab;__stdcall;;uchar
;FUN_004797d4;0x4797d4;0x1f6;__cdecl;;int;uint;char*;char*
;FUN_004799ca;0x4799ca;0x141;__cdecl;;long;int;_EXCEPTION_POINTERS*
;FUN_00479b0b;0x479b0b;0x43;__cdecl;;int*;int
;FUN_00479b4e;0x479b4e;0x58;__stdcall;;uchar*
;FUN_00479ba6;0x479ba6;0xb9;__stdcall;;uchar
;FUN_00479c5f;0x479c5f;0x99;__stdcall;;uchar
;FUN_00479cf8;0x479cf8;0x1b4;__cdecl;;uchar;uchar*;uint*;uchar*;int*;int*
;FUN_00479eac;0x479eac;0x132;__stdcall;;char*
;FUN_00479fde;0x479fde;0x39;__stdcall;;uchar
;FUN_0047a017;0x47a017;0x153;__cdecl;;uchar;ulong
;FUN_0047a16a;0x47a16a;0x29;__cdecl;;float10;undefined8;short
;FUN_0047a193;0x47a193;0x5a;__cdecl;;uint;int;uint
;FUN_0047a1ed;0x47a1ed;0xc1;__cdecl;;float10;uint;uint;int*
;FUN_0047a2ae;0x47a2ae;0x53;__cdecl;;float10;int;double
;FUN_0047a301;0x47a301;0x98;__cdecl;;float10;uint;uint;undefined8;double;uint
;FUN_0047a399;0x47a399;0x2b3;__cdecl;;uchar;uint*;uint*;uint;uint;undefined8*;undefined8*
;FUN_0047a64c;0x47a64c;0x217;__cdecl;;bool;uint;double*;uint
;FUN_0047a863;0x47a863;0x88;__cdecl;;float10;int;int
;FUN_0047a8eb;0x47a8eb;0x26;__cdecl;;uchar;int
;FUN_0047a911;0x47a911;0x25;__cdecl;;uchar*;int
;FUN_0047a936;0x47a936;0x2d;__cdecl;;int;uchar
;FUN_0047a963;0x47a963;0xe;__stdcall;;int
;FUN_0047a971;0x47a971;0xf;__stdcall;;int
;FUN_0047a980;0x47a980;0x23;__stdcall;;int;uint;uint
;FUN_0047a9a3;0x47a9a3;0x56;__stdcall;;uchar;uint
;FUN_0047a9f9;0x47a9f9;0x4c;__stdcall;;uchar;uint
;FUN_0047abbe;0x47abbe;0x43;__fastcall;;undefined5;uint;uchar
;FUN_0047ac67;0x47ac67;0x130;__cdecl;;uint;int;int;double;double*
;FUN_0047ad97;0x47ad97;0x65;__cdecl;;uint;double
;__frnd;0x47adfc;0x12;__cdecl;;float10;double
;FUN_0047ae9f;0x47ae9f;0x34e;__cdecl;;uint;char*
;___free_lc_time;0x47b1ed;0x190;__cdecl;;uchar;uint*
;FUN_0047b552;0x47b552;0x37;__cdecl;;uchar;char*
;FUN_0047b654;0x47b654;0x122;__cdecl;;uint;int
;FUN_0047b776;0x47b776;0x4e;__cdecl;;uchar;int
;FUN_0047b7c4;0x47b7c4;0x245;__stdcall;;uint
;_strncpy;0x47ba10;0xfe;__cdecl;;char*;char*;char*;uint
;FUN_0047bb10;0x47bb10;0x3a;__cdecl;;uchar*;uchar*;uchar*
;FUN_0047bb4a;0x47bb4a;0x17d;__cdecl;;uint;char*;ushort*;int
;FUN_0047bcc7;0x47bcc7;0x58;__cdecl;;uchar;int;int;int*
;FUN_0047bd1f;0x47bd1f;0x87;__stdcall;;uchar
;FUN_0047bda6;0x47bda6;0x204;__stdcall;;uint;char*
;FUN_0047bfaa;0x47bfaa;0x56;__stdcall;;uchar
;FUN_0047c000;0x47c000;0xbd;__stdcall;;uint;char*
;FUN_0047c0bd;0x47c0bd;0x37;__stdcall;;uchar
;FUN_0047c0f4;0x47c0f4;0x86;__stdcall;;uint;char*
;FUN_0047c17a;0x47c17a;0x1a;__stdcall;;uchar
;FUN_0047c194;0x47c194;0x66;__cdecl;;uchar;uchar*
;FUN_0047c1fa;0x47c1fa;0x1f;__cdecl;;uint;short
;FUN_0047c219;0x47c219;0x62;__cdecl;;uint;int;int
;FUN_0047c27b;0x47c27b;0x36;__stdcall;;uint
;FUN_0047c2b1;0x47c2b1;0xe6;__stdcall;;int;uint;ulong;char*;int
;FUN_0047c397;0x47c397;0x39;__cdecl;;int;char*
;FUN_0047c3d0;0x47c3d0;0x21;__cdecl;;int;char*
;FUN_0047c3f1;0x47c3f1;0x1b;__cdecl;;uint;uint
;FUN_0047c464;0x47c464;0x124;__cdecl;;uint;uint;int*
;FUN_0047c588;0x47c588;0x68;__cdecl;;char*;char*;wchar_t
;FUN_0047c5f0;0x47c5f0;0xe4;__cdecl;;ushort;uint*
;FUN_0047c6d4;0x47c6d4;0xc8;__cdecl;;uint;wchar_t*;uchar*;uint
;FUN_0047c79c;0x47c79c;0x13e;__cdecl;;int;ulong;char*;int;ushort*;uint;ulong;int
;__strcmpi;0x47c8f0;0x8c;__cdecl;;int;char*;char*
;FUN_0047c97c;0x47c97c;0x1c;__cdecl;;bool;void*;uint
;FUN_0047c998;0x47c998;0x1c;__cdecl;;bool;void*;uint
;FUN_0047c9b4;0x47c9b4;0x18;__cdecl;;bool;FARPROC*
;FUN_0047c9cc;0x47c9cc;0x17;__stdcall;;uchar
;FUN_0047c9e3;0x47c9e3;0x35;__thiscall;;uint;void*;uint;uint
;FUN_0047ca18;0x47ca18;0x16;__thiscall;;uchar;void*;uint;uint
;FUN_0047ca2e;0x47ca2e;0x92;__cdecl;;uint;uint
;FUN_0047cac0;0x47cac0;0x89;__cdecl;;uint;uint
;FUN_0047cb49;0x47cb49;0xcb;__thiscall;;uint;void*;uint
;FUN_0047cc14;0x47cc14;0x49;__cdecl;;uint;int;int
;FUN_0047cc5d;0x47cc5d;0x56;__cdecl;;uchar;int;int
;FUN_0047ccb3;0x47ccb3;0x8c;__cdecl;;uint;int;int
;FUN_0047cd3f;0x47cd3f;0x1b;__cdecl;;uchar;int;uint*
;FUN_0047cd5a;0x47cd5a;0xc;__cdecl;;uchar;uint*
;FUN_0047cd66;0x47cd66;0x1b;__cdecl;;uint;int*
;FUN_0047cd81;0x47cd81;0x8d;__cdecl;;uchar;uint*;uint
;FUN_0047ce0e;0x47ce0e;0x16c;__cdecl;;uint;ushort*;uint*;int*
;FUN_0047cf7a;0x47cf7a;0x16;__cdecl;;uchar;ushort*;uint*
;FUN_0047cf90;0x47cf90;0x16;__cdecl;;uchar;ushort*;uint*
;FUN_0047cfa6;0x47cfa6;0x2d;__thiscall;;uchar;void*;uint*;uchar*
;FUN_0047cfd3;0x47cfd3;0x2d;__thiscall;;uchar;void*;uint*;uchar*
;FUN_0047d000;0x47d000;0x77;__cdecl;;uchar;char*;int;int
;FUN_0047d077;0x47d077;0x64;__stdcall;;uchar*;uchar
;FUN_0047d0db;0x47d0db;0xb6;__cdecl;;uchar;uint*;uint*
;FUN_0047d191;0x47d191;0x9;__stdcall;;uchar
;FUN_0047d19a;0x47d19a;0x67;__cdecl;;uchar;uint
;FUN_0047d201;0x47d201;0x95;__stdcall;;int
;FUN_0047d296;0x47d296;0x77;__cdecl;;uint;uint;void*
;FUN_0047d30d;0x47d30d;0x7a;__cdecl;;uint;uint
;FUN_0047d387;0x47d387;0x3d;__cdecl;;uint;uint
;FUN_0047d3c4;0x47d3c4;0x17;__cdecl;;uchar;char*;uint;uint
;FUN_0047d3db;0x47d3db;0x2b9;__cdecl;;uint;char*;uint;uint;uint
;FUN_0047d694;0x47d694;0x26;__cdecl;;uchar;uint
;__aulldiv;0x47d6c0;0x68;__stdcall;;undefined8;uint;uint;uint;uint
;__aullrem;0x47d730;0x75;__stdcall;;undefined8;uint;uint;uint;uint
;FUN_0047d7a5;0x47d7a5;0xb1;__cdecl;;undefined8;uint;long;long;ulong
;_strchr;0x47d870;0xc1;__cdecl;;char*;char*;int
;_strstr;0x47d930;0x80;__cdecl;;char*;char*;char*
;FUN_0047d9b0;0x47d9b0;0xd0;__cdecl;;uchar;uint;int*;ushort*
;FUN_0047da80;0x47da80;0x4a1;__thiscall;;uint;void*;ushort*;int*;uchar*;int;int;int;int
;FUN_0047df51;0x47df51;0x7d;__cdecl;;int;uchar*
;FUN_0047dfce;0x47dfce;0x11;__cdecl;;uchar;uint
;FUN_0047dfdf;0x47dfdf;0x31;unknown;;uchar;uchar;uint;uchar
;FUN_0047e010;0x47e010;0x199;__cdecl;;uint;int
;FUN_0047e1a9;0x47e1a9;0x4a;__cdecl;;int;int
;FUN_0047e1f3;0x47e1f3;0x33;__cdecl;;uint;int
;FUN_0047e226;0x47e226;0x29;__stdcall;;uchar
;FUN_0047e24f;0x47e24f;0x185;__stdcall;;uchar
;FUN_0047e3d4;0x47e3d4;0x1c;__stdcall;;uchar
;FUN_0047e3f0;0x47e3f0;0x89;__cdecl;;int;uint;uint;uint
;FUN_0047e479;0x47e479;0x3;__stdcall;;uint
;FUN_0047e480;0x47e480;0x117;__cdecl;;uint;int;uint;ushort;uint;uint;uint
;FUN_0047ec71;0x47ec71;0x15;__stdcall;;uint
;FUN_0047f22f;0x47f22f;0x138;__cdecl;;uint;int;ulong;ulong;char*
;FUN_0047f367;0x47f367;0x1a7;__cdecl;;int;ulong;wchar_t*;int;ushort*;uint;ulong
;FUN_0047f52c;0x47f52c;0x2d;__cdecl;;char*;uint;char*;uint
;FUN_0047f559;0x47f559;0x5c;__cdecl;;uchar;uint;char*;uint;int
;FUN_0047f5c0;0x47f5c0;0xad;__cdecl;;void*;uchar*;char*;void*
;FUN_0047f66d;0x47f66d;0x12d;__cdecl;;uint;int
;FUN_0047f79a;0x47f79a;0x45;__cdecl;;uint*;int
;FUN_0047f7df;0x47f7df;0x21;__cdecl;;uint;uint;uint;uint*
;___add_12;0x47f800;0x5e;__cdecl;;uchar;uint*;uint*
;FUN_0047f85e;0x47f85e;0x2e;__cdecl;;uchar;uint*
;FUN_0047f88c;0x47f88c;0x2d;__cdecl;;uchar;uint*
;FUN_0047f8b9;0x47f8b9;0xc7;__cdecl;;uchar;char*;int;uint*
;FUN_0047f980;0x47f980;0x293;__cdecl;;uint;uint;uint;uint;int;uchar;short*
;FUN_0047fc13;0x47fc13;0x146;__cdecl;;int;uint;int
;FUN_0047fd59;0x47fd59;0x220;__cdecl;;uchar;int*;int*
;FUN_0047ff79;0x47ff79;0x7c;__cdecl;;uchar;int*;uint;int
;__mbsnbicoll;0x47fff5;0x3f;__cdecl;;int;uchar*;uchar*;uint
;FUN_00480034;0x480034;0x6e;__stdcall;;uint
;FUN_004800a2;0x4800a2;0x108;__cdecl;;int;ulong;ulong;wchar_t*;int;uint
;FUN_004801b5;0x4801b5;0x113;__cdecl;;int;ulong;ulong;char*;int;uint
;FUN_004802d3;0x4802d3;0x76;__cdecl;;int;uint;int
;FUN_00480349;0x480349;0x187;__cdecl;;uint;uint*;int
;FUN_004804d0;0x4804d0;0x58;__cdecl;;int;uchar*;uint
;FUN_00480528;0x480528;0x67;__cdecl;;uint*;int*
;FUN_0048058f;0x48058f;0x73;__cdecl;;uchar*;uchar*;uint
;FUN_00480616;0x480616;0x78;__cdecl;;ulong;uint
;Unwind@00480690;0x480690;0xc;__stdcall;;uchar
;Unwind@004806b0;0x4806b0;0x9;__stdcall;;uchar
;Unwind@004806d0;0x4806d0;0x9;__stdcall;;uchar
;Unwind@004806f0;0x4806f0;0xb;__stdcall;;uchar
;Unwind@00480710;0x480710;0xb;__stdcall;;uchar
;Unwind@0048071b;0x48071b;0xb;__stdcall;;uchar
;Unwind@00480730;0x480730;0xb;__stdcall;;uchar
;Unwind@00480750;0x480750;0x1a;__stdcall;;uchar
;Unwind@0048076a;0x48076a;0xb;__stdcall;;uchar
;Unwind@00480775;0x480775;0xb;__stdcall;;uchar
;Unwind@00480780;0x480780;0xe;__stdcall;;uchar
;Unwind@0048078e;0x48078e;0xe;__stdcall;;uchar
;Unwind@004807b0;0x4807b0;0x1a;__stdcall;;uchar
;Unwind@004807ca;0x4807ca;0xb;__stdcall;;uchar
;Unwind@004807d5;0x4807d5;0xb;__stdcall;;uchar
;Unwind@004807e0;0x4807e0;0xe;__stdcall;;uchar
;Unwind@004807ee;0x4807ee;0xe;__stdcall;;uchar
;Unwind@00480820;0x480820;0xb;__stdcall;;uchar
;Unwind@0048082b;0x48082b;0x8;__stdcall;;uchar
;Unwind@00480833;0x480833;0xb;__stdcall;;uchar
;Unwind@00480850;0x480850;0x8;__stdcall;;uchar
;Unwind@00480858;0x480858;0xb;__stdcall;;uchar
;Unwind@00480870;0x480870;0x1a;__stdcall;;uchar
;Unwind@004808a0;0x4808a0;0x8;__stdcall;;uchar
;Unwind@004808a8;0x4808a8;0x8;__stdcall;;uchar
;Unwind@004808b0;0x4808b0;0xb;__stdcall;;uchar
;Unwind@004808d0;0x4808d0;0xb;__stdcall;;uchar
;Unwind@004808db;0x4808db;0x8;__stdcall;;uchar
;Unwind@004808e3;0x4808e3;0xb;__stdcall;;uchar
;Unwind@00480900;0x480900;0x8;__stdcall;;uchar
;Unwind@00480908;0x480908;0x8;__stdcall;;uchar
;Unwind@00480910;0x480910;0xb;__stdcall;;uchar
;Unwind@0048091b;0x48091b;0x8;__stdcall;;uchar
;Unwind@00480930;0x480930;0x8;__stdcall;;uchar
;Unwind@00480938;0x480938;0x8;__stdcall;;uchar
;Unwind@00480960;0x480960;0x8;__stdcall;;uchar
;Unwind@00480968;0x480968;0x8;__stdcall;;uchar
;Unwind@00480970;0x480970;0x17;__stdcall;;uchar
;Unwind@004809a0;0x4809a0;0x8;__stdcall;;uchar
;Unwind@004809c0;0x4809c0;0x8;__stdcall;;uchar
;Unwind@004809e0;0x4809e0;0x8;__stdcall;;uchar
;Unwind@00480a00;0x480a00;0x8;__stdcall;;uchar
;Unwind@00480a08;0x480a08;0xe;__stdcall;;uchar
;Unwind@00480a16;0x480a16;0xe;__stdcall;;uchar
;Unwind@00480a30;0x480a30;0x8;__stdcall;;uchar
;Unwind@00480a38;0x480a38;0xe;__stdcall;;uchar
;Unwind@00480a46;0x480a46;0xe;__stdcall;;uchar
;Unwind@00480a60;0x480a60;0xb;__stdcall;;uchar
;Unwind@00480a80;0x480a80;0xb;__stdcall;;uchar
;Unwind@00480a8b;0x480a8b;0xb;__stdcall;;uchar
;Unwind@00480a96;0x480a96;0xb;__stdcall;;uchar
;Unwind@00480ab0;0x480ab0;0xc;__stdcall;;uchar
;Unwind@00480abc;0x480abc;0x9;__stdcall;;uchar
;Unwind@00480ad0;0x480ad0;0x9;__stdcall;;uchar
;Unwind@00480ad9;0x480ad9;0xc;__stdcall;;uchar
;Unwind@00480af0;0x480af0;0xb;__stdcall;;uchar
;Unwind@00480afb;0x480afb;0xb;__stdcall;;uchar
;Unwind@00480b10;0x480b10;0x11;__stdcall;;uchar
;Unwind@00480b30;0x480b30;0x8;__stdcall;;uchar
;Unwind@00480b38;0x480b38;0xf;__stdcall;;uchar
;Unwind@00480b47;0x480b47;0xe;__stdcall;;uchar
;Unwind@00480b55;0x480b55;0xe;__stdcall;;uchar
;Unwind@00480b70;0x480b70;0x8;__stdcall;;uchar
;Unwind@00480b78;0x480b78;0xf;__stdcall;;uchar
;Unwind@00480ba0;0x480ba0;0xb;__stdcall;;uchar
;Unwind@00480bc0;0x480bc0;0xb;__stdcall;;uchar
;Unwind@00480bcb;0x480bcb;0xb;__stdcall;;uchar
;Unwind@00480bd6;0x480bd6;0xb;__stdcall;;uchar
;Unwind@00480bf0;0x480bf0;0xe;__stdcall;;uchar
;Unwind@00480c10;0x480c10;0xb;__stdcall;;uchar
;Unwind@00480c30;0x480c30;0xb;__stdcall;;uchar
;Unwind@00480c50;0x480c50;0xb;__stdcall;;uchar
;Unwind@00480c5b;0x480c5b;0xb;__stdcall;;uchar
;Unwind@00480c70;0x480c70;0xb;__stdcall;;uchar
;Unwind@00480c7b;0x480c7b;0xb;__stdcall;;uchar
;Unwind@00480c86;0x480c86;0xb;__stdcall;;uchar
;Unwind@00480ca0;0x480ca0;0xb;__stdcall;;uchar
;Unwind@00480cc0;0x480cc0;0xb;__stdcall;;uchar
;Unwind@00480ccb;0x480ccb;0xb;__stdcall;;uchar
;Unwind@00480cd6;0x480cd6;0xb;__stdcall;;uchar
;Unwind@00480cf0;0x480cf0;0xb;__stdcall;;uchar
;Unwind@00480d10;0x480d10;0xb;__stdcall;;uchar
;Unwind@00480d30;0x480d30;0xb;__stdcall;;uchar
;Unwind@00480d50;0x480d50;0x9;__stdcall;;uchar
;Unwind@00480d59;0x480d59;0xc;__stdcall;;uchar
;Unwind@00480d70;0x480d70;0xb;__stdcall;;uchar
;Unwind@00480d90;0x480d90;0xb;__stdcall;;uchar
;Unwind@00480db0;0x480db0;0xb;__stdcall;;uchar
;Unwind@00480dd0;0x480dd0;0xb;__stdcall;;uchar
;Unwind@00480df0;0x480df0;0xb;__stdcall;;uchar
;Unwind@00480e10;0x480e10;0xb;__stdcall;;uchar
;Unwind@00480e30;0x480e30;0x8;__stdcall;;uchar
;Unwind@00480e50;0x480e50;0x8;__stdcall;;uchar
;Unwind@00480e70;0x480e70;0x1d;__stdcall;;uchar
;Unwind@00480e8d;0x480e8d;0xb;__stdcall;;uchar
;Unwind@00480e98;0x480e98;0xb;__stdcall;;uchar
;Unwind@00480ea3;0x480ea3;0x1a;__stdcall;;uchar
;Unwind@00480ebd;0x480ebd;0xb;__stdcall;;uchar
;Unwind@00480ec8;0x480ec8;0xb;__stdcall;;uchar
;Unwind@00480ee0;0x480ee0;0x8;__stdcall;;uchar
;Unwind@00480f00;0x480f00;0xb;__stdcall;;uchar
;Unwind@00480f0b;0x480f0b;0x8;__stdcall;;uchar
;Unwind@00480f13;0x480f13;0xb;__stdcall;;uchar
;Unwind@00480f30;0x480f30;0x1a;__stdcall;;uchar
;Unwind@00480f60;0x480f60;0xb;__stdcall;;uchar
;Unwind@00480f80;0x480f80;0xb;__stdcall;;uchar
;Unwind@00480f8b;0x480f8b;0xb;__stdcall;;uchar
;Unwind@00480f96;0x480f96;0xb;__stdcall;;uchar
;Unwind@00480fb0;0x480fb0;0xb;__stdcall;;uchar
;Unwind@00480fbb;0x480fbb;0xb;__stdcall;;uchar
;Unwind@00480fd0;0x480fd0;0xb;__stdcall;;uchar
;Unwind@00480ff0;0x480ff0;0x1d;__stdcall;;uchar
;Unwind@0048100d;0x48100d;0xb;__stdcall;;uchar
;Unwind@00481018;0x481018;0xb;__stdcall;;uchar
;Unwind@00481023;0x481023;0x1a;__stdcall;;uchar
;Unwind@0048103d;0x48103d;0xb;__stdcall;;uchar
;Unwind@00481048;0x481048;0xb;__stdcall;;uchar
;Unwind@00481060;0x481060;0xb;__stdcall;;uchar
;Unwind@00481080;0x481080;0xb;__stdcall;;uchar
;Unwind@004810a0;0x4810a0;0xb;__stdcall;;uchar
;Unwind@004810c0;0x4810c0;0xb;__stdcall;;uchar
;Unwind@004810e0;0x4810e0;0xb;__stdcall;;uchar
;Unwind@00481100;0x481100;0xb;__stdcall;;uchar
;Unwind@00481120;0x481120;0xb;__stdcall;;uchar
;Unwind@00481140;0x481140;0xb;__stdcall;;uchar
;Unwind@00481160;0x481160;0x9;__stdcall;;uchar
;Unwind@00481169;0x481169;0xc;__stdcall;;uchar
;Unwind@00481180;0x481180;0xb;__stdcall;;uchar
;Unwind@004811a0;0x4811a0;0x9;__stdcall;;uchar
;Unwind@004811a9;0x4811a9;0xe;__stdcall;;uchar
;Unwind@004811b7;0x4811b7;0xe;__stdcall;;uchar
;Unwind@004811c5;0x4811c5;0xe;__stdcall;;uchar
;Unwind@004811e0;0x4811e0;0x9;__stdcall;;uchar
;Unwind@004811e9;0x4811e9;0xe;__stdcall;;uchar
;Unwind@004811f7;0x4811f7;0xe;__stdcall;;uchar
;Unwind@00481205;0x481205;0xe;__stdcall;;uchar
;Unwind@00481220;0x481220;0x9;__stdcall;;uchar
;Unwind@00481240;0x481240;0x9;__stdcall;;uchar
;Unwind@00481249;0x481249;0xf;__stdcall;;uchar
;Unwind@00481270;0x481270;0xb;__stdcall;;uchar
;Unwind@00481290;0x481290;0xb;__stdcall;;uchar
;Unwind@0048129b;0x48129b;0xb;__stdcall;;uchar
;Unwind@004812b0;0x4812b0;0x9;__stdcall;;uchar
;Unwind@004812d0;0x4812d0;0xb;__stdcall;;uchar
;Unwind@004812db;0x4812db;0xb;__stdcall;;uchar
;Unwind@004812e6;0x4812e6;0xb;__stdcall;;uchar
;Unwind@004812f1;0x4812f1;0xb;__stdcall;;uchar
;Unwind@004812fc;0x4812fc;0xb;__stdcall;;uchar
;Unwind@00481307;0x481307;0xb;__stdcall;;uchar
;Unwind@00481312;0x481312;0xb;__stdcall;;uchar
;Unwind@0048131d;0x48131d;0xb;__stdcall;;uchar
;Unwind@00481328;0x481328;0xb;__stdcall;;uchar
;Unwind@00481340;0x481340;0xb;__stdcall;;uchar
;Unwind@00481360;0x481360;0xb;__stdcall;;uchar
;Unwind@00481380;0x481380;0x9;__stdcall;;uchar
;Unwind@004813a0;0x4813a0;0x9;__stdcall;;uchar
;Unwind@004813c0;0x4813c0;0xb;__stdcall;;uchar
;Unwind@004813e0;0x4813e0;0xb;__stdcall;;uchar
;Unwind@00481400;0x481400;0x9;__stdcall;;uchar
;Unwind@00481420;0x481420;0x9;__stdcall;;uchar
;Unwind@00481440;0x481440;0xb;__stdcall;;uchar
;Unwind@00481460;0x481460;0xb;__stdcall;;uchar
;Unwind@00481480;0x481480;0x9;__stdcall;;uchar
;Unwind@004814a0;0x4814a0;0x9;__stdcall;;uchar
;Unwind@004814a9;0x4814a9;0xf;__stdcall;;uchar
;Unwind@004814d0;0x4814d0;0xb;__stdcall;;uchar
;Unwind@004814f0;0x4814f0;0xb;__stdcall;;uchar
;Unwind@00481510;0x481510;0x9;__stdcall;;uchar
;Unwind@00481530;0x481530;0x9;__stdcall;;uchar
;Unwind@00481550;0x481550;0xb;__stdcall;;uchar
;Unwind@00481570;0x481570;0xb;__stdcall;;uchar
;Unwind@00481590;0x481590;0xb;__stdcall;;uchar
;Unwind@004815b0;0x4815b0;0xb;__stdcall;;uchar
;Unwind@004815bb;0x4815bb;0xb;__stdcall;;uchar
;Unwind@004815d0;0x4815d0;0xb;__stdcall;;uchar
;Unwind@004815f0;0x4815f0;0xb;__stdcall;;uchar
;Unwind@00481610;0x481610;0xb;__stdcall;;uchar
;Unwind@0048161b;0x48161b;0x8;__stdcall;;uchar
;Unwind@00481630;0x481630;0xb;__stdcall;;uchar
;Unwind@0048163b;0x48163b;0xb;__stdcall;;uchar
;Unwind@00481646;0x481646;0xb;__stdcall;;uchar
;Unwind@00481660;0x481660;0xe;__stdcall;;uchar
;Unwind@00481680;0x481680;0xb;__stdcall;;uchar
;Unwind@004816a0;0x4816a0;0xb;__stdcall;;uchar
;Unwind@004816c0;0x4816c0;0xb;__stdcall;;uchar
;Unwind@004816e0;0x4816e0;0x8;__stdcall;;uchar
;Unwind@00481700;0x481700;0x8;__stdcall;;uchar
;Unwind@00481720;0x481720;0xb;__stdcall;;uchar
;Unwind@00481740;0x481740;0xb;__stdcall;;uchar
;Unwind@0048174b;0x48174b;0xb;__stdcall;;uchar
;Unwind@00481760;0x481760;0xb;__stdcall;;uchar
;Unwind@0048176b;0x48176b;0xb;__stdcall;;uchar
;Unwind@00481780;0x481780;0xb;__stdcall;;uchar
;Unwind@0048178b;0x48178b;0xb;__stdcall;;uchar
;Unwind@00481796;0x481796;0xb;__stdcall;;uchar
;Unwind@004817b0;0x4817b0;0xb;__stdcall;;uchar
;Unwind@004817d0;0x4817d0;0xb;__stdcall;;uchar
;Unwind@004817f0;0x4817f0;0xb;__stdcall;;uchar
;Unwind@00481810;0x481810;0xb;__stdcall;;uchar
;Unwind@00481830;0x481830;0xb;__stdcall;;uchar
;Unwind@00481850;0x481850;0xb;__stdcall;;uchar
;Unwind@00481870;0x481870;0xb;__stdcall;;uchar
;Unwind@00481890;0x481890;0xb;__stdcall;;uchar
;Unwind@004818b0;0x4818b0;0xb;__stdcall;;uchar
;Unwind@004818d0;0x4818d0;0xb;__stdcall;;uchar
;Unwind@004818f0;0x4818f0;0x9;__stdcall;;uchar
;Unwind@00481910;0x481910;0xb;__stdcall;;uchar
;Unwind@00481930;0x481930;0x8;__stdcall;;uchar
;Unwind@00481938;0x481938;0xe;__stdcall;;uchar
;Unwind@00481950;0x481950;0xb;__stdcall;;uchar
;Unwind@00481970;0x481970;0xb;__stdcall;;uchar
;Unwind@00481990;0x481990;0xb;__stdcall;;uchar
;Unwind@004819b0;0x4819b0;0xb;__stdcall;;uchar
;Unwind@004819d0;0x4819d0;0xb;__stdcall;;uchar
;Unwind@004819f0;0x4819f0;0xb;__stdcall;;uchar
;Unwind@004819fb;0x4819fb;0xb;__stdcall;;uchar
;Unwind@00481a10;0x481a10;0xb;__stdcall;;uchar
;Unwind@00481a30;0x481a30;0xb;__stdcall;;uchar
;Unwind@00481a3b;0x481a3b;0xb;__stdcall;;uchar
;Unwind@00481a50;0x481a50;0xb;__stdcall;;uchar
;Unwind@00481a70;0x481a70;0xb;__stdcall;;uchar
;Unwind@00481a7b;0x481a7b;0xb;__stdcall;;uchar
;Unwind@00481a90;0x481a90;0xb;__stdcall;;uchar
;Unwind@00481ab0;0x481ab0;0xb;__stdcall;;uchar
;Unwind@00481abb;0x481abb;0xb;__stdcall;;uchar
;Unwind@00481ad0;0x481ad0;0xb;__stdcall;;uchar
;Unwind@00481adb;0x481adb;0xb;__stdcall;;uchar
;Unwind@00481ae6;0x481ae6;0xb;__stdcall;;uchar
;Unwind@00481af1;0x481af1;0xb;__stdcall;;uchar
;Unwind@00481afc;0x481afc;0xb;__stdcall;;uchar
;Unwind@00481b07;0x481b07;0xb;__stdcall;;uchar
;Unwind@00481b20;0x481b20;0xb;__stdcall;;uchar
;Unwind@00481b2b;0x481b2b;0xb;__stdcall;;uchar
;Unwind@00481b36;0x481b36;0xb;__stdcall;;uchar
;Unwind@00481b41;0x481b41;0xb;__stdcall;;uchar
;Unwind@00481b60;0x481b60;0x9;__stdcall;;uchar
;Unwind@00481b69;0x481b69;0xe;__stdcall;;uchar
;Unwind@00481b77;0x481b77;0xe;__stdcall;;uchar
;Unwind@00481b85;0x481b85;0xe;__stdcall;;uchar
;Unwind@00481b93;0x481b93;0xe;__stdcall;;uchar
;Unwind@00481ba1;0x481ba1;0xe;__stdcall;;uchar
;Unwind@00481bc0;0x481bc0;0x9;__stdcall;;uchar
;Unwind@00481bc9;0x481bc9;0xe;__stdcall;;uchar
;Unwind@00481bd7;0x481bd7;0xe;__stdcall;;uchar
;Unwind@00481be5;0x481be5;0xe;__stdcall;;uchar
;Unwind@00481bf3;0x481bf3;0xe;__stdcall;;uchar
;Unwind@00481c01;0x481c01;0xe;__stdcall;;uchar
;Unwind@00481c20;0x481c20;0x8;__stdcall;;uchar
;Unwind@00481c40;0x481c40;0x8;__stdcall;;uchar
;Unwind@00481c60;0x481c60;0x8;__stdcall;;uchar
;Unwind@00481c68;0x481c68;0x8;__stdcall;;uchar
;Unwind@00481c80;0x481c80;0x8;__stdcall;;uchar
;Unwind@00481c88;0x481c88;0x8;__stdcall;;uchar
;Unwind@00481c90;0x481c90;0x8;__stdcall;;uchar
;Unwind@00481c98;0x481c98;0x8;__stdcall;;uchar
;Unwind@00481ca0;0x481ca0;0x8;__stdcall;;uchar
;Unwind@00481cc0;0x481cc0;0x8;__stdcall;;uchar
;Unwind@00481cc8;0x481cc8;0x8;__stdcall;;uchar
;Unwind@00481cd0;0x481cd0;0x8;__stdcall;;uchar
;Unwind@00481cf0;0x481cf0;0x8;__stdcall;;uchar
;Unwind@00481cf8;0x481cf8;0x8;__stdcall;;uchar
;Unwind@00481d00;0x481d00;0x8;__stdcall;;uchar
;Unwind@00481d08;0x481d08;0x8;__stdcall;;uchar
;Unwind@00481d20;0x481d20;0x11;__stdcall;;uchar
;Unwind@00481d40;0x481d40;0x11;__stdcall;;uchar
;Unwind@00481d60;0x481d60;0x11;__stdcall;;uchar
;Unwind@00481d71;0x481d71;0x11;__stdcall;;uchar
;Unwind@00481d90;0x481d90;0xb;__stdcall;;uchar
;Unwind@00481db0;0x481db0;0x9;__stdcall;;uchar
;Unwind@00481dd0;0x481dd0;0xb;__stdcall;;uchar
;Unwind@00481ddb;0x481ddb;0xb;__stdcall;;uchar
;Unwind@00481de6;0x481de6;0xb;__stdcall;;uchar
;Unwind@00481e00;0x481e00;0x9;__stdcall;;uchar
;Unwind@00481e20;0x481e20;0xb;__stdcall;;uchar
;Unwind@00481e2b;0x481e2b;0xb;__stdcall;;uchar
;Unwind@00481e36;0x481e36;0xb;__stdcall;;uchar
;Unwind@00481e41;0x481e41;0xb;__stdcall;;uchar
;Unwind@00481e4c;0x481e4c;0xb;__stdcall;;uchar
;Unwind@00481e57;0x481e57;0xb;__stdcall;;uchar
;Unwind@00481e70;0x481e70;0xb;__stdcall;;uchar
;Unwind@00481e7b;0x481e7b;0xb;__stdcall;;uchar
;Unwind@00481e86;0x481e86;0xb;__stdcall;;uchar
;Unwind@00481ea0;0x481ea0;0x1a;__stdcall;;uchar
;Unwind@00481eba;0x481eba;0xb;__stdcall;;uchar
;Unwind@00481ec5;0x481ec5;0xb;__stdcall;;uchar
;Unwind@00481ed0;0x481ed0;0xe;__stdcall;;uchar
;Unwind@00481ede;0x481ede;0xe;__stdcall;;uchar
;Unwind@00481f00;0x481f00;0x1a;__stdcall;;uchar
;Unwind@00481f1a;0x481f1a;0xb;__stdcall;;uchar
;Unwind@00481f25;0x481f25;0xb;__stdcall;;uchar
;Unwind@00481f30;0x481f30;0xe;__stdcall;;uchar
;Unwind@00481f3e;0x481f3e;0xe;__stdcall;;uchar
;Unwind@00481f60;0x481f60;0xe;__stdcall;;uchar
;Unwind@00481f80;0x481f80;0xb;__stdcall;;uchar
;Unwind@00481f8b;0x481f8b;0xb;__stdcall;;uchar
;Unwind@00481fa0;0x481fa0;0xb;__stdcall;;uchar
;Unwind@00481fab;0x481fab;0xb;__stdcall;;uchar
;Unwind@00481fc0;0x481fc0;0xb;__stdcall;;uchar
;Unwind@00481fcb;0x481fcb;0xb;__stdcall;;uchar
;Unwind@00481fe0;0x481fe0;0xb;__stdcall;;uchar
;Unwind@00482000;0x482000;0xb;__stdcall;;uchar
;Unwind@00482020;0x482020;0xb;__stdcall;;uchar
;Unwind@00482040;0x482040;0x8;__stdcall;;uchar
;Unwind@00482060;0x482060;0x9;__stdcall;;uchar
;Unwind@00482069;0x482069;0x8;__stdcall;;uchar
;Unwind@00482080;0x482080;0xb;__stdcall;;uchar
;Unwind@004820a0;0x4820a0;0xb;__stdcall;;uchar
;Unwind@004820c0;0x4820c0;0xb;__stdcall;;uchar
;Unwind@004820e0;0x4820e0;0xb;__stdcall;;uchar
;Unwind@00482100;0x482100;0xb;__stdcall;;uchar
;Unwind@00482120;0x482120;0xb;__stdcall;;uchar
;Unwind@00482140;0x482140;0xb;__stdcall;;uchar
;Unwind@00482160;0x482160;0xb;__stdcall;;uchar
;Unwind@00482180;0x482180;0xb;__stdcall;;uchar
;Unwind@0048218b;0x48218b;0xb;__stdcall;;uchar
;Unwind@00482196;0x482196;0xb;__stdcall;;uchar
;Unwind@004821b0;0x4821b0;0xb;__stdcall;;uchar
;Unwind@004821bb;0x4821bb;0xb;__stdcall;;uchar
;Unwind@004821d0;0x4821d0;0xb;__stdcall;;uchar
;Unwind@004821f0;0x4821f0;0x1a;__stdcall;;uchar
;Unwind@0048220a;0x48220a;0xb;__stdcall;;uchar
;Unwind@00482215;0x482215;0xb;__stdcall;;uchar
;Unwind@00482220;0x482220;0xe;__stdcall;;uchar
;Unwind@0048222e;0x48222e;0xb;__stdcall;;uchar
;Unwind@00482239;0x482239;0xe;__stdcall;;uchar
;Unwind@00482247;0x482247;0xe;__stdcall;;uchar
;Unwind@00482260;0x482260;0x9;__stdcall;;uchar
;Unwind@00482280;0x482280;0x9;__stdcall;;uchar
;Unwind@004822a0;0x4822a0;0xb;__stdcall;;uchar
;Unwind@004822ab;0x4822ab;0xb;__stdcall;;uchar
;Unwind@004822b6;0x4822b6;0xb;__stdcall;;uchar
;Unwind@004822c1;0x4822c1;0xb;__stdcall;;uchar
;Unwind@004822cc;0x4822cc;0xb;__stdcall;;uchar
;Unwind@004822d7;0x4822d7;0xb;__stdcall;;uchar
;Unwind@004822e2;0x4822e2;0xb;__stdcall;;uchar
;Unwind@004822ed;0x4822ed;0xb;__stdcall;;uchar
;Unwind@004822f8;0x4822f8;0xb;__stdcall;;uchar
;Unwind@00482303;0x482303;0xb;__stdcall;;uchar
;Unwind@0048230e;0x48230e;0xb;__stdcall;;uchar
;Unwind@00482319;0x482319;0xb;__stdcall;;uchar
;Unwind@00482324;0x482324;0xb;__stdcall;;uchar
;Unwind@0048232f;0x48232f;0xb;__stdcall;;uchar
;Unwind@0048233a;0x48233a;0xb;__stdcall;;uchar
;Unwind@00482345;0x482345;0xb;__stdcall;;uchar
;Unwind@00482350;0x482350;0xb;__stdcall;;uchar
;Unwind@0048235b;0x48235b;0xb;__stdcall;;uchar
;Unwind@00482370;0x482370;0x1a;__stdcall;;uchar
;Unwind@0048238a;0x48238a;0xb;__stdcall;;uchar
;Unwind@00482395;0x482395;0xb;__stdcall;;uchar
;Unwind@004823a0;0x4823a0;0xe;__stdcall;;uchar
;Unwind@004823ae;0x4823ae;0xe;__stdcall;;uchar
;Unwind@004823d0;0x4823d0;0x1a;__stdcall;;uchar
;Unwind@004823ea;0x4823ea;0xb;__stdcall;;uchar
;Unwind@004823f5;0x4823f5;0xb;__stdcall;;uchar
;Unwind@00482400;0x482400;0xe;__stdcall;;uchar
;Unwind@0048240e;0x48240e;0xe;__stdcall;;uchar
;Unwind@00482430;0x482430;0x1d;__stdcall;;uchar
;Unwind@0048244d;0x48244d;0xb;__stdcall;;uchar
;Unwind@00482458;0x482458;0xb;__stdcall;;uchar
;Unwind@00482463;0x482463;0xe;__stdcall;;uchar
;Unwind@00482471;0x482471;0xb;__stdcall;;uchar
;Unwind@0048247c;0x48247c;0xe;__stdcall;;uchar
;Unwind@0048248a;0x48248a;0xe;__stdcall;;uchar
;Unwind@004824b0;0x4824b0;0x9;__stdcall;;uchar
;Unwind@004824d0;0x4824d0;0x9;__stdcall;;uchar
;Unwind@004824f0;0x4824f0;0xb;__stdcall;;uchar
;Unwind@00482510;0x482510;0xb;__stdcall;;uchar
;Unwind@0048251b;0x48251b;0xb;__stdcall;;uchar
;Unwind@00482526;0x482526;0xb;__stdcall;;uchar
;Unwind@00482540;0x482540;0xb;__stdcall;;uchar
;Unwind@00482560;0x482560;0x8;__stdcall;;uchar
;Unwind@00482580;0x482580;0x1d;__stdcall;;uchar
;Unwind@0048259d;0x48259d;0xb;__stdcall;;uchar
;Unwind@004825a8;0x4825a8;0xb;__stdcall;;uchar
;Unwind@004825b3;0x4825b3;0xe;__stdcall;;uchar
;Unwind@004825c1;0x4825c1;0xb;__stdcall;;uchar
;Unwind@004825cc;0x4825cc;0xe;__stdcall;;uchar
;Unwind@004825da;0x4825da;0xe;__stdcall;;uchar
;Unwind@00482600;0x482600;0xb;__stdcall;;uchar
;Unwind@0048260b;0x48260b;0x1d;__stdcall;;uchar
;Unwind@00482628;0x482628;0xb;__stdcall;;uchar
;Unwind@00482633;0x482633;0xb;__stdcall;;uchar
;Unwind@0048263e;0x48263e;0xe;__stdcall;;uchar
;Unwind@00482660;0x482660;0x1d;__stdcall;;uchar
;Unwind@0048267d;0x48267d;0xb;__stdcall;;uchar
;Unwind@00482688;0x482688;0xb;__stdcall;;uchar
;Unwind@00482693;0x482693;0xb;__stdcall;;uchar
;Unwind@0048269e;0x48269e;0xe;__stdcall;;uchar
;Unwind@004826c0;0x4826c0;0xb;__stdcall;;uchar
;Unwind@004826e0;0x4826e0;0x1d;__stdcall;;uchar
;Unwind@004826fd;0x4826fd;0xb;__stdcall;;uchar
;Unwind@00482708;0x482708;0xb;__stdcall;;uchar
;Unwind@00482713;0x482713;0xe;__stdcall;;uchar
;Unwind@00482721;0x482721;0xb;__stdcall;;uchar
;Unwind@0048272c;0x48272c;0xe;__stdcall;;uchar
;Unwind@0048273a;0x48273a;0xe;__stdcall;;uchar
;Unwind@00482760;0x482760;0x8;__stdcall;;uchar
;Unwind@00482768;0x482768;0xb;__stdcall;;uchar
;Unwind@00482780;0x482780;0xb;__stdcall;;uchar
;Unwind@004827a0;0x4827a0;0xb;__stdcall;;uchar
;Unwind@004827c0;0x4827c0;0xb;__stdcall;;uchar
;Unwind@004827e0;0x4827e0;0x9;__stdcall;;uchar
;Unwind@004827e9;0x4827e9;0xe;__stdcall;;uchar
;Unwind@00482810;0x482810;0xb;__stdcall;;uchar
;Unwind@00482830;0x482830;0xb;__stdcall;;uchar
;Unwind@00482850;0x482850;0xb;__stdcall;;uchar
;Unwind@00482870;0x482870;0xb;__stdcall;;uchar
;Unwind@00482890;0x482890;0xb;__stdcall;;uchar
;Unwind@004828b0;0x4828b0;0xb;__stdcall;;uchar
;Unwind@004828d0;0x4828d0;0xe;__stdcall;;uchar
;Unwind@004828f0;0x4828f0;0x9;__stdcall;;uchar
;Unwind@00482910;0x482910;0x9;__stdcall;;uchar
;Unwind@00482930;0x482930;0xb;__stdcall;;uchar
;Unwind@00482950;0x482950;0xb;__stdcall;;uchar
;Unwind@00482970;0x482970;0xb;__stdcall;;uchar
;Unwind@00482990;0x482990;0xb;__stdcall;;uchar
;Unwind@004829b0;0x4829b0;0xb;__stdcall;;uchar
;Unwind@004829d0;0x4829d0;0xb;__stdcall;;uchar
;Unwind@004829f0;0x4829f0;0xb;__stdcall;;uchar
;Unwind@00482a10;0x482a10;0xb;__stdcall;;uchar
;Unwind@00482a30;0x482a30;0xb;__stdcall;;uchar
;Unwind@00482a50;0x482a50;0xb;__stdcall;;uchar
;Unwind@00482a70;0x482a70;0xb;__stdcall;;uchar
;Unwind@00482a90;0x482a90;0xb;__stdcall;;uchar
;Unwind@00482ab0;0x482ab0;0xb;__stdcall;;uchar
;Unwind@00482ad0;0x482ad0;0xb;__stdcall;;uchar
;Unwind@00482af0;0x482af0;0xb;__stdcall;;uchar
;Unwind@00482b10;0x482b10;0xb;__stdcall;;uchar
;Unwind@00482b25;0x482b25;0x8;__stdcall;;uchar
;Unwind@00482b2d;0x482b2d;0x8;__stdcall;;uchar
;Unwind@00482b49;0x482b49;0x8;__stdcall;;uchar
;Unwind@00482b51;0x482b51;0x8;__stdcall;;uchar
;Unwind@00482b63;0x482b63;0xa;__stdcall;;uchar
;Unwind@00482b6d;0x482b6d;0xa;__stdcall;;uchar
;Unwind@00482b77;0x482b77;0xa;__stdcall;;uchar
;Unwind@00482b8b;0x482b8b;0xa;__stdcall;;uchar
;Unwind@00482b9f;0x482b9f;0xa;__stdcall;;uchar
;Unwind@00482ba9;0x482ba9;0xa;__stdcall;;uchar
;Unwind@00482bbd;0x482bbd;0xa;__stdcall;;uchar
;Unwind@00482bc7;0x482bc7;0xa;__stdcall;;uchar
;Unwind@00482bdb;0x482bdb;0xa;__stdcall;;uchar
;Unwind@00482be5;0x482be5;0xa;__stdcall;;uchar
;Unwind@00482bef;0x482bef;0xa;__stdcall;;uchar
;Unwind@00482c03;0x482c03;0xa;__stdcall;;uchar
;Unwind@00482c0d;0x482c0d;0xa;__stdcall;;uchar
;Unwind@00482c17;0x482c17;0xa;__stdcall;;uchar
;Unwind@00482c2b;0x482c2b;0xa;__stdcall;;uchar
;Unwind@00482c35;0x482c35;0xa;__stdcall;;uchar
;Unwind@00482c49;0x482c49;0xa;__stdcall;;uchar
;Unwind@00482c53;0x482c53;0xa;__stdcall;;uchar
;Unwind@00482c67;0x482c67;0xa;__stdcall;;uchar
;Unwind@00482c71;0x482c71;0xa;__stdcall;;uchar
;Unwind@00482c7b;0x482c7b;0xa;__stdcall;;uchar
;Unwind@00482c8f;0x482c8f;0x8;__stdcall;;uchar
;Unwind@00482ca1;0x482ca1;0xa;__stdcall;;uchar
;Unwind@00482cb5;0x482cb5;0xa;__stdcall;;uchar
;Unwind@00482cc9;0x482cc9;0x8;__stdcall;;uchar
;Unwind@00482cd1;0x482cd1;0xa;__stdcall;;uchar
;Unwind@00482ce5;0x482ce5;0xa;__stdcall;;uchar
;Unwind@00482cf9;0x482cf9;0x8;__stdcall;;uchar
;Unwind@00482d0b;0x482d0b;0xa;__stdcall;;uchar
;Unwind@00482d15;0x482d15;0xa;__stdcall;;uchar
;Unwind@00482d1f;0x482d1f;0xa;__stdcall;;uchar
;Unwind@00482d29;0x482d29;0xa;__stdcall;;uchar
;Unwind@00482d33;0x482d33;0xa;__stdcall;;uchar
;Unwind@00482d3d;0x482d3d;0xa;__stdcall;;uchar
;Unwind@00482d47;0x482d47;0xa;__stdcall;;uchar
;Unwind@00482d51;0x482d51;0xa;__stdcall;;uchar
;Unwind@00482d5b;0x482d5b;0xa;__stdcall;;uchar
;Unwind@00482d65;0x482d65;0xa;__stdcall;;uchar
;Unwind@00482d6f;0x482d6f;0xa;__stdcall;;uchar
;Unwind@00482d79;0x482d79;0xa;__stdcall;;uchar
;Unwind@00482d83;0x482d83;0xa;__stdcall;;uchar
;Unwind@00482d8d;0x482d8d;0xa;__stdcall;;uchar
;Unwind@00482d97;0x482d97;0xa;__stdcall;;uchar
;Unwind@00482da1;0x482da1;0xa;__stdcall;;uchar
;Unwind@00482dab;0x482dab;0xa;__stdcall;;uchar
;Unwind@00482db5;0x482db5;0xa;__stdcall;;uchar
;Unwind@00482dbf;0x482dbf;0xa;__stdcall;;uchar
;Unwind@00482dc9;0x482dc9;0xa;__stdcall;;uchar
;Unwind@00482dd3;0x482dd3;0xa;__stdcall;;uchar
;Unwind@00482ddd;0x482ddd;0xa;__stdcall;;uchar
;Unwind@00482de7;0x482de7;0xa;__stdcall;;uchar
;Unwind@00482df1;0x482df1;0xa;__stdcall;;uchar
;Unwind@00482dfb;0x482dfb;0xa;__stdcall;;uchar
;Unwind@00482e05;0x482e05;0xa;__stdcall;;uchar
;Unwind@00482e0f;0x482e0f;0xa;__stdcall;;uchar
;Unwind@00482e19;0x482e19;0xa;__stdcall;;uchar
;Unwind@00482e23;0x482e23;0xa;__stdcall;;uchar
;Unwind@00482e2d;0x482e2d;0xa;__stdcall;;uchar
;Unwind@00482e37;0x482e37;0xa;__stdcall;;uchar
;Unwind@00482e41;0x482e41;0xa;__stdcall;;uchar
;Unwind@00482e4b;0x482e4b;0xa;__stdcall;;uchar
;Unwind@00482e55;0x482e55;0xa;__stdcall;;uchar
;Unwind@00482e5f;0x482e5f;0xa;__stdcall;;uchar
;Unwind@00482e69;0x482e69;0xa;__stdcall;;uchar
;Unwind@00482e73;0x482e73;0xa;__stdcall;;uchar
;Unwind@00482e9c;0x482e9c;0x10;__stdcall;;uchar
;Unwind@00482eac;0x482eac;0x10;__stdcall;;uchar
;Unwind@00482ebc;0x482ebc;0x10;__stdcall;;uchar
;Unwind@00482ecc;0x482ecc;0x10;__stdcall;;uchar
;Unwind@00482edc;0x482edc;0x10;__stdcall;;uchar
;Unwind@00482eec;0x482eec;0x10;__stdcall;;uchar
;Unwind@00482efc;0x482efc;0x10;__stdcall;;uchar
;Unwind@00482f18;0x482f18;0x1a;__stdcall;;uchar
;Unwind@00482f3c;0x482f3c;0x1a;__stdcall;;uchar
;Unwind@00482f60;0x482f60;0x10;__stdcall;;uchar
;Unwind@00482f70;0x482f70;0x10;__stdcall;;uchar
;Unwind@00482f80;0x482f80;0x10;__stdcall;;uchar
;Unwind@00482f90;0x482f90;0x10;__stdcall;;uchar
;Unwind@00482fa0;0x482fa0;0x10;__stdcall;;uchar
;Unwind@00482fb0;0x482fb0;0x10;__stdcall;;uchar
;Unwind@00482fc0;0x482fc0;0x10;__stdcall;;uchar
;Unwind@00482fdc;0x482fdc;0x1a;__stdcall;;uchar
;Unwind@00483000;0x483000;0x1a;__stdcall;;uchar
;Unwind@00483024;0x483024;0x1a;__stdcall;;uchar
;Unwind@00483048;0x483048;0x1a;__stdcall;;uchar
;Unwind@0048306c;0x48306c;0xb;__stdcall;;uchar
;Unwind@00483077;0x483077;0x8;__stdcall;;uchar
;Unwind@0048307f;0x48307f;0xb;__stdcall;;uchar
;Unwind@00483094;0x483094;0x8;__stdcall;;uchar
;Unwind@0048309c;0x48309c;0xb;__stdcall;;uchar
;Unwind@004830b4;0x4830b4;0x8;__stdcall;;uchar
;Unwind@004830c8;0x4830c8;0x8;__stdcall;;uchar
;Unwind@004830dc;0x4830dc;0x8;__stdcall;;uchar
;Unwind@004830f0;0x4830f0;0x8;__stdcall;;uchar
;Unwind@00483104;0x483104;0x8;__stdcall;;uchar
;Unwind@00483118;0x483118;0xb;__stdcall;;uchar
;Unwind@00483130;0x483130;0x8;__stdcall;;uchar
;Unwind@00483144;0x483144;0x8;__stdcall;;uchar
;Unwind@00483158;0x483158;0x8;__stdcall;;uchar
;Unwind@0048316c;0x48316c;0x8;__stdcall;;uchar
;Unwind@00483180;0x483180;0x8;__stdcall;;uchar
;Unwind@00483194;0x483194;0x8;__stdcall;;uchar
;Unwind@004831a8;0x4831a8;0x8;__stdcall;;uchar
;Unwind@004831bc;0x4831bc;0x8;__stdcall;;uchar
;Unwind@004831c4;0x4831c4;0xa;__stdcall;;uchar
;Unwind@004831d8;0x4831d8;0x8;__stdcall;;uchar
;Unwind@004831ec;0x4831ec;0x8;__stdcall;;uchar
;Unwind@00483200;0x483200;0x8;__stdcall;;uchar
;Unwind@00483208;0x483208;0xb;__stdcall;;uchar
;Unwind@00483213;0x483213;0x8;__stdcall;;uchar
;Unwind@00483228;0x483228;0xa;__stdcall;;uchar
;Unwind@0048323c;0x48323c;0x8;__stdcall;;uchar
;Unwind@00483244;0x483244;0xa;__stdcall;;uchar
;Unwind@0048324e;0x48324e;0x8;__stdcall;;uchar
;Unwind@00483256;0x483256;0xa;__stdcall;;uchar
;Unwind@00483260;0x483260;0x8;__stdcall;;uchar
;Unwind@00483268;0x483268;0x8;__stdcall;;uchar
;Unwind@0048327c;0x48327c;0x8;__stdcall;;uchar
;Unwind@00483284;0x483284;0xb;__stdcall;;uchar
;Unwind@0048328f;0x48328f;0x8;__stdcall;;uchar
;Unwind@00483297;0x483297;0x8;__stdcall;;uchar
;Unwind@0048329f;0x48329f;0x8;__stdcall;;uchar
;Unwind@004832b4;0x4832b4;0x8;__stdcall;;uchar
;Unwind@004832c8;0x4832c8;0x8;__stdcall;;uchar
;Unwind@004832d0;0x4832d0;0xb;__stdcall;;uchar
;Unwind@004832db;0x4832db;0xb;__stdcall;;uchar
;Unwind@004832e6;0x4832e6;0xb;__stdcall;;uchar
;Unwind@004832fc;0x4832fc;0x8;__stdcall;;uchar
;Unwind@00483304;0x483304;0xb;__stdcall;;uchar
;Unwind@0048330f;0x48330f;0xb;__stdcall;;uchar
;Unwind@00483324;0x483324;0x8;__stdcall;;uchar
;Unwind@0048332c;0x48332c;0x8;__stdcall;;uchar
;Unwind@00483334;0x483334;0x8;__stdcall;;uchar
;Unwind@0048333c;0x48333c;0x8;__stdcall;;uchar
;Unwind@00483344;0x483344;0x8;__stdcall;;uchar
;Unwind@00483358;0x483358;0x8;__stdcall;;uchar
;Unwind@0048336c;0x48336c;0x8;__stdcall;;uchar
;Unwind@00483380;0x483380;0x8;__stdcall;;uchar
;Unwind@00483394;0x483394;0x8;__stdcall;;uchar
;Unwind@004833a8;0x4833a8;0x8;__stdcall;;uchar
;Unwind@004833bc;0x4833bc;0x8;__stdcall;;uchar
;Unwind@004833d0;0x4833d0;0x8;__stdcall;;uchar
;Unwind@004833e4;0x4833e4;0x8;__stdcall;;uchar
;Unwind@004833f8;0x4833f8;0x8;__stdcall;;uchar
;Unwind@00483400;0x483400;0x8;__stdcall;;uchar
;Unwind@00483408;0x483408;0x8;__stdcall;;uchar
;Unwind@00483410;0x483410;0x8;__stdcall;;uchar
;Unwind@00483424;0x483424;0x8;__stdcall;;uchar
;Unwind@0048342c;0x48342c;0x8;__stdcall;;uchar
;Unwind@00483440;0x483440;0x8;__stdcall;;uchar
;Unwind@00483454;0x483454;0x8;__stdcall;;uchar
;Unwind@0048345c;0x48345c;0x8;__stdcall;;uchar
;Unwind@00483470;0x483470;0x8;__stdcall;;uchar
;Unwind@00483478;0x483478;0xa;__stdcall;;uchar
;Unwind@0048348c;0x48348c;0x8;__stdcall;;uchar
;Unwind@00483494;0x483494;0xa;__stdcall;;uchar
;Unwind@0048349e;0x48349e;0x8;__stdcall;;uchar
;Unwind@004834b0;0x4834b0;0x8;__stdcall;;uchar
;Unwind@004834b8;0x4834b8;0xa;__stdcall;;uchar
;Unwind@004834c2;0x4834c2;0x8;__stdcall;;uchar
;Unwind@004834d4;0x4834d4;0x8;__stdcall;;uchar
;Unwind@004834dc;0x4834dc;0xa;__stdcall;;uchar
;Unwind@004834f0;0x4834f0;0x8;__stdcall;;uchar
;Unwind@004834f8;0x4834f8;0xa;__stdcall;;uchar
;Unwind@0048350c;0x48350c;0x8;__stdcall;;uchar
;Unwind@00483520;0x483520;0x8;__stdcall;;uchar
;Unwind@00483528;0x483528;0x8;__stdcall;;uchar
;Unwind@0048353c;0x48353c;0x8;__stdcall;;uchar
;Unwind@00483550;0x483550;0x8;__stdcall;;uchar
;Unwind@00483564;0x483564;0x8;__stdcall;;uchar
;Unwind@00483578;0x483578;0x8;__stdcall;;uchar
;Unwind@00483580;0x483580;0xa;__stdcall;;uchar
;Unwind@0048358a;0x48358a;0x8;__stdcall;;uchar
;Unwind@00483592;0x483592;0xa;__stdcall;;uchar
;Unwind@0048359c;0x48359c;0x8;__stdcall;;uchar
;Unwind@004835a4;0x4835a4;0xa;__stdcall;;uchar
;Unwind@004835ae;0x4835ae;0xa;__stdcall;;uchar
;Unwind@004835b8;0x4835b8;0xa;__stdcall;;uchar
;Unwind@004835c2;0x4835c2;0x8;__stdcall;;uchar
;Unwind@004835ca;0x4835ca;0xa;__stdcall;;uchar
;Unwind@004835d4;0x4835d4;0x8;__stdcall;;uchar
;Unwind@004835dc;0x4835dc;0xb;__stdcall;;uchar
;Unwind@004835f4;0x4835f4;0x8;__stdcall;;uchar
;Unwind@00483608;0x483608;0x8;__stdcall;;uchar
;Unwind@00483610;0x483610;0x8;__stdcall;;uchar
;Unwind@00483618;0x483618;0x8;__stdcall;;uchar
;Unwind@00483620;0x483620;0x8;__stdcall;;uchar
;Unwind@00483628;0x483628;0x8;__stdcall;;uchar
;Unwind@0048363c;0x48363c;0x8;__stdcall;;uchar
;Unwind@00483650;0x483650;0x8;__stdcall;;uchar
;Unwind@00483664;0x483664;0x8;__stdcall;;uchar
;Unwind@00483678;0x483678;0x8;__stdcall;;uchar
;Unwind@0048368c;0x48368c;0x8;__stdcall;;uchar
;Unwind@004836a0;0x4836a0;0x8;__stdcall;;uchar
;Unwind@004836b4;0x4836b4;0x8;__stdcall;;uchar
;Unwind@004836c8;0x4836c8;0x8;__stdcall;;uchar
;Unwind@004836dc;0x4836dc;0x8;__stdcall;;uchar
;Unwind@004836e4;0x4836e4;0x8;__stdcall;;uchar
;Unwind@004836ec;0x4836ec;0x8;__stdcall;;uchar
;Unwind@004836f4;0x4836f4;0x8;__stdcall;;uchar
;Unwind@00483708;0x483708;0x8;__stdcall;;uchar
;Unwind@00483710;0x483710;0x17;__stdcall;;uchar
;Unwind@00483734;0x483734;0x8;__stdcall;;uchar
;Unwind@0048373c;0x48373c;0x8;__stdcall;;uchar
;Unwind@00483750;0x483750;0x8;__stdcall;;uchar
;Unwind@00483764;0x483764;0x8;__stdcall;;uchar
;Unwind@00483778;0x483778;0x8;__stdcall;;uchar
;Unwind@00483780;0x483780;0x8;__stdcall;;uchar
;Unwind@00483794;0x483794;0x8;__stdcall;;uchar
;Unwind@0048379c;0x48379c;0x8;__stdcall;;uchar
;Unwind@004837b0;0x4837b0;0x8;__stdcall;;uchar
;Unwind@004837c4;0x4837c4;0x8;__stdcall;;uchar
;Unwind@004837cc;0x4837cc;0x8;__stdcall;;uchar
;Unwind@004837e0;0x4837e0;0x8;__stdcall;;uchar
;Unwind@004837e8;0x4837e8;0x8;__stdcall;;uchar
;Unwind@004837f0;0x4837f0;0x8;__stdcall;;uchar
;Unwind@004837f8;0x4837f8;0x8;__stdcall;;uchar
;Unwind@00483800;0x483800;0x8;__stdcall;;uchar
;Unwind@00483808;0x483808;0xb;__stdcall;;uchar
;Unwind@00483813;0x483813;0x8;__stdcall;;uchar
;Unwind@0048381b;0x48381b;0xb;__stdcall;;uchar
;Unwind@00483826;0x483826;0xb;__stdcall;;uchar
;Unwind@00483831;0x483831;0xb;__stdcall;;uchar
;Unwind@0048383c;0x48383c;0xb;__stdcall;;uchar
;Unwind@00483847;0x483847;0xb;__stdcall;;uchar
;Unwind@00483852;0x483852;0xb;__stdcall;;uchar
;Unwind@0048385d;0x48385d;0x8;__stdcall;;uchar
;Unwind@00483865;0x483865;0x17;__stdcall;;uchar
;Unwind@00483888;0x483888;0x8;__stdcall;;uchar
;Unwind@00483890;0x483890;0x8;__stdcall;;uchar
;Unwind@00483898;0x483898;0x8;__stdcall;;uchar
;Unwind@004838a0;0x4838a0;0xb;__stdcall;;uchar
;Unwind@004838ab;0x4838ab;0x8;__stdcall;;uchar
;Unwind@004838b3;0x4838b3;0x8;__stdcall;;uchar
;Unwind@004838bb;0x4838bb;0x8;__stdcall;;uchar
;Unwind@004838c3;0x4838c3;0xb;__stdcall;;uchar
;Unwind@004838ce;0x4838ce;0x8;__stdcall;;uchar
;Unwind@004838e0;0x4838e0;0x8;__stdcall;;uchar
;Unwind@00483900;0x483900;0x8;__stdcall;;uchar
;Unwind@00483908;0x483908;0xa;__stdcall;;uchar
;Unwind@0048391c;0x48391c;0x8;__stdcall;;uchar
;Unwind@00483924;0x483924;0xa;__stdcall;;uchar
;Unwind@0048392e;0x48392e;0x8;__stdcall;;uchar
;Unwind@00483940;0x483940;0x8;__stdcall;;uchar
;Unwind@00483948;0x483948;0xa;__stdcall;;uchar
;Unwind@00483952;0x483952;0x8;__stdcall;;uchar
;Unwind@00483964;0x483964;0x8;__stdcall;;uchar
;Unwind@0048396c;0x48396c;0xa;__stdcall;;uchar
;Unwind@00483980;0x483980;0x8;__stdcall;;uchar
;Unwind@00483988;0x483988;0xa;__stdcall;;uchar
;Unwind@0048399c;0x48399c;0x8;__stdcall;;uchar
;Unwind@004839a4;0x4839a4;0xa;__stdcall;;uchar
;Unwind@004839b8;0x4839b8;0x8;__stdcall;;uchar
;Unwind@004839c0;0x4839c0;0xa;__stdcall;;uchar
;Unwind@004839ca;0x4839ca;0x8;__stdcall;;uchar
;Unwind@004839dc;0x4839dc;0x8;__stdcall;;uchar
;Unwind@004839e4;0x4839e4;0xa;__stdcall;;uchar
;Unwind@004839ee;0x4839ee;0x8;__stdcall;;uchar
;Unwind@00483a00;0x483a00;0x8;__stdcall;;uchar
;Unwind@00483a08;0x483a08;0xa;__stdcall;;uchar
;Unwind@00483a1c;0x483a1c;0x8;__stdcall;;uchar
;Unwind@00483a24;0x483a24;0xa;__stdcall;;uchar
;Unwind@00483a38;0x483a38;0x8;__stdcall;;uchar
;Unwind@00483a40;0x483a40;0xa;__stdcall;;uchar
;Unwind@00483a54;0x483a54;0x8;__stdcall;;uchar
;Unwind@00483a5c;0x483a5c;0xa;__stdcall;;uchar
;Unwind@00483a70;0x483a70;0x8;__stdcall;;uchar
;Unwind@00483a78;0x483a78;0xa;__stdcall;;uchar
;Unwind@00483a8c;0x483a8c;0x8;__stdcall;;uchar
;Unwind@00483aa0;0x483aa0;0x8;__stdcall;;uchar
;Unwind@00483ab4;0x483ab4;0x8;__stdcall;;uchar
;Unwind@00483ac8;0x483ac8;0x8;__stdcall;;uchar
;Unwind@00483ad0;0x483ad0;0xb;__stdcall;;uchar
;Unwind@00483ae8;0x483ae8;0x8;__stdcall;;uchar
;Unwind@00483af0;0x483af0;0x8;__stdcall;;uchar
;Unwind@00483b04;0x483b04;0x8;__stdcall;;uchar
;Unwind@00483b18;0x483b18;0x8;__stdcall;;uchar
;Unwind@00483b20;0x483b20;0x8;__stdcall;;uchar
;Unwind@00483b34;0x483b34;0x8;__stdcall;;uchar
;Unwind@00483b3c;0x483b3c;0x8;__stdcall;;uchar
;Unwind@00483b50;0x483b50;0x8;__stdcall;;uchar
;Unwind@00483b58;0x483b58;0x8;__stdcall;;uchar
;Unwind@00483b6c;0x483b6c;0x8;__stdcall;;uchar
;Unwind@00483b80;0x483b80;0x8;__stdcall;;uchar
;Unwind@00483b94;0x483b94;0x8;__stdcall;;uchar
;Unwind@00483ba8;0x483ba8;0x8;__stdcall;;uchar
;Unwind@00483bbc;0x483bbc;0x8;__stdcall;;uchar
;Unwind@00483bd0;0x483bd0;0x8;__stdcall;;uchar
;Unwind@00483be4;0x483be4;0x8;__stdcall;;uchar
;Unwind@00483bf8;0x483bf8;0x8;__stdcall;;uchar
;Unwind@00483c0c;0x483c0c;0x8;__stdcall;;uchar
;Unwind@00483c20;0x483c20;0x8;__stdcall;;uchar
;Unwind@00483c34;0x483c34;0x8;__stdcall;;uchar
;Unwind@00483c48;0x483c48;0x8;__stdcall;;uchar
;Unwind@00483c5c;0x483c5c;0x8;__stdcall;;uchar
;Unwind@00483c70;0x483c70;0x8;__stdcall;;uchar
;Unwind@00483c78;0x483c78;0xa;__stdcall;;uchar
;Unwind@00483c82;0x483c82;0x8;__stdcall;;uchar
;Unwind@00483c8a;0x483c8a;0xa;__stdcall;;uchar
;Unwind@00483c94;0x483c94;0xa;__stdcall;;uchar
;Unwind@00483c9e;0x483c9e;0xa;__stdcall;;uchar
;Unwind@00483ca8;0x483ca8;0x8;__stdcall;;uchar
;Unwind@00483cb0;0x483cb0;0xa;__stdcall;;uchar
;Unwind@00483cba;0x483cba;0x8;__stdcall;;uchar
;Unwind@00483cc2;0x483cc2;0xb;__stdcall;;uchar
;Unwind@00483cd8;0x483cd8;0x8;__stdcall;;uchar
;Unwind@00483ce0;0x483ce0;0x17;__stdcall;;uchar
;Unwind@00483d04;0x483d04;0x8;__stdcall;;uchar
;Unwind@00483d0c;0x483d0c;0x8;__stdcall;;uchar
;Unwind@00483d20;0x483d20;0x8;__stdcall;;uchar
;Unwind@00483d34;0x483d34;0x8;__stdcall;;uchar
;Unwind@00483d48;0x483d48;0x8;__stdcall;;uchar
;Unwind@00483d50;0x483d50;0x8;__stdcall;;uchar
;Unwind@00483d64;0x483d64;0x8;__stdcall;;uchar
;Unwind@00483d78;0x483d78;0x8;__stdcall;;uchar
;Unwind@00483d80;0x483d80;0x8;__stdcall;;uchar
;Unwind@00483d88;0x483d88;0x8;__stdcall;;uchar
;Unwind@00483d90;0x483d90;0x8;__stdcall;;uchar
;Unwind@00483d98;0x483d98;0x8;__stdcall;;uchar
;Unwind@00483da0;0x483da0;0xb;__stdcall;;uchar
;Unwind@00483dab;0x483dab;0x8;__stdcall;;uchar
;Unwind@00483db3;0x483db3;0xb;__stdcall;;uchar
;Unwind@00483dbe;0x483dbe;0xb;__stdcall;;uchar
;Unwind@00483dc9;0x483dc9;0xb;__stdcall;;uchar
;Unwind@00483dd4;0x483dd4;0xb;__stdcall;;uchar
;Unwind@00483ddf;0x483ddf;0xb;__stdcall;;uchar
;Unwind@00483dea;0x483dea;0xb;__stdcall;;uchar
;Unwind@00483df5;0x483df5;0x8;__stdcall;;uchar
;Unwind@00483e08;0x483e08;0x8;__stdcall;;uchar
;Unwind@00483e10;0x483e10;0x8;__stdcall;;uchar
;Unwind@00483e18;0x483e18;0x8;__stdcall;;uchar
;Unwind@00483e20;0x483e20;0xb;__stdcall;;uchar
;Unwind@00483e2b;0x483e2b;0x8;__stdcall;;uchar
;Unwind@00483e33;0x483e33;0x8;__stdcall;;uchar
;Unwind@00483e3b;0x483e3b;0x8;__stdcall;;uchar
;Unwind@00483e43;0x483e43;0xb;__stdcall;;uchar
;Unwind@00483e4e;0x483e4e;0x8;__stdcall;;uchar
;Unwind@00483e60;0x483e60;0x8;__stdcall;;uchar
;Unwind@00483e74;0x483e74;0x8;__stdcall;;uchar
;Unwind@00483e7c;0x483e7c;0xa;__stdcall;;uchar
;Unwind@00483e90;0x483e90;0x8;__stdcall;;uchar
;Unwind@00483e98;0x483e98;0xa;__stdcall;;uchar
;Unwind@00483eac;0x483eac;0x8;__stdcall;;uchar
;Unwind@00483eb4;0x483eb4;0xa;__stdcall;;uchar
;Unwind@00483ebe;0x483ebe;0x8;__stdcall;;uchar
;Unwind@00483ed0;0x483ed0;0x8;__stdcall;;uchar
;Unwind@00483ed8;0x483ed8;0xa;__stdcall;;uchar
;Unwind@00483ee2;0x483ee2;0x8;__stdcall;;uchar
;Unwind@00483ef4;0x483ef4;0x8;__stdcall;;uchar
;Unwind@00483efc;0x483efc;0xa;__stdcall;;uchar
;Unwind@00483f10;0x483f10;0x8;__stdcall;;uchar
;Unwind@00483f18;0x483f18;0xa;__stdcall;;uchar
;Unwind@00483f2c;0x483f2c;0x8;__stdcall;;uchar
;Unwind@00483f34;0x483f34;0xa;__stdcall;;uchar
;Unwind@00483f48;0x483f48;0x8;__stdcall;;uchar
;Unwind@00483f50;0x483f50;0xa;__stdcall;;uchar
;Unwind@00483f64;0x483f64;0x8;__stdcall;;uchar
;Unwind@00483f78;0x483f78;0x8;__stdcall;;uchar
;Unwind@00483f80;0x483f80;0x8;__stdcall;;uchar
;Unwind@00483f94;0x483f94;0x8;__stdcall;;uchar
;Unwind@00483f9c;0x483f9c;0x8;__stdcall;;uchar
;Unwind@00483fb0;0x483fb0;0x8;__stdcall;;uchar
;Unwind@00483fb8;0x483fb8;0xb;__stdcall;;uchar
;Unwind@00483fd0;0x483fd0;0x8;__stdcall;;uchar
;Unwind@00483fd8;0x483fd8;0x8;__stdcall;;uchar
;Unwind@00483fec;0x483fec;0x8;__stdcall;;uchar
;Unwind@00484000;0x484000;0x8;__stdcall;;uchar
;Unwind@00484014;0x484014;0x8;__stdcall;;uchar
;Unwind@00484028;0x484028;0x8;__stdcall;;uchar
;Unwind@0048403c;0x48403c;0x8;__stdcall;;uchar
;Unwind@00484050;0x484050;0x8;__stdcall;;uchar
;Unwind@00484064;0x484064;0x8;__stdcall;;uchar
;Unwind@00484078;0x484078;0x8;__stdcall;;uchar
