;FUN_10001010;0x10001010;0xa;__stdcall;;uchar
;FUN_10001020;0x10001020;0xc;__stdcall;;uchar
;FUN_10001050;0x10001050;0xa;__stdcall;;uchar
;FUN_10001060;0x10001060;0xc;__stdcall;;uchar
??0cMagInput@@QAE@XZ;cMagInput::cMagInput;0x10001080;0x12;__thiscall;;uchar;cMagInput*
??4cMagInput@@QAEAAV0@ABV0@@Z;cMagInput::operator=;0x100010a0;0x16;__thiscall;;cMagInput*;cMagInput*;cMagInput*
?MagGetCurrentTime@cMagTime@@QAEAAMXZ;cMagTime::MagGetCurrentTime;0x100010c0;0x4;__thiscall;;float*;cMagTime*
?MagGetFrameTime@cMagTime@@QAEAAMXZ;cMagTime::MagGetFrameTime;0x100010d0;0x4;__thiscall;;float*;cMagTime*
??0cMagTime@@QAE@ABV0@@Z;cMagTime::cMagTime;0x100010e0;0x4b;__thiscall;;uchar;cMagTime*;cMagTime*
??4cMagTime@@QAEAAV0@ABV0@@Z;cMagTime::operator=;0x10001130;0x45;__thiscall;;cMagTime*;cMagTime*;cMagTime*
;cMagTime::scalar_destructor;0x10001180;0x54;__thiscall;;cMagTime*;cMagTime*;uchar
?GetStatusRemoveObject@cMagKernel@@UAE_NXZ;cMagKernel::GetStatusRemoveObject;0x100011e0;0x7;__thiscall;;bool;cMagKernel*
?RemoveObject@cMagKernel@@UAEX_N@Z;cMagKernel::RemoveObject;0x100011f0;0xd;__thiscall;;void;cMagKernel*;bool
??0cMagKernel@@QAE@ABV0@@Z;cMagKernel::cMagKernel;0x10001200;0x11f;__thiscall;;uchar;cMagKernel*;cMagKernel*
??4cMagKernel@@QAEAAV0@ABV0@@Z;CState::operator=;0x10001320;0x132;__thiscall;;CState*;CState*;CState*
??_EcMagKernel@@UAEPAXI@Z;cMagKernel::vector_destructor;0x10001460;0x57;__thiscall;;cMagKernel*;cMagKernel*;uchar
?begin@cMagObjectList@@QAEPAPAVcMagKernel@@XZ;cMagObjectList::begin;0x100014c0;0x7;__thiscall;;std::vector<cMagKernel*>::iterator;cMagObjectList*
?end@cMagObjectList@@QAEPAPAVcMagKernel@@XZ;cMagObjectList::end;0x100014d0;0x7;__thiscall;;std::vector<cMagKernel*>::iterator;cMagObjectList*
??0cMagObjectList@@QAE@ABV0@@Z;cMagObjectList::cMagObjectList;0x100014e0;0x48f;__thiscall;;cMagObjectList*;cMagObjectList*;cMagObjectList*
??4cMagObjectList@@QAEAAV0@ABV0@@Z;cMagObjectList::operator=;0x10001970;0x3a3;__thiscall;;cMagObjectList*;cMagObjectList*;cMagObjectList*
??_EcMagObjectList@@UAEPAXI@Z;cMagObjectList::vector_destructor;0x10001d20;0x57;__thiscall;;cMagObjectList*;cMagObjectList*;uchar
?Restore@MagGrid@@QAEJXZ;MagGrid::Restore;0x10001d80;0x5;__thiscall;;long;MagGrid*
?Invalidate@MagGrid@@QAEJXZ;MagGrid::Invalidate;0x10001d90;0x2f;__thiscall;;long;MagGrid*
??0MagGrid@@QAE@ABV0@@Z;MagGrid::MagGrid;0x10001dc0;0x51;__thiscall;;uchar;MagGrid*;MagGrid*
??4MagGrid@@QAEAAV0@ABV0@@Z;MagGrid::operator=;0x10001e20;0x4b;__thiscall;;MagGrid*;MagGrid*;MagGrid*
;MagGrid::scalar_destructor;0x10001e70;0x54;__thiscall;;MagGrid*;MagGrid*;uchar
??0cMagAudio@@QAE@ABV0@@Z;cMagAudio::cMagAudio;0x10001ed0;0x27;__thiscall;;uchar;cMagAudio*;cMagAudio*
??4cMagAudio@@QAEAAV0@ABV0@@Z;cMagAudio::operator=;0x10001f00;0x21;__thiscall;;cMagAudio*;cMagAudio*;cMagAudio*
;cMagAudio::scalar_destructor;0x10001f30;0x54;__thiscall;;cMagAudio*;cMagAudio*;uchar
??0cMagSound@@QAE@ABV0@@Z;cMagSound::cMagSound;0x10001f90;0x69;__thiscall;;uchar;cMagSound*;cMagSound*
??4cMagSound@@QAEAAV0@ABV0@@Z;cMagSound::operator=;0x10002000;0x63;__thiscall;;cMagSound*;cMagSound*;cMagSound*
;cMagSound::scalar_destructor;0x10002070;0x57;__thiscall;;cMagSound*;cMagSound*;uchar
??4CMusicManager@@QAEAAV0@ABV0@@Z;CMusicManager::operator=;0x100020d0;0x1d;__thiscall;;uchar;CMusicManager*;uchar
??0CMusicSegment@@QAE@ABV0@@Z;CMusicSegment::CMusicSegment;0x100020f0;0x2d;__thiscall;;uchar;CMusicSegment*;CMusicSegment*
??4CMusicSegment@@QAEAAV0@ABV0@@Z;CMusicSegment::operator=;0x10002120;0x27;__thiscall;;CMusicSegment*;CMusicSegment*;CMusicSegment*
;CMusicSegment::scalar_destructor;0x10002150;0x54;__thiscall;;CMusicSegment*;CMusicSegment*;uchar
??0CMusicScript@@QAE@ABV0@@Z;CMusicScript::CMusicScript;0x100021b0;0x21;__thiscall;;uchar;CMusicScript*;CMusicScript*
??4CMusicScript@@QAEAAV0@ABV0@@Z;CMusicScript::operator=;0x100021e0;0x1b;__thiscall;;CMusicScript*;CMusicScript*;CMusicScript*
;CMusicScript::scalar_destructor;0x10002200;0x54;__thiscall;;CMusicScript*;CMusicScript*;uchar
?SetLevelDirectory@cMagGameObject@@QAEXPAD@Z;cMagGameObject::SetLevelDirectory;0x10002260;0x40;__thiscall;;void;cMagGameObject*;char*
?GetViewMatrix@cMagGameObject@@QAEAAUD3DXMATRIX@@XZ;cMagGameObject::GetViewMatrix;0x100022a0;0x7;__thiscall;;D3DXMATRIX*;cMagGameObject*
?GetProjMatrix@cMagGameObject@@QAEAAUD3DXMATRIX@@XZ;cMagGameObject::GetProjMatrix;0x100022b0;0x7;__thiscall;;D3DXMATRIX*;cMagGameObject*
?GetStatusRemoveObject@cMagGameObject@@UAE_NXZ;cMagGameObject::GetStatusRemoveObject;0x100022c0;0x7;__thiscall;;bool;cMagGameObject*
?RemoveObject@cMagGameObject@@UAEX_N@Z;cMagGameObject::RemoveObject;0x100022d0;0xd;__thiscall;;void;cMagGameObject*;bool
?GetClipNear@cMagGameObject@@QAEMXZ;cMagGameObject::GetClipNear;0x100022e0;0x7;__thiscall;;float;cMagGameObject*
?GetClipFar@cMagGameObject@@QAEMXZ;cMagGameObject::GetClipFar;0x100022f0;0x7;__thiscall;;float;cMagGameObject*
?GpgDegToRad@cMagGameObject@@QAEMM@Z;cMagGameObject::GpgDegToRad;0x10002300;0xd;__thiscall;;float;cMagGameObject*;float
??0cMagGameObject@@QAE@ABV0@@Z;cMagGameObject::cMagGameObject;0x10002310;0xa4d;__thiscall;;uchar;cMagGameObject*;cMagGameObject*
??4cMagGameObject@@QAEAAV0@ABV0@@Z;cMagGameObject::operator=;0x10002d60;0xc35;__thiscall;;cMagGameObject*;cMagGameObject*;cMagGameObject*
;cMagGameObject::scalar_destructor;0x100039a0;0x57;__thiscall;;cMagGameObject*;cMagGameObject*;uchar
??0cMagFrustumCull@@QAE@ABV0@@Z;cMagFrustumCull::cMagFrustumCull;0x10003a00;0x14c;__thiscall;;uchar;cMagFrustumCull*;cMagFrustumCull*
??4cMagFrustumCull@@QAEAAV0@ABV0@@Z;cMagFrustumCull::operator=;0x10003b50;0x2dd;__thiscall;;cMagFrustumCull*;cMagFrustumCull*;cMagFrustumCull*
;cMagFrustumCull::scalar_destructor;0x10003e30;0x57;__thiscall;;cMagFrustumCull*;cMagFrustumCull*;uchar
?SetEngine@cMagEngineMgr@@QAEXPAUIDirect3DDevice8@@@Z;cMagEngineMgr::SetEngine;0x10003e90;0xa;__thiscall;;void;cMagEngineMgr*;IDirect3DDevice8*
?SetGameObject@cMagEngineMgr@@QAEXPAVcMagGameObject@@@Z;cMagEngineMgr::SetGameObject;0x10003ea0;0x9;__thiscall;;void;cMagEngineMgr*;cMagGameObject*
?ClearGameObject@cMagEngineMgr@@QAEXXZ;cMagEngineMgr::ClearGameObject;0x10003eb0;0x7;__thiscall;;void;cMagEngineMgr*
??4cMagEngineMgr@@QAEAAV0@ABV0@@Z;cMagEngineMgr::operator=;0x10003ec0;0x23;__thiscall;;void;cMagEngineMgr*;cMagEngineMgr*
??0COctree@@QAE@ABV0@@Z;COctree::COctree;0x10003ef0;0x70;__thiscall;;uchar;COctree*;COctree*
??4COctree@@QAEAAV0@ABV0@@Z;COctree::operator=;0x10003f60;0x72;__thiscall;;COctree*;COctree*;COctree*
;COctree::scalar_destructor;0x10003fe0;0x54;__thiscall;;COctree*;COctree*;uchar
??0MagTextureMgr@@QAE@ABV0@@Z;MagTextureMgr::MagTextureMgr;0x10004040;0x100;__thiscall;;uchar;MagTextureMgr*;MagTextureMgr*
??4MagTextureMgr@@QAEAAV0@ABV0@@Z;MagTextureMgr::operator=;0x10004140;0x23c;__thiscall;;MagTextureMgr*;MagTextureMgr*;MagTextureMgr*
;MagTextureMgr::scalar_destructor;0x10004380;0x54;__thiscall;;MagTextureMgr*;MagTextureMgr*;uchar
??0cStaticMesh@@QAE@ABV0@@Z;cStaticMesh::cStaticMesh;0x100043e0;0x408;__thiscall;;uchar;cStaticMesh*;cStaticMesh*
;FUN_100047f0;0x100047f0;0x10;__fastcall;;uchar;uint*
;FUN_10004800;0x10004800;0x1e;__thiscall;;uchar*;void*;uchar
??4cStaticMesh@@QAEAAV0@ABV0@@Z;cStaticMesh::operator=;0x10004820;0x354;__thiscall;;cStaticMesh*;cStaticMesh*;cStaticMesh*
;FUN_10004b80;0x10004b80;0x1f;__thiscall;;void*;void*;void*
;cStaticMesh::scalar_destructor;0x10004ba0;0x57;__thiscall;;cStaticMesh*;cStaticMesh*;uchar
;FUN_10004c00;0x10004c00;0x14;__fastcall;;uchar;int
;FUN_10004c20;0x10004c20;0x243;__fastcall;;uchar;int
;FUN_10004ea0;0x10004ea0;0x103;__thiscall;;uint*;void*;int
;FUN_10004fb0;0x10004fb0;0x31;__thiscall;;void*;void*;void*
;FUN_10004ff0;0x10004ff0;0xc3;__thiscall;;int;void*;int
;FUN_100050c0;0x100050c0;0x25;__fastcall;;uchar;int
;FUN_100050f0;0x100050f0;0x38;__fastcall;;uint;uint
;FUN_10005160;0x10005160;0x1e;__thiscall;;uint*;void*;uchar
;FUN_10005180;0x10005180;0x1e;__thiscall;;uint*;void*;uchar
??0CMemoryManager@@QAE@ABV0@@Z;CMemoryManager::CMemoryManager;0x100051a0;0xbf;__thiscall;;uchar;CMemoryManager*;CMemoryManager*
??4CMemoryManager@@QAEAAV0@ABV0@@Z;CMemoryManager::operator=;0x10005260;0x2a2;__thiscall;;CMemoryManager*;CMemoryManager*;CMemoryManager*
;CMemoryManager::scalar_destructor;0x10005510;0x54;__thiscall;;CMemoryManager*;CMemoryManager*;uchar
??0cMagMeshMgr@@QAE@ABV0@@Z;cMagMeshMgr::cMagMeshMgr;0x10005570;0x197;__thiscall;;uchar;cMagMeshMgr*;cMagMeshMgr*
??4cMagMeshMgr@@QAEAAV0@ABV0@@Z;cMagMeshMgr::operator=;0x10005710;0x229;__thiscall;;cMagMeshMgr*;cMagMeshMgr*;cMagMeshMgr*
;cMagMeshMgr::scalar_destructor;0x10005940;0x54;__thiscall;;cMagMeshMgr*;cMagMeshMgr*;uchar
??0MagState@@QAE@ABV0@@Z;MagState::MagState;0x100059a0;0x6f;__thiscall;;uchar;MagState*;MagState*
??4MagState@@QAEAAV0@ABV0@@Z;MagState::operator=;0x10005a10;0x69;__thiscall;;MagState*;MagState*;MagState*
;MagState::scalar_destructor;0x10005a80;0x57;__thiscall;;MagState*;MagState*;uchar
??0MagProfile@@QAE@ABV0@@Z;MagProfile::MagProfile;0x10005ae0;0x238;__thiscall;;uchar;MagProfile*;MagProfile*
??4MagProfile@@QAEAAV0@ABV0@@Z;MagProfile::operator=;0x10005d20;0x3f1;__thiscall;;MagProfile*;MagProfile*;MagProfile*
;MagProfile::scalar_destructor;0x10006120;0x57;__thiscall;;MagProfile*;MagProfile*;uchar
??0MagRelayMachine@@QAE@ABV0@@Z;MagRelayMachine::MagRelayMachine;0x10006180;0xb1;__thiscall;;uchar;MagRelayMachine*;MagRelayMachine*
??4MagRelayMachine@@QAEAAV0@ABV0@@Z;MagRelayMachine::operator=;0x10006240;0x1a8;__thiscall;;MagRelayMachine*;MagRelayMachine*;MagRelayMachine*
;MagRelayMachine::scalar_destructor;0x100063f0;0x54;__thiscall;;MagRelayMachine*;MagRelayMachine*;uchar
??0cMagUtility@@QAE@ABV0@@Z;cMagUtility::cMagUtility;0x10006450;0xd5;__thiscall;;uchar;cMagUtility*;cMagUtility*
??4cMagUtility@@QAEAAV0@ABV0@@Z;cMagUtility::operator=;0x10006530;0xc9;__thiscall;;cMagUtility*;cMagUtility*;cMagUtility*
;cMagUtility::scalar_destructor;0x10006600;0x57;__thiscall;;cMagUtility*;cMagUtility*;uchar
??0cMagVertex@@QAE@ABV0@@Z;cMagVertex::cMagVertex;0x10006660;0x143;__thiscall;;uchar;cMagVertex*;cMagVertex*
??4cMagVertex@@QAEAAV0@ABV0@@Z;cMagVertex::operator=;0x100067b0;0x131;__thiscall;;cMagVertex*;cMagVertex*;cMagVertex*
;cMagVertex::scalar_destructor;0x100068f0;0x57;__thiscall;;cMagVertex*;cMagVertex*;uchar
?GetSize@cMagLine@@QAEHXZ;cMagLine::GetSize;0x10006950;0x6;__thiscall;;int;cMagLine*
??4cMagLine@@QAEAAV0@ABV0@@Z;cMagLine::operator=;0x10006960;0x2f9;__thiscall;;cMagLine*;cMagLine*;cMagLine*
?GetTickCount@CCPUTicker@@QBE_JXZ;CCPUTicker::GetTickCount;0x10006c60;0x7;__thiscall;;longlong;CCPUTicker*
??0IStudioMesh@@QAE@ABV0@@Z;IStudioMesh::IStudioMesh;0x10006c70;0x256;__thiscall;;uchar;IStudioMesh*;IStudioMesh*
??4IStudioMesh@@QAEAAV0@ABV0@@Z;IStudioMesh::operator=;0x10006ed0;0x410;__thiscall;;IStudioMesh*;IStudioMesh*;IStudioMesh*
;IStudioMesh::scalar_destructor;0x100072e0;0x57;__thiscall;;IStudioMesh*;IStudioMesh*;uchar
??0cMagLight@@QAE@ABV0@@Z;cMagLight::cMagLight;0x10007340;0xc5;__thiscall;;uchar;cMagLight*;cMagLight*
??4cMagLight@@QAEAAV0@ABV0@@Z;cMagLight::operator=;0x10007410;0x222;__thiscall;;cMagLight*;cMagLight*;cMagLight*
;cMagLight::scalar_destructor;0x10007640;0x54;__thiscall;;cMagLight*;cMagLight*;uchar
??0cMp3Player@@QAE@ABV0@@Z;cMp3Player::cMp3Player;0x100076a0;0x2d;__thiscall;;uchar;cMp3Player*;cMp3Player*
??4cMp3Player@@QAEAAV0@ABV0@@Z;cMp3Player::operator=;0x100076d0;0x27;__thiscall;;cMp3Player*;cMp3Player*;cMp3Player*
??_EcMp3Player@@UAEPAXI@Z;cMp3Player::scalar_destructor;0x10007700;0x54;__thiscall;;cMp3Player*;cMp3Player*;uchar
??0cVideoPlayer@@QAE@ABV0@@Z;cVideoPlayer::cVideoPlayer;0x10007760;0x123;__thiscall;;uchar;cVideoPlayer*;cVideoPlayer*
??4cVideoPlayer@@QAEAAV0@ABV0@@Z;cVideoPlayer::operator=;0x10007890;0x111;__thiscall;;cVideoPlayer*;cVideoPlayer*;cVideoPlayer*
;cVideoPlayer::scalar_destructor;0x100079b0;0x57;__thiscall;;cVideoPlayer*;cVideoPlayer*;uchar
?GetFileMeshName@cMagMeshObject@@UAEPADXZ;cMagMeshObject::GetFileMeshName;0x10007a10;0x7;__thiscall;;char*;cMagMeshObject*
?GetStatusRemoveObject@cMagMeshObject@@UAE_NXZ;cMagMeshObject::GetStatusRemoveObject;0x10007a20;0x7;__thiscall;;bool;cMagMeshObject*
?RemoveObject@cMagMeshObject@@UAEX_N@Z;cMagMeshObject::RemoveObject;0x10007a30;0xd;__thiscall;;void;cMagMeshObject*;bool
?GetWorldMat@cMagMeshObject@@UAE?AUD3DXMATRIX@@XZ;cMagMeshObject::GetWorldMat;0x10007a40;0x1a;__thiscall;;uchar;cMagMeshObject*;uint*
?ShowWireframe@cMagMeshObject@@QAEX_N@Z;cMagMeshObject::ShowWireframe;0x10007a60;0xd;__thiscall;;void;cMagMeshObject*;bool
?EnableFrustum@cMagMeshObject@@QAEX_N@Z;cMagMeshObject::EnableFrustum;0x10007a70;0xd;__thiscall;;void;cMagMeshObject*;bool
?EnableRendering@cMagMeshObject@@QAEX_N@Z;cMagMeshObject::EnableRendering;0x10007a80;0xd;__thiscall;;void;cMagMeshObject*;bool
?EnablePortalRendering@cMagMeshObject@@QAEX_N@Z;cMagMeshObject::EnablePortalRendering;0x10007a90;0xd;__thiscall;;void;cMagMeshObject*;bool
??0cMagMeshObject@@QAE@ABV0@@Z;cMagMeshObject::cMagMeshObject;0x10007aa0;0x1297;__thiscall;;uchar;cMagMeshObject*;cMagMeshObject*
??4cMagMeshObject@@QAEAAV0@ABV0@@Z;cMagMeshObject::operator=;0x10008d40;0x1aaf;__thiscall;;cMagMeshObject*;cMagMeshObject*;cMagMeshObject*
;FUN_1000a7f0;0x1000a7f0;0x57;__thiscall;;cMagMeshObject*;void*;uchar
;CPath::scalar_destructor;0x1000a850;0x1e;__thiscall;;uint*;CPath*;uchar
??0CDirectXFont@@QAE@ABV0@@Z;CDirectXFont::CDirectXFont;0x1000a870;0x62;__thiscall;;uchar;CDirectXFont*;CDirectXFont*
??4CDirectXFont@@QAEAAV0@ABV0@@Z;CDirectXFont::operator=;0x1000a8e0;0x68;__thiscall;;CDirectXFont*;CDirectXFont*;CDirectXFont*
??_ECDirectXFont@@UAEPAXI@Z;CDirectXFont::scalar_destructor;0x1000a950;0x57;__thiscall;;CDirectXFont*;CDirectXFont*;uchar
?PlayMovie@cMagSprite@@QAEX_N@Z;cMagSprite::PlayMovie;0x1000a9b0;0xd;__thiscall;;void;cMagSprite*;bool
??ApgVec2@@QBEABMI@Z;pgVec2::operator[];0x1000a9c0;0xa;__thiscall;;float*;pgVec2*;uint
??0pgVec2@@QAE@XZ;pgVec2::pgVec2;0x1000a9d0;0x10;__thiscall;;uchar;pgVec2*
??0pgVec2@@QAE@MM@Z;pgVec2::pgVec2;0x1000a9e0;0x12;__thiscall;;uchar;pgVec2*;float;float
??HpgVec2@@QBE?AV0@XZ;pgVec2::operator+;0x1000aa00;0x11;__thiscall;;pgVec2;pgVec2*;uint*
??YpgVec2@@QAEAAV0@ABV0@@Z;pgVec2::operator+=;0x1000aa20;0x18;__thiscall;;pgVec2*;pgVec2*;pgVec2*
??GpgVec2@@QBE?AV0@XZ;pgVec2::operator-;0x1000aa40;0x15;__thiscall;;pgVec2;pgVec2*;float*
??ZpgVec2@@QAEAAV0@ABV0@@Z;pgVec2::operator-=;0x1000aa60;0x18;__thiscall;;pgVec2*;pgVec2*;pgVec2*
??_0pgVec2@@QAEAAV0@M@Z;pgVec2::operator/=;0x1000aa80;0x17;__thiscall;;pgVec2*;pgVec2*;float
?add@pgVec2@@QAEAAV1@ABV1@0@Z;pgVec2::add;0x1000aaa0;0x1c;__thiscall;;pgVec2*;pgVec2*;pgVec2*;pgVec2*
?addScaled@pgVec2@@QAEAAV1@ABV1@M0@Z;pgVec2::addScaled;0x1000aac0;0x24;__thiscall;;pgVec2*;pgVec2*;pgVec2*;float;pgVec2*
?almostEqual@pgVec2@@QBE_NABV1@M@Z;pgVec2::almostEqual;0x1000aaf0;0x62;__thiscall;;bool;pgVec2*;pgVec2*;float
?combine@pgVec2@@QAEAAV1@MABV1@M0@Z;pgVec2::combine;0x1000ab60;0x30;__thiscall;;pgVec2*;pgVec2*;float;pgVec2*;float;pgVec2*
??0pgVec2@@QAE@PAM@Z;pgVec2::pgVec2;0x1000ab90;0x13;__thiscall;;uchar;pgVec2*;pgVec2*
?sqrDistance@pgVec2@@QBEMABV1@@Z;pgVec2::sqrDistance;0x1000abb0;0x1f;__thiscall;;float;pgVec2*;pgVec2*
?dot@pgVec2@@QBEMABV1@@Z;pgVec2::dot;0x1000abd0;0x13;__thiscall;;float;pgVec2*;pgVec2*
?equal@pgVec2@@QBE_NABV1@@Z;pgVec2::equal;0x1000abf0;0x29;__thiscall;;bool;pgVec2*;pgVec2*
?negate@pgVec2@@QAEXXZ;pgVec2::negate;0x1000ac20;0xf;__thiscall;;void;pgVec2*
?scale@pgVec2@@QAEAAV1@M@Z;pgVec2::operator*=;0x1000ac30;0x17;__thiscall;;pgVec2*;pgVec2*;float
?scale@pgVec2@@QAEAAV1@MABV1@@Z;pgVec2::scale;0x1000ac50;0x1b;__thiscall;;pgVec2*;pgVec2*;float;pgVec2*
?scaleBy@pgVec2@@QAEAAV1@ABV1@@Z;pgVec2::scaleBy;0x1000ac70;0x18;__thiscall;;pgVec2*;pgVec2*;pgVec2*
?set@pgVec2@@QAEXMM@Z;pgVec2::set;0x1000ac90;0x10;__thiscall;;void;pgVec2*;float;float
?set@pgVec2@@QAEXQBM@Z;pgVec2::set;0x1000aca0;0x11;__thiscall;;void;pgVec2*;float*
?sub@pgVec2@@QAEAAV1@ABV1@0@Z;pgVec2::sub;0x1000acc0;0x1c;__thiscall;;pgVec2*;pgVec2*;pgVec2*;pgVec2*
?render@pgTerrainPatchBase@@UAEHPAUIDirect3DDevice8@@@Z;pgTerrainPatchBase::render;0x1000ace0;0x5;__thiscall;;int;pgTerrainPatchBase*;uchar
?setRendered@pgTerrainPatchBase@@QAEX_N@Z;pgTerrainPatchBase::setRendered;0x1000acf0;0xd;__thiscall;;void;pgTerrainPatchBase*;bool
?getRendered@pgTerrainPatchBase@@QBE_NXZ;pgTerrainPatchBase::getRendered;0x1000ad00;0x7;__thiscall;;bool;pgTerrainPatchBase*
?setVisFlags@pgTerrainPatchBase@@QAEXH@Z;pgTerrainPatchBase::setVisFlags;0x1000ad10;0xa;__thiscall;;void;pgTerrainPatchBase*;int
?getVisFlags@pgTerrainPatchBase@@QBEHXZ;pgTerrainPatchBase::getVisFlags;0x1000ad20;0x4;__thiscall;;int;pgTerrainPatchBase*
?setMaster@pgTerrainPatchBase@@QAEXPAVpgTerrain@@@Z;pgTerrainPatchBase::setMaster;0x1000ad30;0xa;__thiscall;;void;pgTerrainPatchBase*;pgTerrain*
?getCurrentError@pgTerrainPatchBase@@QBEMXZ;pgTerrainPatchBase::getCurrentError;0x1000ad40;0x7;__thiscall;;float;pgTerrainPatchBase*
?getCurrentTessellation@pgTerrainPatchBase@@QBEHXZ;pgTerrainPatchBase::getCurrentTessellation;0x1000ad50;0x7;__thiscall;;int;pgTerrainPatchBase*
?getNewTessellation@pgTerrainPatchBase@@QBEHXZ;pgTerrainPatchBase::getNewTessellation;0x1000ad60;0x7;__thiscall;;int;pgTerrainPatchBase*
?getRealTessellation@pgTerrainPatchBase@@QBEHXZ;pgTerrainPatchBase::getRealTessellation;0x1000ad70;0x7;__thiscall;;int;pgTerrainPatchBase*
?getNumIndices@pgTerrainPatchBase@@QBEHXZ;pgTerrainPatchBase::getNumIndices;0x1000ad80;0x7;__thiscall;;int;pgTerrainPatchBase*
?getNumVertices@pgTerrainPatchBase@@QBEHXZ;pgTerrainPatchBase::getNumVertices;0x1000ad90;0x7;__thiscall;;int;pgTerrainPatchBase*
?getVertices@pgTerrainPatchBase@@QBEPBUPATCHVERTEX@1@XZ;pgTerrainPatchBase::getVertices;0x1000ada0;0x7;__thiscall;;PATCHVERTEX*;pgTerrainPatchBase*
?isVisible@pgTerrainPatchBase@@QBE_NXZ;pgTerrainPatchBase::isVisible;0x1000adb0;0x4;__thiscall;;bool;pgTerrainPatchBase*
?isActive@pgTerrainPatchBase@@QBE_NXZ;pgTerrainPatchBase::isActive;0x1000adc0;0x4;__thiscall;;bool;pgTerrainPatchBase*
?getProjectedError@pgTerrainPatchBase@@QAEMH@Z;pgTerrainPatchBase::getProjectedError;0x1000add0;0x14;__thiscall;;float;pgTerrainPatchBase*;int
?setTessellation@pgTerrainPatchBase@@QAEXH@Z;pgTerrainPatchBase::setTessellation;0x1000adf0;0xd;__thiscall;;void;pgTerrainPatchBase*;int
?getNextActive@pgTerrainPatchBase@@QAEPAV1@XZ;pgTerrainPatchBase::getNextActive;0x1000ae00;0x7;__thiscall;;pgTerrainPatchBase*;pgTerrainPatchBase*
?getGridPosX@pgTerrainPatchBase@@QBEHXZ;pgTerrainPatchBase::getGridPosX;0x1000ae10;0x4;__thiscall;;int;pgTerrainPatchBase*
?getGridPosY@pgTerrainPatchBase@@QBEHXZ;pgTerrainPatchBase::getGridPosY;0x1000ae20;0x4;__thiscall;;int;pgTerrainPatchBase*
?setFlagActive@pgTerrainPatchBase@@QAEX_N@Z;pgTerrainPatchBase::setFlagActive;0x1000ae30;0xd;__thiscall;;void;pgTerrainPatchBase*;bool
?getFlagActive@pgTerrainPatchBase@@QBE_NXZ;pgTerrainPatchBase::getFlagActive;0x1000ae40;0x7;__thiscall;;bool;pgTerrainPatchBase*
?setPosition@pgTerrainPatchBase@@QAEXABVpgVec3@@@Z;pgTerrainPatchBase::setPosition;0x1000ae50;0x21;__thiscall;;void;pgTerrainPatchBase*;pgVec3*
?getAddLayerFlag@pgTerrainPatchBase@@SAHH@Z;pgTerrainPatchBase::getAddLayerFlag;0x1000ae80;0xc;__cdecl;;int;int
?getLeft@pgTerrainPatchBase@@QBEPBV1@XZ;pgTerrainPatchBase::getLeft;0x1000ae90;0x7;__thiscall;;pgTerrainPatchBase*;pgTerrainPatchBase*
?getRight@pgTerrainPatchBase@@QBEPBV1@XZ;pgTerrainPatchBase::getRight;0x1000aea0;0x7;__thiscall;;pgTerrainPatchBase*;pgTerrainPatchBase*
?getBottom@pgTerrainPatchBase@@QBEPBV1@XZ;pgTerrainPatchBase::getBottom;0x1000aeb0;0x7;__thiscall;;pgTerrainPatchBase*;pgTerrainPatchBase*
?getTop@pgTerrainPatchBase@@QBEPBV1@XZ;pgTerrainPatchBase::getTop;0x1000aec0;0x7;__thiscall;;pgTerrainPatchBase*;pgTerrainPatchBase*
??0pgTerrainPatchBase@@QAE@ABV0@@Z;pgTerrainPatchBase::pgTerrainPatchBase;0x1000aed0;0x280;__thiscall;;uchar;pgTerrainPatchBase*;pgTerrainPatchBase*
??4pgTerrainPatchBase@@QAEAAV0@ABV0@@Z;pgTerrainPatchBase::operator=;0x1000b150;0x275;__thiscall;;pgTerrainPatchBase*;pgTerrainPatchBase*;pgTerrainPatchBase*
?addIndex@pgTerrainPatchBase@@QAEXG@Z;pgTerrainPatchBase::addIndex;0x1000b3d0;0x20;__thiscall;;void;pgTerrainPatchBase*;ushort
?addLastIndexAgain@pgTerrainPatchBase@@QAEXXZ;pgTerrainPatchBase::addLastIndexAgain;0x1000b3f0;0x21;__thiscall;;void;pgTerrainPatchBase*
??0pgString@@QAE@XZ;pgString::pgString;0x1000b420;0x9;__thiscall;;uchar;pgString*
?getLength@pgString@@QBEHXZ;pgString::getLength;0x1000b430;0x5;__thiscall;;int;pgString*
?get@pgString@@QBEPBDXZ;pgString::operator_char_const*;0x1000b440;0xc;__thiscall;;char*;pgString*
??ApgString@@QBEDH@Z;pgString::operator[];0x1000b450;0xc;__thiscall;;char;pgString*;int
?isCompressed@pgImage@@QBE_NXZ;pgImage::isCompressed;0x1000b460;0xd;__thiscall;;bool;pgImage*
?getName@pgImage@@QBEABVpgString@@XZ;CRay::Vector;0x1000b470;0x4;__thiscall;;uchar;CRay*
?getD3DFormat@pgImage@@SA?AW4_D3DFORMAT@@W4FORMAT@1@@Z;pgImage::getD3DFormat;0x1000b480;0x5;__cdecl;;_D3DFORMAT;FORMAT
??0pgImage@@QAE@ABV0@@Z;pgImage::pgImage;0x1000b490;0x2f;__thiscall;;uchar;pgImage*;pgImage*
??4pgImage@@QAEAAV0@ABV0@@Z;pgImage::operator=;0x1000b4c0;0x2f;__thiscall;;pgImage*;pgImage*;pgImage*
??1pgImage@@QAE@XZ;pgImage::~pgImage;0x1000b4f0;0x8;__thiscall;;void;pgImage*
?getDataX@pgTerrainPVS@@QBEHXZ;cMagEngineMgr::GetGameObject;0x1000b500;0x3;__thiscall;;cMagGameObject*;cMagEngineMgr*
?GetLoader@CMusicManager@@QAEPAUIDirectMusicLoader8@@XZ;cMagEngineMgr::GetEngine;0x1000b510;0x4;__thiscall;;IDirect3DDevice8*;cMagEngineMgr*
?getDataZ@pgTerrainPVS@@QBEHXZ;CMusicManager::GetPerformance;0x1000b520;0x4;__thiscall;;uchar;CMusicManager*
?getData@pgImage@@QAEPAEXZ;cMagEngineMgr::GetFrustumCull;0x1000b530;0x4;__thiscall;;cMagFrustumCull*;cMagEngineMgr*
??4pgTerrainPVS@@QAEAAV0@ABV0@@Z;pgTerrainPVS::operator=;0x1000b540;0x16;__thiscall;;pgTerrainPVS*;pgTerrainPVS*;pgTerrainPVS*
??0pgTerrainPatchMorphSW@@QAE@ABV0@@Z;pgTerrainPatchMorphSW::pgTerrainPatchMorphSW;0x1000b560;0x453;__thiscall;;uchar;pgTerrainPatchMorphSW*;pgTerrainPatchMorphSW*
;FUN_1000b9c0;0x1000b9c0;0x19;__thiscall;;uchar;void*;uint*
??4pgTerrainPatchMorphSW@@QAEAAV0@ABV0@@Z;pgTerrainPatchMorphSW::operator=;0x1000b9e0;0x442;__thiscall;;pgTerrainPatchMorphSW*;pgTerrainPatchMorphSW*;pgTerrainPatchMorphSW*
??0CCamera@@QAE@ABV0@@Z;CCamera::CCamera;0x1000be30;0xac;__thiscall;;uchar;CCamera*;CCamera*
??4CCamera@@QAEAAV0@ABV0@@Z;CCamera::operator=;0x1000bee0;0xa6;__thiscall;;CCamera*;CCamera*;CCamera*
;CCamera::scalar_destructor;0x1000bf90;0x57;__thiscall;;CCamera*;CCamera*;uchar
??0CFreeCamera@@QAE@ABV0@@Z;CFreeCamera::CFreeCamera;0x1000bff0;0x12a;__thiscall;;uchar;CFreeCamera*;CFreeCamera*
??4CFreeCamera@@QAEAAV0@ABV0@@Z;CFreeCamera::operator=;0x1000c120;0x11e;__thiscall;;CFreeCamera*;CFreeCamera*;CFreeCamera*
;CFreeCamera::scalar_destructor;0x1000c240;0x57;__thiscall;;CFreeCamera*;CFreeCamera*;uchar
?getActiveList@pgTerrain@@QAEAAPAVpgTerrainPatchBase@@XZ;pgTerrain::getActiveList;0x1000c2a0;0x4;__thiscall;;pgTerrainPatchBase**;pgTerrain*
?setMaxError@pgTerrain@@QAEXM@Z;pgTerrain::setMaxError;0x1000c2b0;0xa;__thiscall;;void;pgTerrain*;float
?getMaxError@pgTerrain@@QBEMXZ;pgTerrain::getMaxError;0x1000c2c0;0x4;__thiscall;;float;pgTerrain*
?addBufferCreateCount@pgTerrain@@QAEXXZ;pgTerrain::addBufferCreateCount;0x1000c2d0;0x4;__thiscall;;void;pgTerrain*
?setNumPatches@pgTerrain@@QAEXHH@Z;pgTerrain::setNumPatches;0x1000c2e0;0x11;__thiscall;;void;pgTerrain*;int;int
?GetNumTris@pgTerrain@@QAEHXZ;pgTerrain::GetNumTris;0x1000c300;0x4;__thiscall;;int;pgTerrain*
?getMergePatches@pgTerrain@@QBE_NXZ;pgTerrain::getMergePatches;0x1000c310;0x7;__thiscall;;bool;pgTerrain*
?setMergePatches@pgTerrain@@QAEX_N@Z;pgTerrain::setMergePatches;0x1000c320;0xd;__thiscall;;void;pgTerrain*;bool
?getIndices@pgTerrainPatchBase@@QBEPBGXZ;pgTerrain::GetFrustumCull;0x1000c330;0x7;__thiscall;;cMagFrustumCull*;pgTerrain*
??0pgTerrain@@QAE@ABV0@@Z;pgTerrain::pgTerrain;0x1000c340;0x274;__thiscall;;uchar;pgTerrain*;pgTerrain*
??4pgTerrain@@QAEAAV0@ABV0@@Z;pgTerrain::operator=;0x1000c5c0;0x3a0;__thiscall;;pgTerrain*;pgTerrain*;pgTerrain*
?getHeight@pgTerrain@@QBEMHH@Z;pgTerrain::getHeight;0x1000c960;0x2b;__thiscall;;float;pgTerrain*;int;int
?getTexCoord@pgTerrain@@QBEXHHAAVpgVec2@@@Z;pgTerrain::getTexCoord;0x1000c990;0x3b;__thiscall;;void;pgTerrain*;int;int;pgVec2*
?getNormal@pgTerrain@@QBEXHHAAVpgVec3@@@Z;pgTerrain::getNormal;0x1000c9d0;0x2f;__thiscall;;void;pgTerrain*;int;int;pgVec3*
?Invalidate@CSimpleLine@@QAEJXZ;CSimpleLine::Invalidate;0x1000ca00;0x3b;__thiscall;;long;CSimpleLine*
??0CSimpleLine@@QAE@ABV0@@Z;CSimpleLine::CSimpleLine;0x1000ca40;0x1f4;__thiscall;;uchar;CSimpleLine*;CSimpleLine*
??4CSimpleLine@@QAEAAV0@ABV0@@Z;CSimpleLine::operator=;0x1000cc40;0x212;__thiscall;;CSimpleLine*;CSimpleLine*;CSimpleLine*
;CSimpleLine::scalar_destructor;0x1000ce60;0x57;__thiscall;;CSimpleLine*;CSimpleLine*;uchar
??0CUSTOMVERTEXM@@QAE@XZ;CUSTOMVERTEXM::CUSTOMVERTEXM;0x1000cec0;0x3;__thiscall;;uchar;CUSTOMVERTEXM*
??4CUSTOMVERTEXM@@QAEAAU0@ABU0@@Z;CUSTOMVERTEXM::operator=;0x1000ced0;0x16;__thiscall;;CUSTOMVERTEXM*;CUSTOMVERTEXM*;CUSTOMVERTEXM*
??0Mesh@@QAE@XZ;Mesh::Mesh;0x1000cef0;0x173;__thiscall;;uchar;Mesh*
??0Mesh@@QAE@ABU0@@Z;Mesh::Mesh;0x1000d070;0x3f0;__thiscall;;uchar;Mesh*;Mesh*
??4Mesh@@QAEAAU0@ABU0@@Z;Mesh::operator=;0x1000d460;0x391;__thiscall;;Mesh*;Mesh*;Mesh*
??1Mesh@@QAE@XZ;Mesh::~Mesh;0x1000d800;0x243;__thiscall;;void;Mesh*
?GetNumVerts@MagnumMesh@@QAEHXZ;MagnumMesh::GetNumVerts;0x1000da50;0x7;__thiscall;;int;MagnumMesh*
?GetNumFaces@MagnumMesh@@QAEHXZ;MagnumMesh::GetNumFaces;0x1000da60;0x7;__thiscall;;int;MagnumMesh*
?EnableScaleTile@MagnumMesh@@QAEX_N@Z;MagnumMesh::EnableScaleTile;0x1000da70;0xd;__thiscall;;void;MagnumMesh*;bool
??0MagnumMesh@@QAE@ABV0@@Z;MagnumMesh::MagnumMesh;0x1000da80;0x902;__thiscall;;uchar;MagnumMesh*;MagnumMesh*
??4MagnumMesh@@QAEAAV0@ABV0@@Z;MagnumMesh::operator=;0x1000e390;0x8e8;__thiscall;;MagnumMesh*;MagnumMesh*;MagnumMesh*
;MagnumMesh::scalar_destructor;0x1000ec80;0x57;__thiscall;;MagnumMesh*;MagnumMesh*;uchar
??0cPortalEngine@@QAE@ABV0@@Z;cPortalEngine::cPortalEngine;0x1000ece0;0x315;__thiscall;;uchar;cPortalEngine*;cPortalEngine*
?InvalidateDeviceObjects@CParticleEvent@@UAEXXZ;CParticleEvent::InvalidateDeviceObjects;0x1000f000;0x1;__thiscall;;void;CParticleEvent*
??4cPortalEngine@@QAEAAV0@ABV0@@Z;cPortalEngine::operator=;0x1000f010;0x49c;__thiscall;;cPortalEngine*;cPortalEngine*;cPortalEngine*
;cPortalEngine::scalar_destructor;0x1000f4b0;0x57;__thiscall;;cPortalEngine*;cPortalEngine*;uchar
;FUN_1000f510;0x1000f510;0x50;__fastcall;;uchar;int
;FUN_1000f560;0x1000f560;0x2ba;__thiscall;;uint*;void*;uint*
?GetHeightMapSizeX@MagTerrain@@QAEMXZ;MagTerrain::GetHeightMapSizeX;0x1000f820;0x7;__thiscall;;float;MagTerrain*
?GetHeightMapSizeY@MagTerrain@@QAEMXZ;MagTerrain::GetHeightMapSizeY;0x1000f830;0x7;__thiscall;;float;MagTerrain*
?SetHeightMapSize@MagTerrain@@QAEXMM@Z;MagTerrain::SetHeightMapSize;0x1000f840;0x17;__thiscall;;void;MagTerrain*;float;float
??0MagTerrain@@QAE@ABV0@@Z;MagTerrain::MagTerrain;0x1000f860;0x161;__thiscall;;uchar;MagTerrain*;MagTerrain*
??4MagTerrain@@QAEAAV0@ABV0@@Z;MagTerrain::operator=;0x1000f9d0;0x53f;__thiscall;;MagTerrain*;MagTerrain*;MagTerrain*
;MagTerrain::scalar_destructor;0x1000ff10;0x57;__thiscall;;MagTerrain*;MagTerrain*;uchar
?GetStatusRemoveObject@cMagSprite@@UAE_NXZ;cMagBillboard::GetStatusRemoveObject;0x1000ff70;0x7;__thiscall;;bool;cMagBillboard*
?RemoveObject@cMagSprite@@UAEX_N@Z;cMagBillboard::RemoveObject;0x1000ff80;0xd;__thiscall;;void;cMagBillboard*;bool
?SetRotationYaw@cMagBillboard@@QAEXM@Z;cMagBillboard::SetRotationYaw;0x1000ff90;0xd;__thiscall;;void;cMagBillboard*;float
?SetRotationPitch@cMagBillboard@@QAEXM@Z;CParticleEventSequence::SetLoops;0x1000ffa0;0xd;__thiscall;;void;CParticleEventSequence*;int
?SetRotationRoll@cMagBillboard@@QAEXM@Z;CParticleEventSequence::SetLoop;0x1000ffb0;0xd;__thiscall;;void;CParticleEventSequence*;int
?SetPosition@cMagBillboard@@QAEXUD3DXVECTOR3@@@Z;cMagBillboard::SetPosition;0x1000ffc0;0x1d;__thiscall;;void;cMagBillboard*;uint;uint;uint
?GetRotationYaw@cMagBillboard@@QAEMXZ;cMagBillboard::GetRotationYaw;0x1000ffe0;0x7;__thiscall;;float;cMagBillboard*
?GetRotationPitch@cMagBillboard@@QAEMXZ;cMagBillboard::GetRotationPitch;0x1000fff0;0x7;__thiscall;;float;cMagBillboard*
?GetRotationRoll@cMagBillboard@@QAEMXZ;cMagBillboard::GetRotationRoll;0x10010000;0x7;__thiscall;;float;cMagBillboard*
?GetPosition@cMagBillboard@@UAE?AUD3DXVECTOR3@@XZ;cMagBillboard::GetPosition;0x10010010;0x21;__thiscall;;uchar;cMagBillboard*;uint*
?GetZPosition@cMagBillboard@@QAEMXZ;cMagBillboard::GetZPosition;0x10010040;0x7;__thiscall;;float;cMagBillboard*
?GetXPosition@cMagBillboard@@QAEMXZ;cMagBillboard::GetXPosition;0x10010050;0x7;__thiscall;;float;cMagBillboard*
?SetZPosition@cMagBillboard@@QAEXM@Z;cMagBillboard::SetZPosition;0x10010060;0xd;__thiscall;;void;cMagBillboard*;float
?SetXPosition@cMagBillboard@@QAEXM@Z;cMagBillboard::SetXPosition;0x10010070;0xd;__thiscall;;void;cMagBillboard*;float
?SetBlendAlpha@cMagBillboard@@QAEX_N@Z;cMagBillboard::SetBlendAlpha;0x10010080;0x14;__thiscall;;void;cMagBillboard*;bool
?GetWorldMat@cMagBillboard@@UAE?AUD3DXMATRIX@@XZ;cMagBillboard::GetWorldMat;0x100100a0;0x1a;__thiscall;;uchar;cMagBillboard*;uint*
?EnableFrustum@cMagBillboard@@QAEX_N@Z;cMagBillboard::EnableFrustum;0x100100c0;0xd;__thiscall;;void;cMagBillboard*;bool
??0cMagBillboard@@QAE@ABV0@@Z;cMagBillboard::cMagBillboard;0x100100d0;0x393;__thiscall;;uchar;cMagBillboard*;cMagBillboard*
??4cMagBillboard@@QAEAAV0@ABV0@@Z;cMagBillboard::operator=;0x10010470;0x42b;__thiscall;;cMagBillboard*;cMagBillboard*;cMagBillboard*
;cMagBillboard::scalar_destructor;0x100108a0;0x57;__thiscall;;cMagBillboard*;cMagBillboard*;uchar
?Length@CRay@@QBEMXZ;CRay::Length;0x10010900;0x33;__thiscall;;float;CRay*
?End@CRay@@QAE?AUD3DXVECTOR3@@M@Z;CRay::End;0x10010940;0x73;__thiscall;;D3DXVECTOR3*;CRay*;D3DXVECTOR3*;float
?Closest@CRay@@QAE?AUD3DXVECTOR3@@ABU2@@Z;CRay::Closest;0x100109c0;0x82;__thiscall;;D3DXVECTOR3*;CRay*;D3DXVECTOR3*;D3DXVECTOR3*
?SetVector@CRay@@QAEXABUD3DXVECTOR3@@@Z;CRay::SetVector;0x10010a50;0x2a;__thiscall;;void;CRay*;D3DXVECTOR3*
?SetOrigin@CRay@@QAEXABUD3DXVECTOR3@@@Z;CRay::SetOrigin;0x10010a80;0x2a;__thiscall;;void;CRay*;uchar
?Origin@CRay@@QBEABUD3DXVECTOR3@@XZ;CRay::Origin;0x10010ab0;0x4;__thiscall;;uchar;CRay*
?D@CRay@@QBEMXZ;CRay::D;0x10010ac0;0x5a;__thiscall;;float;CRay*
?Normal@CRay@@QBEAAUD3DXVECTOR3@@XZ;CRay::Normal;0x10010b20;0x39;__thiscall;;uchar;CRay*
?Intersect@CRay@@QBE_NAAV1@AAM@Z;CRay::Intersect;0x10010b60;0x142;__thiscall;;bool;CRay*;CRay*;float*
?Distance@CRay@@QBEMABUD3DXVECTOR3@@@Z;CRay::Distance;0x10010cb0;0x1a7;__thiscall;;float;CRay*;D3DXVECTOR3*
?End@CRay@@QBE?AUD3DXVECTOR3@@XZ;CRay::End;0x10010e60;0x21;__thiscall;;D3DXVECTOR3*;CRay*;D3DXVECTOR3*
?Reset@CRay@@IAEXXZ;CRay::Reset;0x10010e90;0xf;__thiscall;;void;CRay*
??0CRay@@QAE@ABV0@@Z;CRay::CRay;0x10010ea0;0x79;__thiscall;;uchar;CRay*;CRay*
??4CRay@@QAEAAV0@ABV0@@Z;CRay::operator=;0x10010f20;0x73;__thiscall;;CRay*;CRay*;CRay*
;CRay::scalar_destructor;0x10010fa0;0x54;__thiscall;;CRay*;CRay*;uchar
??4Collision@@QAEAAV0@ABV0@@Z;Collision::operator=;0x10011000;0x16;__thiscall;;uchar;Collision*;uchar
??0CState@@QAE@ABV0@@Z;CState::CState;0x10011020;0x11f;__thiscall;;uchar;CState*;CState*
;CState::scalar_destructor;0x10011140;0x57;__thiscall;;CState*;CState*;uchar
??0cMagKernel@@QAE@XZ;cMagKernel::cMagKernel;0x100111a0;0xa4;__thiscall;;uchar;cMagKernel*
??1cMagKernel@@UAE@XZ;cMagKernel::~cMagKernel;0x10011250;0x7;__thiscall;;void;cMagKernel*
?OnFrame@cMagKernel@@UAEXXZ;cMagKernel::OnFrame;0x10011260;0x7d;__thiscall;;void;cMagKernel*
;FUN_100112e0;0x100112e0;0x1d;__stdcall;;void;cMagKernel*;uint;uint
?OnInputKey@cMagKernel@@UAEXPAE@Z;cMagKernel::OnInputKey;0x10011300;0xe0;__thiscall;;void;cMagKernel*;uchar*
?OnInputMouse@cMagKernel@@UAEXMM_N0@Z;cMagKernel::OnInputMouse;0x100113e0;0xd5;__thiscall;;void;cMagKernel*;float;float;bool;bool
?GetPosition@cMagKernel@@UAE?AUD3DXVECTOR3@@XZ;cMagKernel::GetPosition;0x100114c0;0x3b;__thiscall;;D3DXVECTOR3;cMagKernel*
?GetWorldMat@cMagKernel@@UAE?AUD3DXMATRIX@@XZ;cMagKernel::GetWorldMat;0x10011500;0x1e;__thiscall;;D3DXMATRIX;cMagKernel*
?GetTransformMatrix@cMagKernel@@UAE?AUD3DXMATRIX@@XZ;cMagKernel::GetTransformMatrix;0x10011520;0x9e;__thiscall;;D3DXMATRIX;cMagKernel*
?GetObjectName@cMagKernel@@UAEPADXZ;cMagKernel::GetObjectName;0x100115c0;0x4;__thiscall;;char*;cMagKernel*
?SetObjectName@cMagKernel@@UAEXPAD@Z;cMagKernel::SetObjectName;0x100115d0;0x2b;__thiscall;;void;cMagKernel*;char*
?SetObjectID@cMagKernel@@UAEXH@Z;cMagKernel::SetObjectID;0x10011600;0xd;__thiscall;;void;cMagKernel*;int
?GetObjectID@cMagKernel@@UAEHXZ;cMagKernel::GetObjectID;0x10011610;0x7;__thiscall;;int;cMagKernel*
?SetClassName@cMagKernel@@UAEXPAD@Z;cMagKernel::SetClassName;0x10011620;0x2e;__thiscall;;void;cMagKernel*;char*
?GetClassNameA@cMagKernel@@UAEPADXZ;cMagKernel::GetClassNameA;0x10011650;0x7;__thiscall;;char*;cMagKernel*
?InitOnInputHandlerParam@cMagKernel@@QAEXPAE@Z;cMagKernel::InitOnInputHandlerParam;0x10011660;0xd;__thiscall;;void;cMagKernel*;uchar*
?InitOnInputMouseHandlerParam@cMagKernel@@QAEXMM_N0@Z;cMagKernel::InitOnInputMouseHandlerParam;0x10011670;0x2b;__thiscall;;void;cMagKernel*;float;float;bool;bool
?OnActivate@cMagKernel@@UAEXXZ;cMagKernel::OnActivate;0x100116a0;0x40;__thiscall;;void;cMagKernel*
?OnActivateLevel@cMagKernel@@UAEXXZ;cMagKernel::OnActivateLevel;0x100116e0;0x76;__thiscall;;void;cMagKernel*
?OnChangeMovement@cMagKernel@@UAEXH@Z;cMagKernel::OnChangeMovement;0x10011760;0x81;__thiscall;;void;cMagKernel*;int
?OnDestinationPos@cMagKernel@@UAEXUD3DXVECTOR3@@@Z;cMagKernel::OnDestinationPos;0x100117f0;0x10f;__thiscall;;void;cMagKernel*;D3DXVECTOR3
?OnDestinationDir@cMagKernel@@UAEXXZ;cMagKernel::OnDestinationDir;0x10011900;0x76;__thiscall;;void;cMagKernel*
?OnInsideFrustumCull@cMagKernel@@UAEXXZ;cMagKernel::OnInsideFrustumCull;0x10011980;0x65;__thiscall;;void;cMagKernel*
?OnOutsideFrustumCull@cMagKernel@@UAEXXZ;cMagKernel::OnOutsideFrustumCull;0x100119f0;0x65;__thiscall;;void;cMagKernel*
?OnParticleSequenceEnd@cMagKernel@@UAEXXZ;cMagKernel::OnParticleSequenceEnd;0x10011a60;0x65;__thiscall;;void;cMagKernel*
?GetRotMat@cMagKernel@@QAE?AUD3DXMATRIX@@XZ;cMagKernel::GetRotMat;0x10011ad0;0x17;__thiscall;;D3DXMATRIX;cMagKernel*
?SetRotMat@cMagKernel@@QAEXUD3DXMATRIX@@@Z;cMagKernel::SetRotMat;0x10011af0;0x15;__thiscall;;void;cMagKernel*;D3DXMATRIX
?OnProcessStateMachine@cMagKernel@@UAE_NPAUStateObject_Str@@HPAUMsgObject@@@Z;cMagKernel::OnProcessStateMachine;0x10011b10;0x5;__thiscall;;bool;cMagKernel*;StateObject_Str*;int;MsgObject*
?OnAnimEnd@cMagKernel@@UAEXPAD@Z;cMagKernel::OnAnimEnd;0x10011b20;0xca;__thiscall;;void;cMagKernel*;char*
?OnMouseArrive@cMagKernel@@UAEXH@Z;cMagKernel::OnMouseArrive;0x10011bf0;0x84;__thiscall;;void;cMagKernel*;int
?OnMouseLeave@cMagKernel@@UAEXH@Z;cMagKernel::OnMouseLeave;0x10011c80;0x84;__thiscall;;void;cMagKernel*;int
?OnMouseEnter@cMagKernel@@UAEXH@Z;cMagKernel::OnMouseEnter;0x10011d10;0x84;__thiscall;;void;cMagKernel*;int
?OnCollisionObject@cMagKernel@@UAEXPAVcMagMeshObject@@@Z;cMagKernel::OnCollisionObject;0x10011da0;0xa0;__thiscall;;void;cMagKernel*;cMagMeshObject*
?OnAttach@cMagKernel@@UAEXPAVcMagMeshObject@@@Z;cMagKernel::OnAttach;0x10011e40;0xa0;__thiscall;;void;cMagKernel*;cMagMeshObject*
?OnDetach@cMagKernel@@UAEXPAVcMagMeshObject@@@Z;cMagKernel::OnDetach;0x10011ee0;0xa0;__thiscall;;void;cMagKernel*;cMagMeshObject*
?OnSlideObject@cMagKernel@@UAEXPAVcMagMeshObject@@@Z;cMagKernel::OnSlideObject;0x10011f80;0x14;__thiscall;;void;cMagKernel*;cMagMeshObject*
?OnBonePositionUpdate@cMagKernel@@UAEXPADUD3DXVECTOR3@@UD3DXMATRIX@@2@Z;cMagKernel::OnBonePositionUpdate;0x10011fa0;0x68;__thiscall;;void;cMagKernel*;char*;D3DXVECTOR3;D3DXMATRIX;D3DXMATRIX
?OnPathVerge@cMagKernel@@UAEXXZ;cMagKernel::OnPathVerge;0x10012010;0x76;__thiscall;;void;cMagKernel*
?EnableCallHandler@cMagKernel@@UAEXPAD@Z;cMagKernel::EnableCallHandler;0x10012090;0xaf;__thiscall;;void;cMagKernel*;char*
?DisableCallHandler@cMagKernel@@UAEXPAD@Z;cMagKernel::DisableCallHandler;0x10012140;0xa1;__thiscall;;void;cMagKernel*;char*
?GetStatusOnAttachChild@cMagKernel@@QAE_NXZ;cMagKernel::GetStatusOnAttachChild;0x100121f0;0x7;__thiscall;;bool;cMagKernel*
?GetStatusOnFrame@cMagKernel@@QAE_NXZ;cMagKernel::GetStatusOnFrame;0x10012200;0x7;__thiscall;;bool;cMagKernel*
?GetStatusOnInputKey@cMagKernel@@QAE_NXZ;cMagKernel::GetStatusOnInputKey;0x10012210;0x7;__thiscall;;bool;cMagKernel*
?GetStatusOnInputMouse@cMagKernel@@QAE_NXZ;cMagKernel::GetStatusOnInputMouse;0x10012220;0x7;__thiscall;;bool;cMagKernel*
?GetStatusOnCollisionObject@cMagKernel@@QAE_NXZ;cMagKernel::GetStatusOnCollisionObject;0x10012230;0x7;__thiscall;;bool;cMagKernel*
?DisableAllHandlers@cMagKernel@@UAEXXZ;cMagKernel::DisableAllHandlers;0x10012240;0x1b;__thiscall;;void;cMagKernel*
?GetFileMeshName@cMagKernel@@UAEPADXZ;cMagKernel::GetFileMeshName;0x10012260;0x6;__thiscall;;char*;cMagKernel*
?OnDestTime@cMagKernel@@UAEXM@Z;cMagKernel::OnDestTime;0x10012270;0x93;__thiscall;;void;cMagKernel*;float
?OnSlide@cMagKernel@@UAEXPAVcMagMeshObject@@@Z;cMagKernel::OnSlide;0x10012310;0x9f;__thiscall;;void;cMagKernel*;cMagMeshObject*
?OnCrash@cMagKernel@@UAEXXZ;cMagKernel::OnCrash;0x100123b0;0x79;__thiscall;;void;cMagKernel*
?GetStatusOnPhysicsUpdate@cMagKernel@@QAE_NXZ;cMagKernel::GetStatusOnPhysicsUpdate;0x10012430;0x7;__thiscall;;bool;cMagKernel*
?SetObjectParam@cMagKernel@@UAEXH@Z;cMagKernel::SetObjectParam;0x10012440;0xa;__thiscall;;void;cMagKernel*;int
?GetObjectParam@cMagKernel@@UAEHXZ;cMagKernel::GetObjectParam;0x10012450;0x4;__thiscall;;int;cMagKernel*
?OnLoadChunk@cMagKernel@@UAEXU_ED_CHUNK@@AAV?$basic_ifstream@DU?$char_traits@D@std@@@std@@@Z;cMagKernel::Load;0x10012460;0x3;__thiscall;;void;cMagKernel*;std::ifstream*;_ED_CHUNK
?OnAction@cMagKernel@@UAEXXZ;cMagKernel::OnAction;0x10012470;0x10;__thiscall;;void;cMagKernel*
?OnAction@cMagKernel@@UAEXPAD@Z;cMagKernel::OnAction;0x10012480;0x17;__thiscall;;void;cMagKernel*;char*
?CallOnFrame@cMagKernel@@QAEXXZ;cMagKernel::CallOnFrame;0x100124a0;0x19;__thiscall;;void;cMagKernel*
?CallOnInputKey@cMagKernel@@QAEXPAE@Z;cMagKernel::CallOnInputKey;0x100124c0;0x29;__thiscall;;void;cMagKernel*;uchar*
?CallOnInputMouse@cMagKernel@@QAEXMM_N0@Z;cMagKernel::CallOnInputMouse;0x100124f0;0x47;__thiscall;;void;cMagKernel*;float;float;bool;bool
?CallOnAction@cMagKernel@@QAEXXZ;cMagKernel::CallOnAction;0x10012540;0x19;__thiscall;;void;cMagKernel*
?CallOnCrash@cMagKernel@@QAEXXZ;cMagKernel::CallOnCrash;0x10012560;0x19;__thiscall;;void;cMagKernel*
?CallOnSlide@cMagKernel@@QAEXPAVcMagMeshObject@@@Z;cMagKernel::CallOnSlide;0x10012580;0x21;__thiscall;;void;cMagKernel*;cMagMeshObject*
?CallOnDestTime@cMagKernel@@QAEXM@Z;cMagKernel::CallOnDestTime;0x100125b0;0x29;__thiscall;;void;cMagKernel*;float
?CallOnPathVerge@cMagKernel@@QAEXXZ;cMagKernel::CallOnPathVerge;0x100125e0;0x13;__thiscall;;void;cMagKernel*
?CallOnBonePositionUpdate@cMagKernel@@QAEXPADUD3DXVECTOR3@@UD3DXMATRIX@@2@Z;cMagKernel::CallOnBonePositionUpdate;0x10012600;0xc9;__thiscall;;void;cMagKernel*;char*;D3DXVECTOR3;D3DXMATRIX;D3DXMATRIX
?CallOnSlideObject@cMagKernel@@QAEXPAVcMagMeshObject@@@Z;cMagKernel::CallOnSlideObject;0x100126d0;0x23;__thiscall;;void;cMagKernel*;cMagMeshObject*
?CallOnDetach@cMagKernel@@QAEXPAVcMagMeshObject@@@Z;cMagKernel::CallOnDetach;0x10012700;0x23;__thiscall;;void;cMagKernel*;cMagMeshObject*
?CallOnAttach@cMagKernel@@QAEXPAVcMagMeshObject@@@Z;cMagKernel::CallOnAttach;0x10012730;0x23;__thiscall;;void;cMagKernel*;cMagMeshObject*
?CallOnCollisionObject@cMagKernel@@QAEXPAVcMagMeshObject@@@Z;cMagKernel::CallOnCollisionObject;0x10012760;0x23;__thiscall;;void;cMagKernel*;cMagMeshObject*
?CallOnMouseEnter@cMagKernel@@QAEXH@Z;cMagKernel::CallOnMouseEnter;0x10012790;0x29;__thiscall;;void;cMagKernel*;int
?CallOnMouseLeave@cMagKernel@@QAEXH@Z;cMagKernel::CallOnMouseLeave;0x100127c0;0x29;__thiscall;;void;cMagKernel*;int
?CallOnMouseArrive@cMagKernel@@QAEXH@Z;cMagKernel::CallOnMouseArrive;0x100127f0;0x29;__thiscall;;void;cMagKernel*;int
?CallOnAnimEnd@cMagKernel@@QAEXPAD@Z;cMagKernel::CallOnAnimEnd;0x10012820;0x23;__thiscall;;void;cMagKernel*;char*
?CallOnDestinationDir@cMagKernel@@QAEXXZ;cMagKernel::CallOnDestinationDir;0x10012850;0x13;__thiscall;;void;cMagKernel*
?CallOnDestinationPos@cMagKernel@@QAEXUD3DXVECTOR3@@@Z;cMagKernel::CallOnDestinationPos;0x10012870;0x4e;__thiscall;;void;cMagKernel*;D3DXVECTOR3
?CallOnChangeMovement@cMagKernel@@QAEXH@Z;cMagKernel::CallOnChangeMovement;0x100128c0;0x23;__thiscall;;void;cMagKernel*;int
?CallOnActivateLevel@cMagKernel@@QAEXXZ;cMagKernel::CallOnActivateLevel;0x100128f0;0x13;__thiscall;;void;cMagKernel*
??1Collision@@QAE@XZ;CSplineControlPoint::~CSplineControlPoint;0x10012910;0x1;__thiscall;;void;CSplineControlPoint*
?CallOnNavigationPathEnd@cMagKernel@@QAEXXZ;cMagKernel::CallOnNavigationPathEnd;0x10012920;0x19;__thiscall;;void;cMagKernel*
;FUN_10012940;0x10012940;0xb;__fastcall;;uchar;uint*
;FUN_10012950;0x10012950;0xf;__fastcall;;uchar;int
;FUN_10012960;0x10012960;0x4d;__fastcall;;uchar;uint*
;FUN_100129e0;0x100129e0;0x28;__fastcall;;uint;int*
;FUN_10012b50;0x10012b50;0x14;__stdcall;;void*;void*
;FUN_10012b70;0x10012b70;0x14;__stdcall;;void*;void*
?RestoreDeviceObjects@CParticleEvent@@UAEXPAUIDirect3DDevice8@@@Z;CParticleEvent::RestoreDeviceObjects;0x10012ba0;0x3;__thiscall;;void;CParticleEvent*;uchar
;vector_copy_c;0x10012bb0;0x81;__thiscall;;uchar*;void*;uchar*
;FUN_10012c40;0x10012c40;0x262;__thiscall;;int;void*;int
;FUN_10012eb0;0x10012eb0;0xb;__stdcall;;uchar
;FUN_10012ec0;0x10012ec0;0x69;__thiscall;;uchar*;void*;uchar*
;FUN_10012f30;0x10012f30;0x19e;__thiscall;;int;void*;int
;vector_copy_19c;0x100130d0;0x8d;__thiscall;;uchar*;void*;uchar*
;FUN_10013160;0x10013160;0x10d;__fastcall;;uchar;int
;FUN_10013270;0x10013270;0x18;__fastcall;;uchar;uint*
;FUN_10013290;0x10013290;0x151;__fastcall;;uchar;uint*
;FUN_10013770;0x10013770;0x30;__fastcall;;uint;int*
;FUN_10013b80;0x10013b80;0x2f;__thiscall;;int;void*;int*;uint
;FUN_10013bd0;0x10013bd0;0x24c;__thiscall;;int;void*;int
;FUN_10013e20;0x10013e20;0xb;__stdcall;;uchar
;FUN_10013e30;0x10013e30;0xb;__stdcall;;uchar
;FUN_10013e40;0x10013e40;0xb;__stdcall;;uchar
;FUN_10013e50;0x10013e50;0xb;__stdcall;;uchar
;FUN_10013e60;0x10013e60;0x285;__thiscall;;int;void*;uint
;FUN_100140f0;0x100140f0;0x291;__thiscall;;int;void*;int
;FUN_10014390;0x10014390;0x280;__thiscall;;int;void*;uint
;FUN_10014610;0x10014610;0x252;__thiscall;;int;void*;int
;FUN_10014870;0x10014870;0x288;__thiscall;;int;void*;uint
;FUN_10014b00;0x10014b00;0x63;__thiscall;;uchar*;void*;uchar*
;FUN_10014b70;0x10014b70;0x38;__fastcall;;uchar;int
;FUN_10014bb0;0x10014bb0;0x1d4;__thiscall;;int;void*;int
;FUN_10014d90;0x10014d90;0x266;__thiscall;;int;int;int
;FUN_10015000;0x10015000;0x1e;__thiscall;;uint*;void*;uchar
;FUN_10015020;0x10015020;0x47;__thiscall;;uchar;void*;char
;FUN_10015070;0x10015070;0x47;__thiscall;;uchar;void*;uint;char
;FUN_100150c0;0x100150c0;0x3b;__thiscall;;uint*;void*;uint
;FUN_10015100;0x10015100;0x20;__fastcall;;int;int
;vector_size_c;0x10015120;0x20;__fastcall;;int;int
;FUN_10015140;0x10015140;0x42;__stdcall;;void*;void*;void*;void*
;FUN_10015190;0x10015190;0x3f;__stdcall;;uint*;uint*;uint*;uint*
;FUN_100151d0;0x100151d0;0x34;__stdcall;;uint*;uint*;uint*;uint*
;FUN_10015210;0x10015210;0x23;__fastcall;;int;int
;FUN_10015240;0x10015240;0x3f;__stdcall;;uint*;uint*;uint*;uint*
;FUN_10015280;0x10015280;0x3f;__stdcall;;uint*;uint*;uint*;uint*
;FUN_100152c0;0x100152c0;0x21;__fastcall;;int;int
;FUN_100152f0;0x100152f0;0x3f;__stdcall;;uint*;uint*;uint*;uint*
;FUN_10015330;0x10015330;0x3f;__stdcall;;uint*;uint*;uint*;uint*
;FUN_10015370;0x10015370;0x3f;__stdcall;;uint*;uint*;uint*;uint*
;FUN_100153b0;0x100153b0;0x3a;__stdcall;;uint*;uint*;uint*;uint*
;FUN_100153f0;0x100153f0;0x21;__fastcall;;int;int
;FUN_10015420;0x10015420;0x3a;__stdcall;;uint*;uint*;uint*;uint*
;FUN_10015460;0x10015460;0x23;__fastcall;;int;int
;FUN_10015490;0x10015490;0x3f;__stdcall;;uint*;uint*;uint*;uint*
;FUN_100154d0;0x100154d0;0x21;__fastcall;;int;int
;FUN_10015500;0x10015500;0x3a;__stdcall;;uint*;uint*;uint*;uint*
;FUN_10015540;0x10015540;0x3f;__stdcall;;uint*;uint*;uint*;uint*
;FUN_10015580;0x10015580;0x13;__fastcall;;int;int
;FUN_100155a0;0x100155a0;0x21;__fastcall;;int;int
;FUN_100155d0;0x100155d0;0x21;__fastcall;;int;int
;FUN_10015600;0x10015600;0x3f;__stdcall;;uint*;uint*;uint*;uint*
;FUN_10015640;0x10015640;0x23;__fastcall;;int;int
;FUN_10015670;0x10015670;0x23;__fastcall;;int;int
;FUN_100156a0;0x100156a0;0x3f;__stdcall;;uint*;uint*;uint*;uint*
;FUN_100156e0;0x100156e0;0x21;__fastcall;;int;int
;FUN_10015710;0x10015710;0x21;__fastcall;;int;int
;FUN_10015740;0x10015740;0x2e;__stdcall;;void*;void*;void*;void*
;FUN_10015770;0x10015770;0x9c;__thiscall;;void*;void*;uint*;uint
;FUN_10015810;0x10015810;0x11;__thiscall;;uchar;void*;int
;FUN_10015830;0x10015830;0x76;__fastcall;;uchar;void*
;FUN_100158b0;0x100158b0;0x118;__thiscall;;uint;void*;uint;char
;FUN_100159d0;0x100159d0;0xc9;__fastcall;;uchar;void*
;FUN_10015aa0;0x10015aa0;0xe0;__thiscall;;uchar;void*;int;int
;FUN_10015b80;0x10015b80;0x4c;__fastcall;;uint*;uint*
;FUN_10015bd0;0x10015bd0;0x59;__stdcall;;uchar;uint
;Catch@10015c29;0x10015c29;0x21;__stdcall;;uchar*
;FUN_10015c50;0x10015c50;0x87;__stdcall;;uchar
;FUN_10015ce0;0x10015ce0;0x58;__fastcall;;uchar;int
;FUN_10015d40;0x10015d40;0x37;__cdecl;;uint*;uint*;uint*;uint*
;FUN_10015d80;0x10015d80;0x26;__cdecl;;int*;int*;int*;int*
;FUN_10015db0;0x10015db0;0x37;__cdecl;;uint*;uint*;uint*;uint*
;FUN_10015df0;0x10015df0;0x37;__cdecl;;uint*;uint*;uint*;uint*
;FUN_10015e30;0x10015e30;0x37;__cdecl;;uint*;uint*;uint*;uint*
;FUN_10015e70;0x10015e70;0x1d;__cdecl;;uchar;uint*;uint*
;FUN_10015e90;0x10015e90;0x18;__cdecl;;uchar;uint*;uint*
;FUN_10015eb0;0x10015eb0;0x18;__cdecl;;uchar;uint*;uint*
;FUN_10015ed0;0x10015ed0;0x18;__cdecl;;uchar;uint*;uint*
;FUN_10015ef0;0x10015ef0;0x17;__cdecl;;uchar;uint*;uint*
;FUN_10015f10;0x10015f10;0x18;__cdecl;;uchar;uint*;uint*
;FUN_10015f30;0x10015f30;0x18;__cdecl;;uchar;uint*;uint*
;FUN_10015f50;0x10015f50;0x18;__cdecl;;uchar;uint*;uint*
;FUN_10015f70;0x10015f70;0x18;__cdecl;;uchar;uint*;uint*
;FUN_10015f90;0x10015f90;0x18;__cdecl;;uchar;uint*;uint*
;FUN_10015fb0;0x10015fb0;0x11;__cdecl;;uchar;uint*;uint*
;FUN_10015fd0;0x10015fd0;0x124;__cdecl;;uchar;uint*;uint*
;FUN_10016100;0x10016100;0xc9;__cdecl;;uchar;uint*;uint*
;FUN_100161d0;0x100161d0;0x188;__thiscall;;uint*;void*;uint*
;FUN_10016360;0x10016360;0x1dd;__thiscall;;uint*;void*;uint*
;FUN_10016540;0x10016540;0x19;__thiscall;;uchar*;void*;uchar
;FUN_10016560;0x10016560;0x117;__thiscall;;uint*;void*;uint*
;FUN_10016680;0x10016680;0x1e;__thiscall;;uchar*;void*;uchar
;FUN_100166a0;0x100166a0;0x1e;__thiscall;;uchar*;void*;uchar
;FUN_100166c0;0x100166c0;0x3a;__fastcall;;uchar;int
;FUN_10016700;0x10016700;0x22;__fastcall;;uchar;int
;FUN_10016770;0x10016770;0xa;__stdcall;;uchar
;FUN_10016780;0x10016780;0xc;__stdcall;;uchar
;FUN_100167b0;0x100167b0;0xa;__stdcall;;uchar
;FUN_100167c0;0x100167c0;0xc;__stdcall;;uchar
??0cMagObjectList@@QAE@XZ;cMagObjectList::cMagObjectList;0x100167e0;0x2aa;__thiscall;;uchar;cMagObjectList*
??1cMagObjectList@@UAE@XZ;cMagObjectList::~cMagObjectList;0x10016a90;0x260;__thiscall;;void;cMagObjectList*
?AddObject@cMagObjectList@@QAE_NPAVcMagKernel@@@Z;cMagObjectList::AddObject;0x10016cf0;0x1af;__thiscall;;bool;cMagObjectList*;cMagKernel*
?AddAlphaMeshObjects@cMagObjectList@@QAE_NPAVcMagKernel@@@Z;cMagObjectList::AddAlphaMeshObjects;0x10016ea0;0x1af;__thiscall;;bool;cMagObjectList*;cMagKernel*
?AddParticleObject@cMagObjectList@@QAE_NPAVcMagKernel@@@Z;cMagObjectList::AddParticleObject;0x10017050;0x1af;__thiscall;;bool;cMagObjectList*;cMagKernel*
?AddBillboardObject@cMagObjectList@@QAE_NPAVcMagKernel@@@Z;cMagObjectList::AddBillboardObject;0x10017200;0x1af;__thiscall;;bool;cMagObjectList*;cMagKernel*
?AddCameraObject@cMagObjectList@@QAE_NPAVcMagKernel@@@Z;cMagObjectList::AddCameraObject;0x100173b0;0x1af;__thiscall;;bool;cMagObjectList*;cMagKernel*
?AddNoShadowObjects@cMagObjectList@@QAE_NPAVcMagKernel@@@Z;cMagObjectList::AddNoShadowObjects;0x10017560;0x1af;__thiscall;;bool;cMagObjectList*;cMagKernel*
?AddSkyBoxObject@cMagObjectList@@QAE_NPAVcMagKernel@@@Z;cMagObjectList::AddSkyBoxObject;0x10017710;0xf;__thiscall;;bool;cMagObjectList*;cMagKernel*
?AddFogObject@cMagObjectList@@QAE_NPAVcMagKernel@@@Z;cMagObjectList::AddFogObject;0x10017720;0xf;__thiscall;;bool;cMagObjectList*;cMagKernel*
?AddSunObject@cMagObjectList@@QAE_NPAVcMagKernel@@@Z;cMagObjectList::AddSunObject;0x10017730;0xf;__thiscall;;bool;cMagObjectList*;cMagKernel*
?AddTerrainObject@cMagObjectList@@QAE_NPAVcMagKernel@@@Z;cMagObjectList::AddTerrainObject;0x10017740;0xf;__thiscall;;bool;cMagObjectList*;cMagKernel*
?AddSpriteObject@cMagObjectList@@QAE_NPAVcMagKernel@@@Z;cMagObjectList::AddSpriteObject;0x10017750;0x1af;__thiscall;;bool;cMagObjectList*;cMagKernel*
?AddFxObject@cMagObjectList@@QAE_NPAVcMagKernel@@@Z;cMagObjectList::AddFxObject;0x10017900;0x1af;__thiscall;;bool;cMagObjectList*;cMagKernel*
?AddWaterObject@cMagObjectList@@QAE_NPAVcMagKernel@@@Z;cMagObjectList::AddWaterObject;0x10017ab0;0x1af;__thiscall;;bool;cMagObjectList*;cMagKernel*
?AddBlobObject@cMagObjectList@@QAE_NPAVcMagKernel@@@Z;cMagObjectList::AddBlobObject;0x10017c60;0x1af;__thiscall;;bool;cMagObjectList*;cMagKernel*
?AddPortalObject@cMagObjectList@@QAE_NPAVcMagKernel@@@Z;cMagObjectList::AddPortalObject;0x10017e10;0x1af;__thiscall;;bool;cMagObjectList*;cMagKernel*
?AddSector@cMagObjectList@@QAE_NPAVcMagKernel@@@Z;cMagObjectList::AddSector;0x10017fc0;0x1af;__thiscall;;bool;cMagObjectList*;cMagKernel*
?RenderWaterList@cMagObjectList@@QAE_NXZ;cMagObjectList::RenderWaterList;0x10018170;0x35;__thiscall;;bool;cMagObjectList*
?RenderBlobList@cMagObjectList@@QAE_NXZ;cMagObjectList::RenderBlobList;0x100181b0;0x35;__thiscall;;bool;cMagObjectList*
?RenderObjectList@cMagObjectList@@QAE_NXZ;cMagObjectList::RenderObjectList;0x100181f0;0x41;__thiscall;;bool;cMagObjectList*
?RenderAlphaList@cMagObjectList@@QAE_NXZ;cMagObjectList::RenderAlphaList;0x10018240;0x2e;__thiscall;;bool;cMagObjectList*
?RenderAlphaMeshObjectsList@cMagObjectList@@QAE_NXZ;cMagObjectList::RenderAlphaMeshObjectsList;0x10018270;0x2e;__thiscall;;bool;cMagObjectList*
?RenderParticleList@cMagObjectList@@QAE_NXZ;cMagObjectList::RenderParticleList;0x100182a0;0x35;__thiscall;;bool;cMagObjectList*
?RenderFxList@cMagObjectList@@QAE_NXZ;cMagObjectList::RenderFxList;0x100182e0;0x35;__thiscall;;bool;cMagObjectList*
?RenderSpriteList@cMagObjectList@@QAE_NXZ;cMagObjectList::RenderSpriteList;0x10018320;0x35;__thiscall;;bool;cMagObjectList*
?RenderBillboardList@cMagObjectList@@QAE_NXZ;cMagObjectList::RenderBillboardList;0x10018360;0x35;__thiscall;;bool;cMagObjectList*
?RenderNoShadowObjects@cMagObjectList@@QAE_NXZ;cMagObjectList::RenderNoShadowObjects;0x100183a0;0x35;__thiscall;;bool;cMagObjectList*
?AddShadowsObject@cMagObjectList@@QAEXPAVcMagKernel@@@Z;cMagObjectList::AddShadowsObject;0x100183e0;0x1b1;__thiscall;;void;cMagObjectList*;cMagKernel*
?RenderShadowsList@cMagObjectList@@QAEXXZ;cMagObjectList::RenderShadowsList;0x100185a0;0x2c;__thiscall;;void;cMagObjectList*
?RenderPortalList@cMagObjectList@@QAE_NXZ;cMagObjectList::RenderPortalList;0x100185d0;0x2e;__thiscall;;bool;cMagObjectList*
?RenderSectors@cMagObjectList@@QAE_NXZ;cMagObjectList::RenderSectors;0x10018600;0x2e;__thiscall;;bool;cMagObjectList*
?CallHandlerOnInputKey@cMagObjectList@@QAEXH_N@Z;cMagObjectList::CallHandlerOnInputKey;0x10018630;0x3c;__thiscall;;void;cMagObjectList*;int;bool
?RenderCameraList@cMagObjectList@@QAE_NXZ;cMagObjectList::RenderCameraList;0x10018670;0x35;__thiscall;;bool;cMagObjectList*
?RenderSkyBox@cMagObjectList@@QAE_NXZ;cMagObjectList::RenderSkyBox;0x100186b0;0x18;__thiscall;;bool;cMagObjectList*
?RenderFog@cMagObjectList@@QAE_NXZ;cMagObjectList::RenderFog;0x100186d0;0x18;__thiscall;;bool;cMagObjectList*
?RenderSun@cMagObjectList@@QAE_NXZ;cMagObjectList::RenderSun;0x100186f0;0x18;__thiscall;;bool;cMagObjectList*
?RenderTerrain@cMagObjectList@@QAE_NXZ;cMagObjectList::RenderTerrain;0x10018710;0x18;__thiscall;;bool;cMagObjectList*
?Find@cMagObjectList@@QAEPAVcMagKernel@@K@Z;cMagObjectList::Find;0x10018730;0x11;__thiscall;;cMagKernel*;cMagObjectList*;ulong
?Find@cMagObjectList@@QAEPAVcMagKernel@@PAV2@@Z;cMagObjectList::Find;0x10018750;0x29;__thiscall;;cMagKernel*;cMagObjectList*;cMagKernel*
?CleanList@cMagObjectList@@QAEXXZ;cMagObjectList::CleanList;0x10018780;0x80;__thiscall;;void;cMagObjectList*
?RenderLensFlare@cMagObjectList@@QAEXXZ;cMagObjectList::RenderLensFlare;0x10018800;0x13;__thiscall;;void;cMagObjectList*
;FUN_10018860;0x10018860;0xa;__stdcall;;uchar
;FUN_10018870;0x10018870;0xc;__stdcall;;uchar
;FUN_100188a0;0x100188a0;0xa;__stdcall;;uchar
;FUN_100188b0;0x100188b0;0xc;__stdcall;;uchar
??0cBlob@@QAE@ABV0@@Z;cBlob::cBlob;0x100188d0;0x159;__thiscall;;uchar;cBlob*;cBlob*
??4cBlob@@QAEAAV0@ABV0@@Z;cBlob::operator=;0x10018a30;0x518;__thiscall;;cBlob*;cBlob*;cBlob*
;cBlob::scalar_destructor;0x10018f50;0x57;__thiscall;;cBlob*;cBlob*;uchar
??0CGame@@QAE@ABV0@@Z;CGame::CGame;0x10018fb0;0x991;__thiscall;;CGame*;CGame*;CGame*
;FUN_10019950;0x10019950;0x130;__thiscall;;int*;void*;int*;int
;FUN_10019a80;0x10019a80;0x81;__thiscall;;uint*;void*;int
??4CGame@@QAEAAV0@ABV0@@Z;CGame::operator=;0x10019b10;0xac8;__thiscall;;CGame*;CGame*;CGame*
;FUN_1001a5e0;0x1001a5e0;0x5b;__thiscall;;uint*;void*;int*
;CGame::scalar_destructor;0x1001a640;0x57;__thiscall;;CGame*;CGame*;uchar
??0CCollisionCamera@@QAE@ABV0@@Z;CCollisionCamera::CCollisionCamera;0x1001a6a0;0x25e;__thiscall;;uchar;CCollisionCamera*;CCollisionCamera*
??4CCollisionCamera@@QAEAAV0@ABV0@@Z;CCollisionCamera::operator=;0x1001a900;0x252;__thiscall;;CCollisionCamera*;CCollisionCamera*;CCollisionCamera*
;CCollisionCamera::scalar_destructor;0x1001ab60;0x57;__thiscall;;CCollisionCamera*;CCollisionCamera*;uchar
?MakeUpperCase@@YAXAAV?$basic_string@DU?$char_traits@D@std@@V?$allocator@D@2@@std@@@Z;MakeUpperCase;0x1001abc0;0xc9;__cdecl;;void;basic_string<char,struct_std::char_traits<char>,class_std::allocator<char>_>*
??0CParticle@@QAE@XZ;CParticle::CParticle;0x1001ac90;0x10b;__thiscall;;uchar;CParticle*
??1CParticle@@UAE@XZ;CParticle::~CParticle;0x1001ada0;0x5b;__thiscall;;void;CParticle*
?GetPosition@CParticle@@UAE?AUD3DXVECTOR3@@XZ;CParticle::GetPosition;0x1001ae00;0x21;__thiscall;;uchar;CParticle*;uint*
?SetPosition@CParticle@@QAEXUD3DXVECTOR3@@@Z;CParticle::SetPosition;0x1001ae30;0x33;__thiscall;;void;CParticle*;float;float;float
?Update@CParticle@@QAE_NM@Z;CParticle::Update;0x1001ae70;0x16a;__thiscall;;bool;CParticle*;float
??0CParticle@@QAE@ABV0@@Z;CParticle::CParticle;0x1001afe0;0x203;__thiscall;;uchar;CParticle*;CParticle*
??4CParticle@@QAEAAV0@ABV0@@Z;CParticle::operator=;0x1001b1f0;0x1f1;__thiscall;;CParticle*;CParticle*;CParticle*
;CParticle::scalar_destructor;0x1001b3f0;0x57;__thiscall;;CParticle*;CParticle*;uchar
?IsEmitRate@CParticleEmitterToken@@QAE_NXZ;CParticleEmitterToken::IsEmitRate;0x1001b450;0xb3;__thiscall;;bool;CParticleEmitterToken*
?IsPosition@CParticleEmitterToken@@QAE_NXZ;CParticleEmitterToken::IsPosition;0x1001b510;0xb3;__thiscall;;bool;CParticleEmitterToken*
?IsSpawnDir@CParticleEmitterToken@@QAE_NXZ;CParticleEmitterToken::IsSpawnDir;0x1001b5d0;0xb3;__thiscall;;bool;CParticleEmitterToken*
?IsEmitRadius@CParticleEmitterToken@@QAE_NXZ;CParticleEmitterToken::IsEmitRadius;0x1001b690;0xb3;__thiscall;;bool;CParticleEmitterToken*
?IsLifeTime@CParticleEmitterToken@@QAE_NXZ;CParticleEmitterToken::IsLifeTime;0x1001b750;0xb3;__thiscall;;bool;CParticleEmitterToken*
?IsNumParticles@CParticleEmitterToken@@QAE_NXZ;CParticleEmitterToken::IsNumParticles;0x1001b810;0xb3;__thiscall;;bool;CParticleEmitterToken*
?IsLoops@CParticleEmitterToken@@QAE_NXZ;CParticleEmitterToken::IsLoops;0x1001b8d0;0xb3;__thiscall;;bool;CParticleEmitterToken*
?IsLoop@CParticleEmitterToken@@QAE_NXZ;CParticleEmitterToken::IsLoop;0x1001b990;0xb3;__thiscall;;bool;CParticleEmitterToken*
?IsAnimFrames@CParticleEmitterToken@@QAE_NXZ;CParticleEmitterToken::IsAnimFrames;0x1001ba50;0xb3;__thiscall;;bool;CParticleEmitterToken*
?IsFrameWidth@CParticleEmitterToken@@QAE_NXZ;CParticleEmitterToken::IsFrameWidth;0x1001bb10;0xb3;__thiscall;;bool;CParticleEmitterToken*
?IsFrameHeight@CParticleEmitterToken@@QAE_NXZ;CParticleEmitterToken::IsFrameHeight;0x1001bbd0;0xb3;__thiscall;;bool;CParticleEmitterToken*
?IsFramesPerLine@CParticleEmitterToken@@QAE_NXZ;CParticleEmitterToken::IsFramesPerLine;0x1001bc90;0xb3;__thiscall;;bool;CParticleEmitterToken*
?IsAnimDelay@CParticleEmitterToken@@QAE_NXZ;CParticleEmitterToken::IsAnimDelay;0x1001bd50;0xb3;__thiscall;;bool;CParticleEmitterToken*
?IsGravity@CParticleEmitterToken@@QAE_NXZ;CParticleEmitterToken::IsGravity;0x1001be10;0xb3;__thiscall;;bool;CParticleEmitterToken*
?IsSrcBlendMode@CParticleEmitterToken@@QAE_NXZ;CParticleEmitterToken::IsSrcBlendMode;0x1001bed0;0xb3;__thiscall;;bool;CParticleEmitterToken*
?IsDestBlendMode@CParticleEmitterToken@@QAE_NXZ;CParticleEmitterToken::IsDestBlendMode;0x1001bf90;0xb3;__thiscall;;bool;CParticleEmitterToken*
?TypeAsString@CParticleEmitterToken@@QAE?AV?$basic_string@DU?$char_traits@D@std@@V?$allocator@D@2@@std@@XZ;CParticleEmitterToken::TypeAsString;0x1001c050;0x867;__thiscall;;uchar*;CParticleEmitterToken*;uchar*
??0CParticleEmitterToken@@QAE@XZ;CParticleEmitterToken::CParticleEmitterToken;0x1001c940;0x32;__thiscall;;uchar;CParticleEmitterToken*
??0CParticleEmitterToken@@QAE@ABV0@@Z;CParticleEmitterToken::CParticleEmitterToken;0x1001c980;0x1eb;__thiscall;;uchar;CParticleEmitterToken*;CParticleEmitterToken*
??4CParticleEmitterToken@@QAEAAV0@ABV0@@Z;CParticleEmitterToken::operator=;0x1001cb70;0x1f3;__thiscall;;CParticleEmitterToken*;CParticleEmitterToken*;CParticleEmitterToken*
??1CParticleEmitterToken@@UAE@XZ;CParticleEmitterToken::~CParticleEmitterToken;0x1001cd70;0x50;__thiscall;;void;CParticleEmitterToken*
;CParticleEmitterToken::scalar_destructor;0x1001cdc0;0x57;__thiscall;;CParticleEmitterToken*;CParticleEmitterToken*;uchar
?NextToken@CParticleEmitterTokenizer@@SAXAAPAVCParticleEmitterToken@@0@Z;CParticleEmitterTokenizer::NextToken;0x1001ce20;0x2d;__cdecl;;void;CParticleEmitterToken**;CParticleEmitterToken**
??0CParticleEmitterTokenizer@@QAE@XZ;CParticleEmitterTokenizer::CParticleEmitterTokenizer;0x1001ce50;0x4e;__thiscall;;uchar;CParticleEmitterTokenizer*
??0CParticleEmitterTokenizer@@QAE@ABV0@@Z;CParticleEmitterTokenizer::CParticleEmitterTokenizer;0x1001cea0;0x1f7;__thiscall;;uchar;CParticleEmitterTokenizer*;CParticleEmitterTokenizer*
??4CParticleEmitterTokenizer@@QAEAAV0@ABV0@@Z;CParticleEmitterTokenizer::operator=;0x1001d0a0;0x2e3;__thiscall;;CParticleEmitterTokenizer*;CParticleEmitterTokenizer*;CParticleEmitterTokenizer*
??1CParticleEmitterTokenizer@@UAE@XZ;CParticleEmitterTokenizer::~CParticleEmitterTokenizer;0x1001d390;0xc6;__thiscall;;void;CParticleEmitterTokenizer*
;CParticleEmitterTokenizer::scalar_destructor;0x1001d460;0x57;__thiscall;;CParticleEmitterTokenizer*;CParticleEmitterTokenizer*;uchar
??0CParticleEvent@@QAE@XZ;CParticleEvent::CParticleEvent;0x1001d4c0;0x26;__thiscall;;uchar;CParticleEvent*
??1CParticleEvent@@UAE@XZ;CParticleEvent::~CParticleEvent;0x1001d4f0;0x5b;__thiscall;;void;CParticleEvent*
?GetTimeRange@CParticleEvent@@QBE?AV?$CMinMax@M@@XZ;CParticleEvent::GetTimeRange;0x1001d550;0x22;__thiscall;;CMinMax<float>*;CParticleEvent*
?SetTimeRange@CParticleEvent@@QAEXV?$CMinMax@M@@@Z;CParticleEvent::SetTimeRange;0x1001d580;0x17;__thiscall;;void;CParticleEvent*;uint;uint
?GetActualTime@CParticleEvent@@QBEMXZ;CParticleEvent::GetActualTime;0x1001d5a0;0x7;__thiscall;;float;CParticleEvent*
?SetActualTime@CParticleEvent@@QAEXM@Z;CParticleEvent::SetActualTime;0x1001d5b0;0xd;__thiscall;;void;CParticleEvent*;float
?IsFade@CParticleEvent@@QBE_NXZ;CParticleEvent::IsFade;0x1001d5c0;0x7;__thiscall;;bool;CParticleEvent*
?SetFade@CParticleEvent@@QAEX_N@Z;CParticleEvent::SetFade;0x1001d5d0;0xd;__thiscall;;void;CParticleEvent*;bool
??0CParticleEvent@@QAE@ABV0@@Z;CParticleEvent::CParticleEvent;0x1001d5e0;0x117;__thiscall;;uchar;CParticleEvent*;CParticleEvent*
??4CParticleEvent@@QAEAAV0@ABV0@@Z;CParticleEvent::operator=;0x1001d700;0x105;__thiscall;;CParticleEvent*;CParticleEvent*;CParticleEvent*
;CParticleEvent::scalar_destructor;0x1001d810;0x57;__thiscall;;CParticleEvent*;CParticleEvent*;uchar
??RCParticleEvent_CompareFunc@@QBE_NPBVCParticleEvent@@0@Z;CParticleEvent_CompareFunc::operator();0x1001d870;0x2a;__thiscall;;bool;CParticleEvent_CompareFunc*;CParticleEvent*;CParticleEvent*
??4CParticleEvent_CompareFunc@@QAEAAV0@ABV0@@Z;CMagnumEngine::operator=;0x1001d8a0;0x5;__thiscall;;CMagnumEngine*;CMagnumEngine*;CMagnumEngine*
?FadeAllowed@CParticleEvent_BlueColor@@UAE_NXZ;CParticleEvent_Alpha::FadeAllowed;0x1001d8b0;0x3;__thiscall;;bool;CParticleEvent_Alpha*
??0CParticleEvent_Size@@QAE@XZ;CParticleEvent_Size::CParticleEvent_Size;0x1001d8c0;0x32;__thiscall;;uchar;CParticleEvent_Size*
??0CParticleEvent_Size@@QAE@ABV0@@Z;CParticleEvent_Size::CParticleEvent_Size;0x1001d900;0x135;__thiscall;;uchar;CParticleEvent_Size*;CParticleEvent_Size*
??1CParticleEvent_Size@@UAE@XZ;CParticleEvent_Size::~CParticleEvent_Size;0x1001da40;0x5b;__thiscall;;void;CParticleEvent_Size*
;CParticleEvent_Size::scalar_destructor;0x1001daa0;0x57;__thiscall;;CParticleEvent_Size*;CParticleEvent_Size*;uchar
?GetColor@CParticleEvent_Color@@QBE?AV?$CMinMax@UD3DXCOLOR@@@@XZ;CParticleEvent_Color::GetColor;0x1001db00;0x24;__thiscall;;CMinMax<struct_D3DXCOLOR>;CParticleEvent_Color*;uint*
?SetColor@CParticleEvent_Color@@QAEXABV?$CMinMax@UD3DXCOLOR@@@@@Z;CParticleEvent_Color::SetColor;0x1001db30;0x18;__thiscall;;void;CParticleEvent_Color*;CMinMax<struct_D3DXCOLOR>*
??0CParticleEvent_Color@@QAE@XZ;CParticleEvent_Color::CParticleEvent_Color;0x1001db50;0x6d;__thiscall;;uchar;CParticleEvent_Color*
??0CParticleEvent_Color@@QAE@ABV0@@Z;CParticleEvent_Color::CParticleEvent_Color;0x1001dbc0;0x132;__thiscall;;uchar;CParticleEvent_Color*;CParticleEvent_Color*
??4CParticleEvent_Color@@QAEAAV0@ABV0@@Z;CParticleEvent_Color::operator=;0x1001dd00;0x11a;__thiscall;;CParticleEvent_Color*;CParticleEvent_Color*;CParticleEvent_Color*
??1CParticleEvent_Color@@UAE@XZ;CParticleEvent_Color::~CParticleEvent_Color;0x1001de20;0x5b;__thiscall;;void;CParticleEvent_Color*
;CParticleEvent_Color::scalar_destructor;0x1001de80;0x57;__thiscall;;CParticleEvent_Color*;CParticleEvent_Color*;uchar
??0CParticleEvent_RedColor@@QAE@XZ;CParticleEvent_RedColor::CParticleEvent_RedColor;0x1001dee0;0x32;__thiscall;;uchar;CParticleEvent_RedColor*
??0CParticleEvent_RedColor@@QAE@ABV0@@Z;CParticleEvent_RedColor::CParticleEvent_RedColor;0x1001df20;0x135;__thiscall;;uchar;CParticleEvent_RedColor*;CParticleEvent_RedColor*
??1CParticleEvent_RedColor@@UAE@XZ;CParticleEvent_RedColor::~CParticleEvent_RedColor;0x1001e060;0x5b;__thiscall;;void;CParticleEvent_RedColor*
;CParticleEvent_RedColor::scalar_destructor;0x1001e0c0;0x57;__thiscall;;CParticleEvent_RedColor*;CParticleEvent_RedColor*;uchar
??0CParticleEvent_GreenColor@@QAE@XZ;CParticleEvent_GreenColor::CParticleEvent_GreenColor;0x1001e120;0x32;__thiscall;;uchar;CParticleEvent_GreenColor*
??0CParticleEvent_GreenColor@@QAE@ABV0@@Z;CParticleEvent_GreenColor::CParticleEvent_GreenColor;0x1001e160;0x135;__thiscall;;uchar;CParticleEvent_GreenColor*;CParticleEvent_GreenColor*
??1CParticleEvent_GreenColor@@UAE@XZ;CParticleEvent_GreenColor::~CParticleEvent_GreenColor;0x1001e2a0;0x5b;__thiscall;;void;CParticleEvent_GreenColor*
;CParticleEvent_GreenColor::scalar_destructor;0x1001e300;0x57;__thiscall;;CParticleEvent_GreenColor*;CParticleEvent_GreenColor*;uchar
??0CParticleEvent_BlueColor@@QAE@XZ;CParticleEvent_BlueColor::CParticleEvent_BlueColor;0x1001e360;0x32;__thiscall;;uchar;CParticleEvent_BlueColor*
??0CParticleEvent_BlueColor@@QAE@ABV0@@Z;CParticleEvent_BlueColor::CParticleEvent_BlueColor;0x1001e3a0;0x135;__thiscall;;uchar;CParticleEvent_BlueColor*;CParticleEvent_BlueColor*
??4CParticleEvent_BlueColor@@QAEAAV0@ABV0@@Z;CParticleEvent_Alpha::operator=;0x1001e4e0;0x11d;__thiscall;;CParticleEvent_Alpha*;CParticleEvent_Alpha*;CParticleEvent_Alpha*
??1CParticleEvent_BlueColor@@UAE@XZ;CParticleEvent_BlueColor::~CParticleEvent_BlueColor;0x1001e600;0x5b;__thiscall;;void;CParticleEvent_BlueColor*
;CParticleEvent_BlueColor::scalar_destructor;0x1001e660;0x57;__thiscall;;CParticleEvent_BlueColor*;CParticleEvent_BlueColor*;uchar
?SetBlueColor@CParticleEvent_BlueColor@@QAEXV?$CMinMax@M@@@Z;CParticleEvent_Alpha::SetAlpha;0x1001e6c0;0x17;__thiscall;;void;CParticleEvent_Alpha*;uint;uint
??0CParticleEvent_Alpha@@QAE@XZ;CParticleEvent_Alpha::CParticleEvent_Alpha;0x1001e6e0;0x32;__thiscall;;uchar;CParticleEvent_Alpha*
??0CParticleEvent_Alpha@@QAE@ABV0@@Z;CParticleEvent_Alpha::CParticleEvent_Alpha;0x1001e720;0x135;__thiscall;;uchar;CParticleEvent_Alpha*;CParticleEvent_Alpha*
??1CParticleEvent_Alpha@@UAE@XZ;CParticleEvent_Alpha::~CParticleEvent_Alpha;0x1001e860;0x5b;__thiscall;;void;CParticleEvent_Alpha*
;CParticleEvent_Alpha::scalar_destructor;0x1001e8c0;0x57;__thiscall;;CParticleEvent_Alpha*;CParticleEvent_Alpha*;uchar
?GetVelocity@CParticleEvent_Velocity@@QBE?AV?$CMinMax@UD3DXVECTOR3@@@@XZ;CParticleEvent_Velocity::GetVelocity;0x1001e920;0x24;__thiscall;;CMinMax<struct_D3DXVECTOR3>;CParticleEvent_Velocity*;uint*
?SetVelocity@CParticleEvent_Velocity@@QAEXABV?$CMinMax@UD3DXVECTOR3@@@@@Z;CParticleEvent_Velocity::SetVelocity;0x1001e950;0x18;__thiscall;;void;CParticleEvent_Velocity*;CMinMax<struct_D3DXVECTOR3>*
??0CParticleEvent_Velocity@@QAE@XZ;CParticleEvent_Velocity::CParticleEvent_Velocity;0x1001e970;0x5f;__thiscall;;uchar;CParticleEvent_Velocity*
??0CParticleEvent_Velocity@@QAE@ABV0@@Z;CParticleEvent_Velocity::CParticleEvent_Velocity;0x1001e9d0;0x132;__thiscall;;uchar;CParticleEvent_Velocity*;CParticleEvent_Velocity*
??4CParticleEvent_Velocity@@QAEAAV0@ABV0@@Z;CParticleEvent_Velocity::operator=;0x1001eb10;0x11a;__thiscall;;CParticleEvent_Velocity*;CParticleEvent_Velocity*;CParticleEvent_Velocity*
??1CParticleEvent_Velocity@@UAE@XZ;CParticleEvent_Velocity::~CParticleEvent_Velocity;0x1001ec30;0x5b;__thiscall;;void;CParticleEvent_Velocity*
;CParticleEvent_Velocity::scalar_destructor;0x1001ec90;0x57;__thiscall;;CParticleEvent_Velocity*;CParticleEvent_Velocity*;uchar
?GetBlueColor@CParticleEvent_BlueColor@@QBE?AV?$CMinMax@M@@XZ;CParticleEvent_Alpha::GetAlpha;0x1001ecf0;0x22;__thiscall;;CMinMax<float>;CParticleEvent_Alpha*
??0CParticleEvent_VelocityX@@QAE@XZ;CParticleEvent_VelocityX::CParticleEvent_VelocityX;0x1001ed20;0x32;__thiscall;;uchar;CParticleEvent_VelocityX*
??0CParticleEvent_VelocityX@@QAE@ABV0@@Z;CParticleEvent_VelocityX::CParticleEvent_VelocityX;0x1001ed60;0x135;__thiscall;;uchar;CParticleEvent_VelocityX*;CParticleEvent_VelocityX*
??1CParticleEvent_VelocityX@@UAE@XZ;CParticleEvent_VelocityX::~CParticleEvent_VelocityX;0x1001eea0;0x5b;__thiscall;;void;CParticleEvent_VelocityX*
;CParticleEvent_VelocityX::scalar_destructor;0x1001ef00;0x57;__thiscall;;CParticleEvent_VelocityX*;CParticleEvent_VelocityX*;uchar
??0CParticleEvent_VelocityY@@QAE@XZ;CParticleEvent_VelocityY::CParticleEvent_VelocityY;0x1001ef60;0x32;__thiscall;;uchar;CParticleEvent_VelocityY*
??0CParticleEvent_VelocityY@@QAE@ABV0@@Z;CParticleEvent_VelocityY::CParticleEvent_VelocityY;0x1001efa0;0x135;__thiscall;;uchar;CParticleEvent_VelocityY*;CParticleEvent_VelocityY*
??1CParticleEvent_VelocityY@@UAE@XZ;CParticleEvent_VelocityY::~CParticleEvent_VelocityY;0x1001f0e0;0x5b;__thiscall;;void;CParticleEvent_VelocityY*
;CParticleEvent_VelocityY::scalar_destructor;0x1001f140;0x57;__thiscall;;CParticleEvent_VelocityY*;CParticleEvent_VelocityY*;uchar
??0CParticleEvent_VelocityZ@@QAE@XZ;CParticleEvent_VelocityZ::CParticleEvent_VelocityZ;0x1001f1a0;0x32;__thiscall;;uchar;CParticleEvent_VelocityZ*
??0CParticleEvent_VelocityZ@@QAE@ABV0@@Z;CParticleEvent_VelocityZ::CParticleEvent_VelocityZ;0x1001f1e0;0x135;__thiscall;;uchar;CParticleEvent_VelocityZ*;CParticleEvent_VelocityZ*
??1CParticleEvent_VelocityZ@@UAE@XZ;CParticleEvent_VelocityZ::~CParticleEvent_VelocityZ;0x1001f320;0x5b;__thiscall;;void;CParticleEvent_VelocityZ*
;CParticleEvent_VelocityZ::scalar_destructor;0x1001f380;0x57;__thiscall;;CParticleEvent_VelocityZ*;CParticleEvent_VelocityZ*;uchar
?FadeAllowed@CParticleEvent_EventTimer@@UAE_NXZ;CParticleEvent_EventTimer::FadeAllowed;0x1001f3e0;0x3;__thiscall;;bool;CParticleEvent_EventTimer*
?SetValue@CParticleEvent_VelocityX@@QAEXABV?$CMinMax@M@@@Z;CParticleEvent_EventTimer::SetEventTimer;0x1001f3f0;0x18;__thiscall;;void;CParticleEvent_EventTimer*;CMinMax<float>*
??0CParticleEvent_EventTimer@@QAE@XZ;CParticleEvent_EventTimer::CParticleEvent_EventTimer;0x1001f410;0x32;__thiscall;;uchar;CParticleEvent_EventTimer*
??0CParticleEvent_EventTimer@@QAE@ABV0@@Z;CParticleEvent_EventTimer::CParticleEvent_EventTimer;0x1001f450;0x135;__thiscall;;uchar;CParticleEvent_EventTimer*;CParticleEvent_EventTimer*
??1CParticleEvent_EventTimer@@UAE@XZ;CParticleEvent_EventTimer::~CParticleEvent_EventTimer;0x1001f590;0x5b;__thiscall;;void;CParticleEvent_EventTimer*
;CParticleEvent_EventTimer::scalar_destructor;0x1001f5f0;0x57;__thiscall;;CParticleEvent_EventTimer*;CParticleEvent_EventTimer*;uchar
?GetLifetime@CParticleEventSequence@@QBE?AV?$CMinMax@M@@XZ;CParticleEventSequence::GetLifetime;0x1001f650;0x22;__thiscall;;CMinMax<float>;CParticleEventSequence*;uint*
?SetScale@cMagBillboard@@QAEXUD3DXVECTOR2@@@Z;CParticleEventSequence::SetLifetime;0x1001f680;0x17;__thiscall;;void;CParticleEventSequence*;uint;uint
?GetSrcBlendMode@CParticleEventSequence@@QBEHXZ;CParticleEventSequence::GetSrcBlendMode;0x1001f6a0;0x7;__thiscall;;int;CParticleEventSequence*
?SetSrcBlendMode@CParticleEventSequence@@QAEXH@Z;CParticleEventSequence::SetSrcBlendMode;0x1001f6b0;0xd;__thiscall;;void;CParticleEventSequence*;int
?GetDestBlendMode@CParticleEventSequence@@QBEHXZ;CParticleEventSequence::GetDestBlendMode;0x1001f6c0;0x7;__thiscall;;int;CParticleEventSequence*
?SetDestBlendMode@CParticleEventSequence@@QAEXH@Z;CParticleEventSequence::SetDestBlendMode;0x1001f6d0;0xd;__thiscall;;void;CParticleEventSequence*;int
?GetEmitRate@CParticleEventSequence@@QBE?AV?$CMinMax@M@@XZ;CParticleEventSequence::GetEmitRate;0x1001f6e0;0x22;__thiscall;;CMinMax<float>;CParticleEventSequence*;uint*
?SetEmitRate@CParticleEventSequence@@QAEXV?$CMinMax@M@@@Z;CParticleEventSequence::SetEmitRate;0x1001f710;0x17;__thiscall;;void;CParticleEventSequence*;uint;uint
?GetEmitRadius@CParticleEventSequence@@QBE?AV?$CMinMax@UD3DXVECTOR3@@@@XZ;CParticleEventSequence::GetEmitRadius;0x1001f730;0x24;__thiscall;;CMinMax<struct_D3DXVECTOR3>;CParticleEventSequence*;uint*
?SetEmitRadius@CParticleEventSequence@@QAEXABV?$CMinMax@UD3DXVECTOR3@@@@@Z;CParticleEventSequence::SetEmitRadius;0x1001f760;0x18;__thiscall;;void;CParticleEventSequence*;CMinMax<struct_D3DXVECTOR3>*
?GetGravity@CParticleEventSequence@@QBE?AV?$CMinMax@UD3DXVECTOR3@@@@XZ;CParticleEventSequence::GetGravity;0x1001f780;0x24;__thiscall;;CMinMax<struct_D3DXVECTOR3>;CParticleEventSequence*;uint*
?SetGravity@CParticleEventSequence@@QAEXABV?$CMinMax@UD3DXVECTOR3@@@@@Z;CParticleEventSequence::SetGravity;0x1001f7b0;0x18;__thiscall;;void;CParticleEventSequence*;CMinMax<struct_D3DXVECTOR3>*
?GetName@CParticleEventSequence@@QBE?AV?$basic_string@DU?$char_traits@D@std@@V?$allocator@D@2@@std@@XZ;CParticleEventSequence::GetName;0x1001f7d0;0x12e;__thiscall;;CParticleEventSequence*;CParticleEventSequence*;CParticleEventSequence*
?SetName@CParticleEventSequence@@QAEXABV?$basic_string@DU?$char_traits@D@std@@V?$allocator@D@2@@std@@@Z;CParticleEventSequence::SetName;0x1001f900;0x133;__thiscall;;void;CParticleEventSequence*;basic_string<char,struct_std::char_traits<char>,class_std::allocator<char>_>*
?GetNumActiveParticles@CParticleEventSequence@@QAEHXZ;CParticleEventSequence::GetNumActiveParticles;0x1001fa40;0x11;__thiscall;;int;CParticleEventSequence*
?GetNumParticles@CParticleEventSequence@@QBEHXZ;CParticleEventSequence::GetNumParticles;0x1001fa60;0x7;__thiscall;;int;CParticleEventSequence*
?SetNumParticles@CParticleEventSequence@@QAEXH@Z;CParticleEventSequence::SetNumParticles;0x1001fa70;0xd;__thiscall;;void;CParticleEventSequence*;int
?GetLoops@CParticleEventSequence@@QAEHXZ;CParticleEventSequence::GetLoops;0x1001fa80;0x7;__thiscall;;int;CParticleEventSequence*
?GetLoop@CParticleEventSequence@@QAEHXZ;CParticleEventSequence::GetLoop;0x1001fa90;0x7;__thiscall;;int;CParticleEventSequence*
?SetAnimFrames@CParticleEventSequence@@QAEXH@Z;CParticleEventSequence::SetAnimFrames;0x1001faa0;0x14;__thiscall;;void;CParticleEventSequence*;int
?GetAnimFrames@CParticleEventSequence@@QAEHXZ;CParticleEventSequence::GetAnimFrames;0x1001fac0;0x7;__thiscall;;int;CParticleEventSequence*
?SetFrameWidth@CParticleEventSequence@@QAEXH@Z;CParticleEventSequence::SetFrameWidth;0x1001fad0;0xd;__thiscall;;void;CParticleEventSequence*;int
?GetFrameWidth@CParticleEventSequence@@QAEHXZ;CParticleEventSequence::GetFrameWidth;0x1001fae0;0x7;__thiscall;;int;CParticleEventSequence*
?SetFrameHeight@CParticleEventSequence@@QAEXH@Z;CParticleEventSequence::SetFrameHeight;0x1001faf0;0xd;__thiscall;;void;CParticleEventSequence*;int
?GetFrameHeight@CParticleEventSequence@@QAEHXZ;CParticleEventSequence::GetFrameHeight;0x1001fb00;0x7;__thiscall;;int;CParticleEventSequence*
?SetFramesPerLine@CParticleEventSequence@@QAEXH@Z;CParticleEventSequence::SetFramesPerLine;0x1001fb10;0xd;__thiscall;;void;CParticleEventSequence*;int
?GetFramesPerLine@CParticleEventSequence@@QAEHXZ;CParticleEventSequence::GetFramesPerLine;0x1001fb20;0x7;__thiscall;;int;CParticleEventSequence*
?SetAnimDelay@CParticleEventSequence@@QAEXV?$CMinMax@M@@@Z;CParticleEventSequence::SetAnimDelay;0x1001fb30;0x17;__thiscall;;void;CParticleEventSequence*;uint;uint
?GetAnimDelay@CParticleEventSequence@@QAE?AV?$CMinMax@M@@XZ;CParticleEventSequence::GetAnimDelay;0x1001fb50;0x22;__thiscall;;void;CParticleEventSequence*
?IsEnableAnim@CParticleEventSequence@@QAE_NXZ;CParticleEventSequence::IsEnableAnim;0x1001fb80;0x7;__thiscall;;bool;CParticleEventSequence*
?GetSpawnDir@CParticleEventSequence@@QBE?AV?$CMinMax@UD3DXVECTOR3@@@@XZ;CParticleEventSequence::GetSpawnDir;0x1001fb90;0x24;__thiscall;;CMinMax<struct_D3DXVECTOR3>;CParticleEventSequence*;uint*
?SetSpawnDir@CParticleEventSequence@@QAEXABV?$CMinMax@UD3DXVECTOR3@@@@@Z;CParticleEventSequence::SetSpawnDir;0x1001fbc0;0x18;__thiscall;;void;CParticleEventSequence*;CMinMax<struct_D3DXVECTOR3>*
?GetTextureFilename@CParticleEventSequence@@QBE?AV?$basic_string@DU?$char_traits@D@std@@V?$allocator@D@2@@std@@XZ;CParticleEventSequence::GetTextureFilename;0x1001fbe0;0x12e;__thiscall;;CParticleEventSequence*;CParticleEventSequence*;CParticleEventSequence*
?GetTexture@CParticleEventSequence@@QBEPAUIDirect3DTexture8@@XZ;CParticleEventSequence::GetTexture;0x1001fd10;0x7;__thiscall;;uchar;CParticleEventSequence*
?DeleteAllParticles@CParticleEventSequence@@QAEXXZ;CParticleEventSequence::DeleteAllParticles;0x1001fd20;0x39;__thiscall;;void;CParticleEventSequence*
??0CParticleEventSequence@@QAE@ABV0@@Z;CParticleEventSequence::CParticleEventSequence;0x1001fd60;0x3a0;__thiscall;;uchar;CParticleEventSequence*;CParticleEventSequence*
??4CParticleEventSequence@@QAEAAV0@ABV0@@Z;CParticleEventSequence::operator=;0x10020100;0x402;__thiscall;;CParticleEventSequence*;CParticleEventSequence*;CParticleEventSequence*
;CParticleEventSequence::scalar_destructor;0x10020510;0x57;__thiscall;;CParticleEventSequence*;CParticleEventSequence*;uchar
?Pause@CParticleEmitter@@UAEXXZ;CParticleEmitter::Pause;0x10020570;0x8;__thiscall;;void;CParticleEmitter*
?Stop@CParticleEmitter@@UAEXXZ;CParticleEmitter::Stop;0x10020580;0x5b;__thiscall;;void;CParticleEmitter*
?IsRunning@CParticleEmitter@@UAE_NXZ;CParticleEmitter::IsRunning;0x100205e0;0x7;__thiscall;;bool;CParticleEmitter*
?DeleteAllParticles@CParticleEmitter@@QAEXXZ;CParticleEmitter::DeleteAllParticles;0x100205f0;0x53;__thiscall;;void;CParticleEmitter*
?GetPosRange@CParticleEmitter@@QBE?AV?$CMinMax@UD3DXVECTOR3@@@@XZ;CParticleEmitter::GetPosRange;0x10020650;0x24;__thiscall;;CMinMax<struct_D3DXVECTOR3>;CParticleEmitter*;uint*
?SetPosRange@CParticleEmitter@@QAEXABV?$CMinMax@UD3DXVECTOR3@@@@@Z;CParticleEmitter::SetPosRange;0x10020680;0x18;__thiscall;;void;CParticleEmitter*;CMinMax<struct_D3DXVECTOR3>*
?GetVBSize@CParticleEmitter@@QBEHXZ;CParticleEmitter::GetVBSize;0x100206a0;0x7;__thiscall;;int;CParticleEmitter*
?SetVBSize@CParticleEmitter@@QAEXH@Z;CParticleEmitter::SetVBSize;0x100206b0;0xd;__thiscall;;void;CParticleEmitter*;int
?Reset@CParticleEmitter@@QAEXXZ;CParticleEmitter::Reset;0x100206c0;0x29;__thiscall;;void;CParticleEmitter*
?GetNumActiveParticles@CParticleEmitter@@QAEHXZ;CParticleEmitter::GetNumActiveParticles;0x100206f0;0x31;__thiscall;;int;CParticleEmitter*
?EnableRender@CParticleEmitter@@QAEX_N@Z;CParticleEmitter::EnableRender;0x10020730;0xd;__thiscall;;void;CParticleEmitter*;bool
??0CParticleEmitter@@QAE@ABV0@@Z;CParticleEmitter::CParticleEmitter;0x10020740;0x549;__thiscall;;uchar;CParticleEmitter*;CParticleEmitter*
??4CParticleEmitter@@QAEAAV0@ABV0@@Z;CParticleEmitter::operator=;0x10020c90;0x65e;__thiscall;;CParticleEmitter*;CParticleEmitter*;CParticleEmitter*
;CParticleEmitter::scalar_destructor;0x100212f0;0x57;__thiscall;;CParticleEmitter*;CParticleEmitter*;uchar
?SetPosition@cMagCamera@@QAEXUD3DXVECTOR3@@@Z;cMagCamera::SetPosition;0x10021350;0x1d;__thiscall;;void;cMagCamera*;uint;uint;uint
?SetView@cMagCamera@@QAEXUD3DXVECTOR3@@@Z;cMagCamera::SetView;0x10021370;0x1d;__thiscall;;void;cMagCamera*;uint;uint;uint
?GePosition@cMagCamera@@QAE?AUD3DXVECTOR3@@XZ;cMagCamera::GePosition;0x10021390;0x21;__thiscall;;uchar;cMagCamera*;uint*
?GetView@cMagCamera@@QAE?AUD3DXVECTOR3@@XZ;cMagCamera::GetView;0x100213c0;0x21;__thiscall;;uchar;cMagCamera*;uint*
??0cMagCamera@@QAE@ABV0@@Z;cMagCamera::cMagCamera;0x100213f0;0x12f;__thiscall;;uchar;cMagCamera*;cMagCamera*
??4cMagCamera@@QAEAAV0@ABV0@@Z;cMagCamera::operator=;0x10021520;0x11d;__thiscall;;cMagCamera*;cMagCamera*;cMagCamera*
??_FcMagCamera@@QAEXXZ;cMagCamera::`default_constructor_closure';0x10021640;0x1e;__thiscall;;void;cMagCamera*
;cMagCamera::scalar_destructor;0x10021660;0x57;__thiscall;;cMagCamera*;cMagCamera*;uchar
??0cMagSkyBox@@QAE@ABV0@@Z;cMagSkyBox::cMagSkyBox;0x100216c0;0x20c;__thiscall;;uchar;cMagSkyBox*;cMagSkyBox*
??4cMagSkyBox@@QAEAAV0@ABV0@@Z;cMagSkyBox::operator=;0x100218d0;0x2eb;__thiscall;;cMagSkyBox*;cMagSkyBox*;cMagSkyBox*
;cMagSkyBox::scalar_destructor;0x10021bc0;0x57;__thiscall;;cMagSkyBox*;cMagSkyBox*;uchar
?SetScale@cMagSun@@QAEXUD3DXVECTOR2@@@Z;cMagSun::SetScale;0x10021c20;0x17;__thiscall;;void;cMagSun*;uint;uint
?GetScale@cMagSun@@QAE?AUD3DXVECTOR2@@XZ;cMagSun::GetScale;0x10021c40;0x28;__thiscall;;D3DXVECTOR2;cMagSun*;uint*
??0cMagSun@@QAE@ABV0@@Z;cMagSun::cMagSun;0x10021c70;0x29c;__thiscall;;uchar;cMagSun*;cMagSun*
??4cMagSun@@QAEAAV0@ABV0@@Z;cMagSun::operator=;0x10021f10;0x322;__thiscall;;cMagSun*;cMagSun*;cMagSun*
;cMagSun::scalar_destructor;0x10022240;0x57;__thiscall;;cMagSun*;cMagSun*;uchar
?SetTexture@CLensFlareSpot@@QAEXPAUIDirect3DTexture8@@@Z;CLensFlareSpot::SetTexture;0x100222a0;0xd;__thiscall;;void;CLensFlareSpot*;IDirect3DTexture8*
?GetTexture@CLensFlareSpot@@QAEPAUIDirect3DTexture8@@XZ;CLensFlareSpot::GetTexture;0x100222b0;0x7;__thiscall;;uchar;CLensFlareSpot*
?GetSize@CLensFlareSpot@@QBEMXZ;CLensFlareSpot::GetSize;0x100222c0;0x7;__thiscall;;float;CLensFlareSpot*
?SetSize@CLensFlareSpot@@QAEXM@Z;CLensFlareSpot::SetSize;0x100222d0;0xd;__thiscall;;void;CLensFlareSpot*;float
?GetLinePos@CLensFlareSpot@@QBEMXZ;CLensFlareSpot::GetLinePos;0x100222e0;0x7;__thiscall;;float;CLensFlareSpot*
?SetLinePos@CLensFlareSpot@@QAEXM@Z;CLensFlareSpot::SetLinePos;0x100222f0;0xd;__thiscall;;void;CLensFlareSpot*;float
?GetColor@CLensFlareSpot@@QBE?AUD3DXCOLOR@@XZ;CLensFlareSpot::GetColor;0x10022300;0x27;__thiscall;;D3DXCOLOR*;CLensFlareSpot*;D3DXCOLOR*
?SetColor@CLensFlareSpot@@QAEXABUD3DXCOLOR@@@Z;CLensFlareSpot::SetColor;0x10022330;0x23;__thiscall;;void;CLensFlareSpot*;D3DXCOLOR*
??0CLensFlareSpot@@QAE@ABV0@@Z;CLensFlareSpot::CLensFlareSpot;0x10022360;0x121;__thiscall;;uchar;CLensFlareSpot*;CLensFlareSpot*
??4CLensFlareSpot@@QAEAAV0@ABV0@@Z;CLensFlareSpot::operator=;0x10022490;0x10f;__thiscall;;CLensFlareSpot*;CLensFlareSpot*;CLensFlareSpot*
;CLensFlareSpot::scalar_destructor;0x100225a0;0x57;__thiscall;;CLensFlareSpot*;CLensFlareSpot*;uchar
?GetIntensity@CLensFlare@@QBE?AV?$CMinMax@M@@XZ;CLensFlare::GetIntensity;0x10022600;0x22;__thiscall;;CMinMax<float>;CLensFlare*;uint*
?SetIntensity@CLensFlare@@QAEXABV?$CMinMax@M@@@Z;CLensFlare::SetIntensity;0x10022630;0x18;__thiscall;;void;CLensFlare*;CMinMax<float>*
?GetIntensityBorder@CLensFlare@@QBEMXZ;CLensFlare::GetIntensityBorder;0x10022650;0x7;__thiscall;;float;CLensFlare*
?SetIntensityBorder@CLensFlare@@QAEXM@Z;CLensFlare::SetIntensityBorder;0x10022660;0xd;__thiscall;;void;CLensFlare*;float
?GetPosition@CLensFlare@@UAE?AUD3DXVECTOR3@@XZ;CLensFlare::GetPosition;0x10022670;0x21;__thiscall;;uchar;CLensFlare*;uint*
??0CLensFlare@@QAE@ABV0@@Z;CLensFlare::CLensFlare;0x100226a0;0x30e;__thiscall;;uchar;CLensFlare*;CLensFlare*
??4CLensFlare@@QAEAAV0@ABV0@@Z;CLensFlare::operator=;0x100229b0;0x2e9;__thiscall;;CLensFlare*;CLensFlare*;CLensFlare*
;CLensFlare::scalar_destructor;0x10022ca0;0x57;__thiscall;;CLensFlare*;CLensFlare*;uchar
??0cMagFog@@QAE@ABV0@@Z;cMagFog::cMagFog;0x10022d00;0x117;__thiscall;;uchar;cMagFog*;cMagFog*
??4cMagFog@@QAEAAV0@ABV0@@Z;cMagFog::operator=;0x10022e20;0x105;__thiscall;;cMagFog*;cMagFog*;cMagFog*
;cMagFog::scalar_destructor;0x10022f30;0x57;__thiscall;;cMagFog*;cMagFog*;uchar
??0cFX_Shockwave@@QAE@XZ;cFX_Shockwave::cFX_Shockwave;0x10022f90;0x44;__thiscall;;uchar;cFX_Shockwave*
?Begin@cFX_Shockwave@@UAEXXZ;cFX_Shockwave::Begin;0x10022fe0;0x8;__thiscall;;void;cFX_Shockwave*
?Pause@cFX_Shockwave@@UAEXXZ;cFX_Shockwave::Pause;0x10022ff0;0x8;__thiscall;;void;cFX_Shockwave*
?Stop@cFX_Shockwave@@UAEXXZ;cFX_Shockwave::Stop;0x10023000;0x21;__thiscall;;void;cFX_Shockwave*
?ShockwaveUpdate@cFX_Shockwave@@QAEXM@Z;cFX_Shockwave::ShockwaveUpdate;0x10023030;0x75;__thiscall;;void;cFX_Shockwave*;float
?Pos@cFX_Shockwave@@QAEAAUD3DXVECTOR3@@XZ;cFX_Shockwave::Pos;0x100230b0;0x7;__thiscall;;uchar;cFX_Shockwave*
?GetVB@cFX_Shockwave@@QAEPAUIDirect3DVertexBuffer8@@XZ;cFX_Shockwave::GetVB;0x100230c0;0x7;__thiscall;;uchar;cFX_Shockwave*
??0cFX_Shockwave@@QAE@ABV0@@Z;cFX_Shockwave::cFX_Shockwave;0x100230d0;0x187;__thiscall;;uchar;cFX_Shockwave*;cFX_Shockwave*
??4cFX_Shockwave@@QAEAAV0@ABV0@@Z;cFX_Shockwave::operator=;0x10023260;0x175;__thiscall;;cFX_Shockwave*;cFX_Shockwave*;cFX_Shockwave*
;cFX_Shockwave::scalar_destructor;0x100233e0;0x57;__thiscall;;cFX_Shockwave*;cFX_Shockwave*;uchar
??0cMagFx@@QAE@ABV0@@Z;cMagFx::cMagFx;0x10023440;0x35d;__thiscall;;uchar;cMagFx*;cMagFx*
??4cMagFx@@QAEAAV0@ABV0@@Z;cMagFx::operator=;0x100237a0;0x351;__thiscall;;cMagFx*;cMagFx*;cMagFx*
;cMagFx::scalar_destructor;0x10023b00;0x57;__thiscall;;cMagFx*;cMagFx*;uchar
??0CLevel@@QAE@ABV0@@Z;CLevel::CLevel;0x10023b60;0x134;__thiscall;;uchar;CLevel*;CLevel*
??4CLevel@@QAEAAV0@ABV0@@Z;CLevel::operator=;0x10023ca0;0x12d;__thiscall;;CLevel*;CLevel*;CLevel*
;CLevel::scalar_destructor;0x10023dd0;0x57;__thiscall;;CLevel*;CLevel*;uchar
;_Java_GameObject_Log@12;0x10023e30;0x3f;__stdcall;;uchar;int*;uint;uint
;_Java_GameObject_CrashLog@12;0x10023e70;0x3f;__stdcall;;uchar;int*;uint;uint
;_Java_GameObject_GetName@8;0x10023eb0;0x5c;__stdcall;;uchar;uint;uint
;_Java_GameObject_SetName@12;0x10023f10;0x93;__stdcall;;uchar;uint;uint;uint
;_Java_GameObject_CreateObject@12;0x10023fb0;0x7f;__stdcall;;uint;int*;uint;char*
;_Java_GameObject_SetActiveCamera@12;0x10024030;0x24;__stdcall;;uchar;uint;uint;uint
;_Java_GameObject_StateChanged@16;0x10024060;0xd7;__stdcall;;uchar;int*;uint;uint;int
;_Java_GameObject_EnableCallHandler@12;0x10024140;0x8f;__stdcall;;uchar;int*;uint;uint
;_Java_GameObject_DisableCallHandler@12;0x100241d0;0x8f;__stdcall;;uchar;int*;uint;uint
;_Java_GameObject_CallMethodIn@16;0x10024260;0x6f;__stdcall;;uchar;uint;uint;uint;float
;_Java_GameObject_CallMethodEvery@16;0x100242d0;0x6f;__stdcall;;uchar;uint;uint;uint;float
;_Java_GameObject_CallMethodRepeatCount@20;0x10024340;0x75;__stdcall;;uchar;uint;uint;uint;float;int
;_Java_GameObject_DisableCallMethod@12;0x100243c0;0x65;__stdcall;;uchar;uint;uint;uint
;_Java_GameObject_LoadLevel@12;0x10024430;0x83;__stdcall;;uint;int*;uint;uint
;_Java_GameObject_GetActiveLevel@8;0x100244c0;0x15;__stdcall;;uint
;_Java_GameObject_SetWindowTitle@12;0x100244e0;0x41;__stdcall;;uchar;uint;uint;uint
;_Java_GameObject_ShowGird@12;0x10024530;0x1a;__stdcall;;uchar;uint;uint;char
;_Java_GameObject_GetVisibilityRange@8;0x10024550;0xf;__stdcall;;float10
;_Java_GameObject_GetGame@8;0x10024560;0x10;__stdcall;;uint
;_Java_GameObject_GetObject@12;0x10024570;0x59;__stdcall;;uint;uint;uint;uint
;_Java_GameObject_RememberPlayerObject@12;0x100245d0;0x1b;__stdcall;;uchar;uint;uint
;_Java_GameObject_GetPlayerObject@8;0x100245f0;0x15;__stdcall;;uint
;_Java_GameObject_GetTerrain@8;0x10024610;0x16;__stdcall;;uint
;_Java_GameObject_ShowGameCursor@12;0x10024630;0x1a;__stdcall;;uchar;uint;uint;char
;_Java_GameObject_IsFogEnable@8;0x10024650;0x10;__stdcall;;uint
;_Java_GameObject_GetWindowHeight@8;0x10024660;0xf;__stdcall;;uchar
;_Java_GameObject_SetVisibilityRange@12;0x10024670;0x15;__stdcall;;uchar;uint;uint;float
;_Java_GameObject_EnableLensFlareRendering@12;0x10024690;0x1a;__stdcall;;uchar;uint;uint;char
;_Java_GameObject_GetLevelDirectory@8;0x100246b0;0x1f;__stdcall;;uchar
;_Java_GameObject_EnableFog@12;0x100246d0;0x1a;__stdcall;;uchar;uint;uint;char
;_Java_GameObject_EnableSunRendering@12;0x100246f0;0x1a;__stdcall;;uchar;uint;uint;char
;_Java_GameObject_EnableSkyRendering@12;0x10024710;0x1a;__stdcall;;uchar;uint;uint;char
;_Java_GameObject_ShowObjectName@12;0x10024730;0x1a;__stdcall;;uchar;uint;uint;char
;_Java_GameObject_ExitGame@8;0x10024750;0xf;__stdcall;;uchar
;_Java_GameObject_GetWindowWidth@8;0x10024760;0xf;__stdcall;;uchar
;_Java_GameObject_ShowFPS@12;0x10024770;0x1a;__stdcall;;uchar;uint;uint;char
;_Java_GameObject_DrawText@20;0x10024790;0x51;__stdcall;;uchar;uint;uint;int;int;uint
;_Java_GameObject_ActivateOnLevel@12;0x100247f0;0x24;__stdcall;;uchar;uint;uint;uint
;_Java_GameObject_Destroy@8;0x10024820;0x24;__stdcall;;uchar;uint;uint
;_Java_GameObject_GetTime@8;0x10024850;0x20;__stdcall;;float10
;_Java_GameObject_GetFrameTime@8;0x10024870;0xf;__stdcall;;float10
;_Java_GameObject_Project@20;0x10024880;0xce;__stdcall;;uchar;uint;uint;uint;uint;uint
??0cMagSector@@QAE@ABV0@@Z;cMagSector::cMagSector;0x10024950;0x93;__thiscall;;uchar;cMagSector*;cMagSector*
??4cMagSector@@QAEAAV0@ABV0@@Z;cMagSector::operator=;0x100249f0;0x8d;__thiscall;;cMagSector*;cMagSector*;cMagSector*
;cMagSector::scalar_destructor;0x10024a80;0x57;__thiscall;;cMagSector*;cMagSector*;uchar
;FUN_10024af0;0x10024af0;0xa;__stdcall;;uchar
;FUN_10024b00;0x10024b00;0xc;__stdcall;;uchar
;FUN_10024b30;0x10024b30;0xa;__stdcall;;uchar
;FUN_10024b40;0x10024b40;0xc;__stdcall;;uchar
;FUN_10024b70;0x10024b70;0xa;__stdcall;;uchar
;FUN_10024b80;0x10024b80;0xc;__stdcall;;uchar
;FUN_10024bb0;0x10024bb0;0xa;__stdcall;;uchar
;FUN_10024bc0;0x10024bc0;0xc;__stdcall;;uchar
;FUN_10024bf0;0x10024bf0;0xa;__stdcall;;uchar
;FUN_10024c00;0x10024c00;0xc;__stdcall;;uchar
;FUN_10024c30;0x10024c30;0xa;__stdcall;;uchar
;FUN_10024c40;0x10024c40;0xc;__stdcall;;uchar
??0cMagGameObject@@QAE@XZ;cMagGameObject::cMagGameObject;0x10024c60;0x2d1;__thiscall;;uchar;cMagGameObject*
??1cMagGameObject@@UAE@XZ;cMagGameObject::~cMagGameObject;0x10024f40;0xd8;__thiscall;;void;cMagGameObject*
?SetWindowTitle@cMagGameObject@@QAEXPAD@Z;cMagGameObject::SetWindowTitle;0x10025020;0x2e;__thiscall;;void;cMagGameObject*;char*
?InitD3D@cMagGameObject@@QAEJPAUHWND__@@@Z;cMagGameObject::InitD3D;0x10025050;0x3ee;__thiscall;;long;cMagGameObject*;HWND__*
?Cleanup@cMagGameObject@@QAEXXZ;cMagGameObject::Cleanup;0x10025440;0xd5;__thiscall;;void;cMagGameObject*
?AppInit@cMagGameObject@@QAEJPAUHINSTANCE__@@_N@Z;cMagGameObject::AppInit;0x10025550;0x365;__thiscall;;long;cMagGameObject*;HINSTANCE__*;bool
?SetDeviceMode@cMagGameObject@@QAEXHH@Z;cMagGameObject::SetDeviceMode;0x100258c0;0x1e6;__thiscall;;void;cMagGameObject*;int;int
?InitWindow@cMagGameObject@@QAE_NHHH_NPAUHINSTANCE__@@P6GJPAUHWND__@@IIJ@ZPAD@Z;cMagGameObject::InitWindow;0x10025ab0;0x1bf;__thiscall;;bool;cMagGameObject*;int;int;int;bool;HINSTANCE__*;WNDPROC;char*
?UpdateMagWindowSize@cMagGameObject@@QAEXHH@Z;cMagGameObject::UpdateMagWindowSize;0x10025c70;0x17;__thiscall;;void;cMagGameObject*;int;int
?ShowGameCursor@cMagGameObject@@QAEX_N@Z;cMagGameObject::ShowGameCursor;0x10025c90;0x14;__thiscall;;void;cMagGameObject*;bool
?EnableGameCursor@cMagGameObject@@QAE_NXZ;cMagGameObject::EnableGameCursor;0x10025cb0;0xe;__thiscall;;bool;cMagGameObject*
?RenderGameCursor@cMagGameObject@@QAEXXZ;cMagGameObject::RenderGameCursor;0x10025cc0;0x26;__thiscall;;void;cMagGameObject*
?MsgProc@cMagGameObject@@QAEJPAUHWND__@@IIJ@Z;cMagGameObject::MsgProc;0x10025cf0;0x139;__thiscall;;long;cMagGameObject*;HWND;uint;uint;long
?KillWindowDx@cMagGameObject@@QAE_NXZ;cMagGameObject::KillWindowDx;0x10025f40;0x60;__thiscall;;bool;cMagGameObject*
?HandleMessages@cMagGameObject@@QAE_NXZ;cMagGameObject::HandleMessages;0x10025fa0;0x57;__thiscall;;bool;cMagGameObject*
?Run@cMagGameObject@@QAE_NXZ;cMagGameObject::Run;0x10026000;0x83;__thiscall;;bool;cMagGameObject*
?CreateWinDx@cMagGameObject@@QAE_NPAUHINSTANCE__@@_NHHHPAD1@Z;cMagGameObject::CreateWinDx;0x10026090;0xb9;__thiscall;;bool;cMagGameObject*;HINSTANCE__*;bool;int;int;int;char*;bool
?ClearInputKey@cMagGameObject@@QAEXXZ;cMagGameObject::ClearInputKey;0x10026150;0x45;__thiscall;;void;cMagGameObject*
?OnPreRenderEdytor@cMagGameObject@@QAEXXZ;cMagGameObject::OnPreRenderEdytor;0x100261a0;0x36;__thiscall;;void;cMagGameObject*
?OnPreRender@cMagGameObject@@UAEXXZ;cMagGameObject::OnPreRender;0x100261e0;0x119;__thiscall;;void;cMagGameObject*
?OnPostRender@cMagGameObject@@QAEXXZ;cMagGameObject::OnPostRender;0x10026300;0x2e;__thiscall;;void;cMagGameObject*
?Render@cMagGameObject@@QAE_NXZ;cMagGameObject::Render;0x10026330;0x36d;__thiscall;;bool;cMagGameObject*
?RenderScene@cMagGameObject@@QAEXXZ;cMagGameObject::RenderScene;0x100266a0;0xe5;__thiscall;;void;cMagGameObject*
?RestoreScene@cMagGameObject@@QAEXXZ;cMagGameObject::RestoreScene;0x10026790;0x3ba;__thiscall;;void;cMagGameObject*
;Catch@10026b1d;0x10026b1d;0x1a;__fastcall;;uchar*;cMagLog*
?CallHandlerOnUpdate_@cMagGameObject@@QAEXXZ;cMagGameObject::CallHandlerOnUpdate_;0x10026b70;0x112;__thiscall;;void;cMagGameObject*
?CallOnUpdateMenuSettings@cMagGameObject@@QAEXXZ;cMagGameObject::CallOnUpdateMenuSettings;0x10026c90;0x7b;__thiscall;;void;cMagGameObject*
?CallAllHandler@cMagGameObject@@QAEXPAEMM_N1@Z;cMagGameObject::CallAllHandler;0x10026d10;0x30f;__thiscall;;void;cMagGameObject*;uchar*;float;float;bool;bool
?CreateObject@cMagGameObject@@QAEXPAVcMagKernel@@@Z;cMagGameObject::CreateObject;0x10027020;0x30c;__thiscall;;void;cMagGameObject*;cMagKernel*
?CameraLookAt@cMagGameObject@@QAEXMMMMMMMMM@Z;cMagGameObject::CameraLookAt;0x10027330;0x8a;__thiscall;;void;cMagGameObject*;float;float;float;float;float;float;float;float;float
?Fps@cMagGameObject@@QAEXXZ;cMagGameObject::Fps;0x100273c0;0x8e;__thiscall;;void;cMagGameObject*
?ShowFPS@cMagGameObject@@QAEX_N@Z;cMagGameObject::ShowFPS;0x10027450;0x14;__thiscall;;void;cMagGameObject*;bool
?TestViewObjest@cMagGameObject@@QAE_NUD3DXVECTOR3@@UD3DXMATRIX@@@Z;cMagGameObject::TestViewObjest;0x10027470;0x1bb;__thiscall;;uint;cMagGameObject*
?VectorToScreen@cMagGameObject@@QAEXUD3DXVECTOR3@@UD3DXMATRIX@@AAM2@Z;cMagGameObject::VectorToScreen;0x10027630;0xa8;__thiscall;;void
?DrawTexts@cMagGameObject@@QAEXPBDMMMUD3DXMATRIX@@@Z;cMagGameObject::DrawTexts;0x100276e0;0x1c0;__thiscall;;void;cMagGameObject*;uchar;uchar;uchar;uchar;uchar
?DrawObjectName@cMagGameObject@@QAEXXZ;cMagGameObject::DrawObjectName;0x100278a0;0x19f;__thiscall;;void;cMagGameObject*
?GpgFrustum@cMagGameObject@@QAEXNNNNNN@Z;cMagGameObject::GpgFrustum;0x10027a40;0x9b;__thiscall;;void;cMagGameObject*;double;double;double;double;double;double
?GpgPerspective@cMagGameObject@@QAEXNNNNH@Z;cMagGameObject::GpgPerspective;0x10027ae0;0x2de;__thiscall;;void;cMagGameObject*;double;double;double;double;int
?ScreenGrab@cMagGameObject@@QAEJPAUIDirect3DDevice8@@PAD@Z;cMagGameObject::ScreenGrab;0x10027dc0;0x186;__thiscall;;long;cMagGameObject*;uchar;char*
?RenderTiled@cMagGameObject@@QAEJPBDPAUIDirect3DDevice8@@HP6AJXZ@Z;cMagGameObject::RenderTiled;0x10027f50;0x2e4;__thiscall;;long;cMagGameObject*;char*;IDirect3DDevice8*;int;_func_long*
?SetLastRender@cMagGameObject@@QAEXPAVcMagMeshObject@@@Z;cMagGameObject::SetLastRender;0x10028240;0xad;__thiscall;;void;cMagGameObject*;cMagMeshObject*
?swapObject@cMagGameObject@@QAEXHH@Z;cMagGameObject::swapObject;0x100282f0;0x29;__thiscall;;void;cMagGameObject*;int;int
?swap@cMagGameObject@@QAEXAAH0@Z;cMagGameObject::swap;0x10028320;0x15;__thiscall;;void;cMagGameObject*;int*;int*
?qsort@cMagGameObject@@QAEXPAHHH@Z;cMagGameObject::qsort;0x10028340;0xbe;__thiscall;;void;cMagGameObject*;int*;int;int
?SortObject@cMagGameObject@@QAEXXZ;cMagGameObject::SortObject;0x10028400;0x963;__thiscall;;void;cMagGameObject*
?QSortMeshObject@cMagGameObject@@QAEXPAHHH@Z;cMagGameObject::QSortMeshObject;0x10028d70;0xbe;__thiscall;;void;cMagGameObject*;int*;int;int
?swapMeshObject@cMagGameObject@@QAEXHH@Z;cMagGameObject::swapMeshObject;0x10028e30;0x29;__thiscall;;void;cMagGameObject*;int;int
?ShowObjectName@cMagGameObject@@QAEX_N@Z;cMagGameObject::ShowObjectName;0x10028e60;0x14;__thiscall;;void;cMagGameObject*;bool
?SetDataPath@cMagGameObject@@QAEXPAD@Z;cMagGameObject::SetDataPath;0x10028e80;0x19;__thiscall;;void;cMagGameObject*;char*
?GetGame@cMagGameObject@@QAEPAVCGame@@XZ;cMagGameObject::GetGame;0x10028ea0;0xe;__thiscall;;CGame*;cMagGameObject*
?SetGame@cMagGameObject@@QAEXPAVCGame@@@Z;cMagGameObject::SetGame;0x10028eb0;0xd;__thiscall;;void;cMagGameObject*;CGame*
?SetClipNear@cMagGameObject@@QAEXM@Z;cMagGameObject::SetClipNear;0x10028ec0;0xd;__thiscall;;void;cMagGameObject*;float
?SetClipFar@cMagGameObject@@QAEXM@Z;cMagGameObject::SetClipFar;0x10028ed0;0xd;__thiscall;;void;cMagGameObject*;float
?GetWindowHeight@cMagGameObject@@QAEHXZ;cMagGameObject::GetWindowHeight;0x10028ee0;0xe;__thiscall;;int;cMagGameObject*
?GetWindowWidth@cMagGameObject@@QAEHXZ;cMagGameObject::GetWindowWidth;0x10028ef0;0xe;__thiscall;;int;cMagGameObject*
?GetTextureMgr@cMagGameObject@@QAE?AVMagTextureMgr@@XZ;cMagGameObject::GetTextureMgr;0x10028f00;0x106;__thiscall;;uint*;cMagGameObject*;uint*
?AllFiltersTexture@cMagGameObject@@QAEXXZ;cMagGameObject::AllFiltersTexture;0x10029010;0x21;__thiscall;;void;cMagGameObject*
?ReplaceTexture@cMagGameObject@@QAEPAUIDirect3DTexture8@@PAD0@Z;cMagGameObject::ReplaceTexture;0x10029040;0x18;__thiscall;;uchar;cMagGameObject*;char*;char*
?DeleteTexture@cMagGameObject@@QAEXPAD@Z;cMagGameObject::DeleteTexture;0x10029060;0x13;__thiscall;;void;cMagGameObject*;char*
?ShowGird@cMagGameObject@@QAEX_N@Z;cMagGameObject::ShowGird;0x10029080;0x14;__thiscall;;void;cMagGameObject*;bool
?GetEngine@cMagGameObject@@QAEPAUIDirect3DDevice8@@XZ;cMagGameObject::GetEngine;0x100290a0;0x9;__thiscall;;IDirect3DDevice8*;cMagGameObject*
?GetFOV@cMagGameObject@@QAEMXZ;cMagGameObject::GetFOV;0x100290b0;0x7;__thiscall;;float;cMagGameObject*
?SetFOV@cMagGameObject@@QAEXM@Z;cMagGameObject::SetFOV;0x100290c0;0xd;__thiscall;;void;cMagGameObject*;float
?DrawTextA@cMagGameObject@@QAEXHHPAD@Z;cMagGameObject::DrawTextA;0x100290d0;0x49;__thiscall;;void;cMagGameObject*;int;int;char*
?GetMeshObject@cMagGameObject@@QAEPAVcMagKernel@@PAD@Z;cMagGameObject::GetMeshObject;0x10029120;0xae;__thiscall;;cMagKernel*;cMagGameObject*;char*
?GetMeshObject@cMagGameObject@@QAEPAVcMagMeshObject@@H@Z;cMagGameObject::GetMeshObject;0x100291d0;0x58;__thiscall;;cMagMeshObject*;cMagGameObject*;int
?GetObjectsInRadiusFromClass@cMagGameObject@@QAEPAVcMagKernel@@MUD3DXVECTOR3@@PAD@Z;cMagGameObject::GetObjectsInRadiusFromClass;0x10029230;0xce;__thiscall;;uint;uint;float;float;float;float;uchar*
?GetObjectsInRadiusFromClass@cMagGameObject@@QAE_NMUD3DXVECTOR3@@PADAAV?$vector@PAVcMagKernel@@V?$allocator@PAVcMagKernel@@@std@@@std@@@Z;cMagGameObject::GetObjectsInRadiusFromClass;0x10029300;0x250;__thiscall;;uint;uint;float;float;float;float;void*;int
?MagGetObject@cMagGameObject@@QAEPAVcMagKernel@@PAD@Z;cMagGameObject::MagGetObject;0x10029550;0x161;__thiscall;;cMagKernel*;cMagGameObject*;char*
?GetKokoPos@cMagGameObject@@QAEXUD3DXVECTOR3@@@Z;cMagGameObject::GetKokoPos;0x100296c0;0x24;__thiscall;;void;cMagGameObject*;uint;uint;uint
?SetVisibilityRange@cMagGameObject@@QAEXM@Z;cMagGameObject::SetVisibilityRange;0x100296f0;0x14;__thiscall;;void;cMagGameObject*;float
?GetVisibilityRange@cMagGameObject@@QAEMXZ;cMagGameObject::GetVisibilityRange;0x10029710;0xe;__thiscall;;float;cMagGameObject*
?SetSurfaceVisibilityRange@cMagGameObject@@QAEXM@Z;cMagGameObject::SetSurfaceVisibilityRange;0x10029720;0x14;__thiscall;;void;cMagGameObject*;float
?GetSurfaceVisibilityRange@cMagGameObject@@QAEMXZ;cMagGameObject::GetSurfaceVisibilityRange;0x10029740;0xe;__thiscall;;float;cMagGameObject*
?GetHandleWindow@cMagGameObject@@QAEPAUHWND__@@XZ;cMagGameObject::GetHandleWindow;0x10029750;0xe;__thiscall;;HWND__*;cMagGameObject*
?DestroyObject@cMagGameObject@@QAE_NPAVcMagKernel@@@Z;cMagGameObject::DestroyObject;0x10029760;0x9d;__thiscall;;bool;cMagGameObject*;cMagKernel*
?DeleteMesh@cMagGameObject@@QAE_NPAVcMagKernel@@@Z;cMagGameObject::DeleteMesh;0x10029800;0x89;__thiscall;;bool;cMagGameObject*;cMagKernel*
?DeleteBillboard@cMagGameObject@@QAE_NPAVcMagKernel@@@Z;cMagGameObject::DeleteBillboard;0x10029890;0x89;__thiscall;;bool;cMagGameObject*;cMagKernel*
?DeleteCamera@cMagGameObject@@QAE_NPAVcMagKernel@@@Z;cMagGameObject::DeleteCamera;0x10029920;0x89;__thiscall;;bool;cMagGameObject*;cMagKernel*
?DeleteParticle@cMagGameObject@@QAE_NPAVcMagKernel@@@Z;cMagGameObject::DeleteParticle;0x100299b0;0x89;__thiscall;;bool;cMagGameObject*;cMagKernel*
?DeleteTerrain@cMagGameObject@@QAE_NPAVcMagKernel@@@Z;cMagGameObject::DeleteTerrain;0x10029a40;0x44;__thiscall;;bool;cMagGameObject*;cMagKernel*
?DeleteLensFlare@cMagGameObject@@QAE_NPAVcMagKernel@@@Z;cMagGameObject::DeleteLensFlare;0x10029a90;0x44;__thiscall;;bool;cMagGameObject*;cMagKernel*
?DeleteSun@cMagGameObject@@QAE_NPAVcMagKernel@@@Z;cMagGameObject::DeleteSun;0x10029ae0;0x44;__thiscall;;bool;cMagGameObject*;cMagKernel*
?DeleteSky@cMagGameObject@@QAE_NPAVcMagKernel@@@Z;cMagGameObject::DeleteSky;0x10029b30;0x44;__thiscall;;bool;cMagGameObject*;cMagKernel*
?GetTerrain@cMagGameObject@@QAEPAVMagTerrain@@XZ;cMagGameObject::GetTerrain;0x10029b80;0xe;__thiscall;;MagTerrain*;cMagGameObject*
?GetLensFlare@cMagGameObject@@QAEPAVCLensFlare@@XZ;cMagGameObject::GetLensFlare;0x10029b90;0xe;__thiscall;;CLensFlare*;cMagGameObject*
?GetSun@cMagGameObject@@QAEPAVcMagSun@@XZ;cMagGameObject::GetSun;0x10029ba0;0xe;__thiscall;;cMagSun*;cMagGameObject*
?GetSky@cMagGameObject@@QAEPAVcMagSkyBox@@XZ;cMagGameObject::GetSky;0x10029bb0;0xe;__thiscall;;cMagSkyBox*;cMagGameObject*
?GetFog@cMagGameObject@@QAEPAVcMagFog@@XZ;cMagGameObject::GetFog;0x10029bc0;0xe;__thiscall;;cMagFog*;cMagGameObject*
?ClearTextures@cMagGameObject@@QAEXXZ;cMagGameObject::ClearTextures;0x10029bd0;0xb;__thiscall;;void;cMagGameObject*
?EnableSkyRendering@cMagGameObject@@QAEX_N@Z;cMagGameObject::EnableSkyRendering;0x10029be0;0x21;__thiscall;;void;cMagGameObject*;bool
?EnableSunRendering@cMagGameObject@@QAEX_N@Z;cMagGameObject::EnableSunRendering;0x10029c10;0x23;__thiscall;;void;cMagGameObject*;bool
?EnableLensFlareRendering@cMagGameObject@@QAEX_N@Z;cMagGameObject::EnableLensFlareRendering;0x10029c40;0x2c;__thiscall;;void;cMagGameObject*;bool
?EnableFog@cMagGameObject@@QAEX_N@Z;cMagGameObject::EnableFog;0x10029c70;0x25;__thiscall;;void;cMagGameObject*;bool
?ExitGame@cMagGameObject@@QAEXXZ;cMagGameObject::ExitGame;0x10029ca0;0x9;__thiscall;;void;cMagGameObject*
?GetDistanceTo@cMagGameObject@@QAEMPADUD3DXVECTOR3@@@Z;cMagGameObject::GetDistanceTo;0x10029cb0;0xb0;__thiscall;;float;cMagGameObject*;char*;D3DXVECTOR3
?GetDistanceTo@cMagGameObject@@QAEMPAV1@UD3DXVECTOR3@@@Z;cMagGameObject::GetDistanceTo;0x10029d60;0x56;__thiscall;;float;cMagGameObject*;D3DXVECTOR3
?GetDistanceTo@cMagGameObject@@QAEXPADUD3DXVECTOR3@@AAV?$vector@MV?$allocator@M@std@@@std@@@Z;cMagGameObject::GetDistanceTo;0x10029dc0;0x232;__thiscall;;void;cMagGameObject*;char*;D3DXVECTOR3;std::vector<float>
?RenderTiled@cMagGameObject@@QAEJPBDPAUIDirect3DDevice8@@H@Z;cMagGameObject::RenderTiled;0x1002a000;0x393;__thiscall;;long;cMagGameObject*;char*;IDirect3DDevice8*;int
?ScaleRender@cMagGameObject@@QAEJXZ;cMagGameObject::ScaleRender;0x1002a3a0;0x325;__thiscall;;long;cMagGameObject*
?AddLight@cMagGameObject@@QAEXPAU_LIGHT@@@Z;cMagGameObject::AddLight;0x1002a6d0;0x14;__thiscall;;void;cMagGameObject*;_LIGHT*
?ClearMeshList@cMagGameObject@@QAEXXZ;cMagGameObject::ClearMeshList;0x1002a6f0;0xb;__thiscall;;void;cMagGameObject*
?SetActiveCamera@cMagGameObject@@QAEXPAVCCamera@@@Z;cMagGameObject::SetActiveCamera;0x1002a700;0x2f;__thiscall;;void;cMagGameObject*;CCamera*
?GetActiveCamera@cMagGameObject@@QAEPAVCCamera@@XZ;cMagGameObject::GetActiveCamera;0x1002a730;0xe;__thiscall;;CCamera*;cMagGameObject*
?UpdateActiveCamera@cMagGameObject@@QAEXXZ;cMagGameObject::UpdateActiveCamera;0x1002a740;0x9b;__thiscall;;void;cMagGameObject*
?RenderActiveCamera@cMagGameObject@@QAEXXZ;cMagGameObject::RenderActiveCamera;0x1002a7e0;0x22;__thiscall;;void;cMagGameObject*
?RotateVector@cMagGameObject@@QAE?AUD3DXVECTOR3@@PBU2@PAU2@M@Z;cMagGameObject::RotateVector;0x1002a810;0x5d;__thiscall;;D3DXVECTOR3;cMagGameObject*;D3DXVECTOR3*;D3DXVECTOR3*;float
?GetLevelDirectory@cMagGameObject@@QAEPADXZ;cMagGameObject::GetLevelDirectory;0x1002a870;0xd;__thiscall;;char*;cMagGameObject*
?SetMagWindowTitle@cMagGameObject@@QAEXPAD@Z;cMagGameObject::SetMagWindowTitle;0x1002a880;0x1b;__thiscall;;void;cMagGameObject*;char*
?DXDiags@cMagGameObject@@QAEXXZ;cMagGameObject::DXDiags;0x1002a8a0;0x19e;__thiscall;;void;cMagGameObject*
?InitMusicManager@cMagGameObject@@QAE_NXZ;cMagGameObject::InitMusicManager;0x1002aa40;0xce;__thiscall;;bool;cMagGameObject*
?DestroyMusicManager@cMagGameObject@@QAEXXZ;cMagGameObject::DestroyMusicManager;0x1002ab10;0x36;__thiscall;;void;cMagGameObject*
?GetMusicManager@cMagGameObject@@QAEPAVCMusicManager@@XZ;cMagGameObject::GetMusicManager;0x1002ab50;0xe;__thiscall;;uchar;cMagGameObject*
?InitSoundManager@cMagGameObject@@QAE_NXZ;cMagGameObject::InitSoundManager;0x1002ab60;0xac;__thiscall;;bool;cMagGameObject*
?DestroySoundManager@cMagGameObject@@QAEXXZ;cMagGameObject::DestroySoundManager;0x1002ac10;0x2b;__thiscall;;void;cMagGameObject*
?GetSoundManager@cMagGameObject@@QAEPAVCSoundManager@@XZ;cMagGameObject::GetSoundManager;0x1002ac40;0xe;__thiscall;;CSoundManager*;cMagGameObject*
?SetPlayerObject@cMagGameObject@@QAEXPAVcMagMeshObject@@@Z;cMagGameObject::MememberPlayerObject;0x1002ac50;0x14;__thiscall;;void;cMagGameObject*;cMagMeshObject*
?GetPlayerObject@cMagGameObject@@QAEPAVcMagMeshObject@@XZ;cMagGameObject::GetPlayerObject;0x1002ac70;0xe;__thiscall;;cMagMeshObject*;cMagGameObject*
?EnableLinkMeshToSector@cMagGameObject@@QAEX_N@Z;cMagGameObject::EnableLinkMeshToSector;0x1002ac80;0x14;__thiscall;;void;cMagGameObject*;bool
?EnableLinkMeshToSector@cMagGameObject@@QAE_NXZ;cMagGameObject::EnableLinkMeshToSector;0x1002aca0;0xe;__thiscall;;bool;cMagGameObject*
?LinkMeshToSector@cMagGameObject@@QAEXXZ;cMagGameObject::LinkMeshToSector;0x1002acb0;0x5;__thiscall;;void;cMagGameObject*
?InSector@cMagSector@@QAE_NUD3DXVECTOR3@@00@Z;cMagGameObject::InSector;0x1002acc0;0x64;__thiscall;;bool;cMagGameObject*;D3DXVECTOR3;D3DXVECTOR3;D3DXVECTOR3
?SetState@cMagGameObject@@QAEXPAD@Z;cMagGameObject::SetState;0x1002ad30;0xf9;__thiscall;;void;cMagGameObject*;char*
?SetState@cMagGameObject@@QAEXPAVCState@@@Z;cMagGameObject::SetState;0x1002ae30;0xb0;__thiscall;;void;cMagGameObject*;CState*
?GetAllFaceCount@cMagGameObject@@QAEHXZ;cMagGameObject::GetAllFaceCount;0x1002aee0;0x3e;__thiscall;;int;cMagGameObject*
?CreateDxFont@cMagGameObject@@QAEXXZ;cMagGameObject::CreateDxFont;0x1002af20;0x35c;__thiscall;;void;cMagGameObject*
?EnableCallHandlerWindowKey@cMagGameObject@@QAEXPAV1@@Z;cMagGameObject::EnableCallHandlerWindowKey;0x1002b280;0x14;__thiscall;;void;cMagGameObject*;cMagGameObject*
?EnableHandlerOnFrame1@cMagGameObject@@QAEXPAV1@@Z;cMagGameObject::EnableHandlerOnFrame1;0x1002b2a0;0x14;__thiscall;;void;cMagGameObject*;cMagGameObject*
?DrawBigSquareShadow@cMagGameObject@@QAEXXZ;cMagGameObject::DrawBigSquareShadow;0x1002b2c0;0x2a8;__thiscall;;void;cMagGameObject*
?CreateBigSquareShadow@cMagGameObject@@QAEXXZ;cMagGameObject::CreateBigSquareShadow;0x1002b570;0x18b;__thiscall;;void;cMagGameObject*
?EnableBigSquareShadow@cMagGameObject@@QAEX_N@Z;cMagGameObject::EnableBigSquareShadow;0x1002b700;0xd;__thiscall;;void;cMagGameObject*;bool
?CreateTextureFromFileInZip@cMagGameObject@@QAEJPAUIDirect3DDevice8@@PBD1PAPAUIDirect3DTexture8@@@Z;cMagGameObject::CreateTextureFromFileInZip;0x1002b710;0xf3;__thiscall;;long;cMagGameObject*;IDirect3DDevice8*;char*;char*;IDirect3DTexture8**
;FUN_1002b810;0x1002b810;0x3d;__fastcall;;uchar;int
;FUN_1002b850;0x1002b850;0x182;__thiscall;;int;void*;int
;FUN_1002b9e0;0x1002b9e0;0x83;__thiscall;;uchar*;void*;uchar*
;FUN_1002ba70;0x1002ba70;0x288;__thiscall;;int;int;int
;std_vector<CLensFlareSpot>::FUN_1002bd00;0x1002bd00;0x2b1;__thiscall;;int;std_vector<CLensFlareSpot>*;std_vector<CLensFlareSpot>*
;FUN_1002bfc0;0x1002bfc0;0x1ff;__thiscall;;void*;void*;void*;uint;uint
;FUN_1002c1c0;0x1002c1c0;0x115;__thiscall;;void*;void*;uint;uint
;FUN_1002c2e0;0x1002c2e0;0x1c;__stdcall;;uchar;uint;uint
;FUN_1002c300;0x1002c300;0x197;__thiscall;;uint*;void*;uint*;uint*
;FUN_1002c4a0;0x1002c4a0;0x21;__fastcall;;int;int
;FUN_1002c4d0;0x1002c4d0;0x21;__fastcall;;int;int
;FUN_1002c500;0x1002c500;0x29;__stdcall;;uchar;int*;int*
;FUN_1002c530;0x1002c530;0x3e;__stdcall;;cMagGameObject*;cMagGameObject*;cMagGameObject*;cMagGameObject*
;FUN_1002c570;0x1002c570;0x204;__thiscall;;uchar;void*;uint*;uint;uint*
;FUN_1002c780;0x1002c780;0x6;__stdcall;;uint
;FUN_1002c790;0x1002c790;0x1c8;__cdecl;;cMagGameObject*;cMagGameObject*;cMagGameObject*;cMagGameObject*
;FUN_1002c960;0x1002c960;0x202;__cdecl;;uchar;cMagGameObject*;cMagGameObject*
;FUN_1002cb70;0x1002cb70;0x165;__cdecl;;void;CLensFlareSpot*;CLensFlareSpot*
;FUN_1002cce0;0x1002cce0;0x11b;__thiscall;;cMagGameObject*;void*;cMagGameObject*
;FUN_1002ce00;0x1002ce00;0x1e;__thiscall;;CLensFlareSpot*;void*;uchar
?Init@cMagInput@@QAE_NPAUHWND__@@PAUHINSTANCE__@@@Z;cMagInput::Init;0x1002ce60;0x130;__thiscall;;bool;cMagInput*;HWND__*;HINSTANCE__*
?Kill@cMagInput@@QAE_NXZ;cMagInput::Kill;0x1002cf90;0x53;__thiscall;;bool;cMagInput*
?Update@cMagInput@@QAE_NXZ;cMagInput::Update;0x1002cff0;0xda;__thiscall;;bool;cMagInput*
?IsKeyDown@cMagInput@@QAE_NXZ;cMagInput::IsKeyDown;0x1002d0d0;0x18;__thiscall;;bool;cMagInput*
;FUN_1002d100;0x1002d100;0xa;__stdcall;;uchar
;FUN_1002d110;0x1002d110;0xc;__stdcall;;uchar
;FUN_1002d140;0x1002d140;0xa;__stdcall;;uchar
;FUN_1002d150;0x1002d150;0xc;__stdcall;;uchar
??0cMagUtility@@QAE@XZ;cMagUtility::cMagUtility;0x1002d170;0x7e;__thiscall;;uchar;cMagUtility*
??1cMagUtility@@UAE@XZ;cMagUtility::~cMagUtility;0x1002d1f0;0xb;__thiscall;;void;cMagUtility*
?InitDeviceDx@cMagUtility@@QAEXPAVcMagGameObject@@@Z;cMagUtility::InitDeviceDx;0x1002d200;0xd;__thiscall;;void;cMagUtility*;cMagGameObject*
?D3DUtil_InitMaterial@cMagUtility@@QAEXAAU_D3DMATERIAL8@@MMMM@Z;cMagUtility::D3DUtil_InitMaterial;0x1002d210;0x43;__thiscall;;void;cMagUtility*;_D3DMATERIAL8*;float;float;float;float
?D3DUtil_InitLight@cMagUtility@@QAEXAAU_D3DLIGHT8@@W4_D3DLIGHTTYPE@@MMM@Z;cMagUtility::D3DUtil_InitLight;0x1002d260;0x72;__thiscall;;void;cMagUtility*;uchar;_D3DLIGHTTYPE;float;float;float
?CreateQuad@cMagUtility@@QAEJPAPAUIDirect3DVertexBuffer8@@W4_D3DPOOL@@MKPAUIDirect3DDevice8@@MM_N@Z;cMagUtility::CreateQuad;0x1002d2e0;0x381;__thiscall;;long;cMagUtility*;IDirect3DVertexBuffer8**;D3DPOOL;float;ulong;IDirect3DDevice8*;float;float;bool
??0cMagVertex@@QAE@XZ;cMagVertex::cMagVertex;0x1002d670;0x52;__thiscall;;uchar;cMagVertex*
??0cMagVertex@@QAE@MMMMMMKKMM@Z;cMagVertex::cMagVertex;0x1002d6d0;0x78;__thiscall;;uchar;cMagVertex*;float;float;float;float;float;float;ulong;ulong;float;float
??1cMagVertex@@UAE@XZ;cMagVertex::~cMagVertex;0x1002d750;0xb;__thiscall;;void;cMagVertex*
?Set@cMagVertex@@QAEXMMMMMMKKMM@Z;cMagVertex::Set;0x1002d760;0x67;__thiscall;;void;cMagVertex*;float;float;float;float;float;float;ulong;ulong;float;float
??0cMagLine@@QAE@AAV0@@Z;cMagLine::cMagLine;0x1002d7d0;0x2cb;__thiscall;;uchar;cMagLine*;cMagLine*
;cMagLine::scalar_destructor;0x1002daa0;0x57;__thiscall;;cMagLine*;cMagLine*;uchar
??0cMagLine@@QAE@XZ;cMagLine::cMagLine;0x1002db00;0x5d;__thiscall;;uchar;cMagLine*
?InitDeviceDx@cMagLine@@QAEXPAVcMagGameObject@@@Z;cMagLine::InitDeviceDx;0x1002db60;0x1d;__thiscall;;void;cMagLine*;cMagGameObject*
??0cMagLine@@QAE@MMMKMMMK@Z;cMagLine::cMagLine;0x1002db80;0xaf;__thiscall;;uchar;cMagLine*;float;float;float;ulong;float;float;float;ulong
??1cMagLine@@UAE@XZ;cMagLine::~cMagLine;0x1002dc30;0x65;__thiscall;;void;cMagLine*
?SetProps@cMagLine@@QAEXMMMKMMMK@Z;cMagLine::SetProps;0x1002dca0;0x53;__thiscall;;void;cMagLine*;float;float;float;ulong;float;float;float;ulong
?GetProps@cMagLine@@QAEXAAM00AAK0001@Z;cMagLine::GetProps;0x1002dd00;0x63;__thiscall;;void;cMagLine*;float*;float*;float*;ulong*;float*;float*;float*;ulong*
?Render@cMagLine@@QAEJXZ;cMagLine::Render;0x1002dd70;0x11f;__thiscall;;uint;cMagLine*
?LoadBitmapToSurface@cMagUtility@@QAEHPADPAPAUIDirect3DSurface8@@PAUIDirect3DDevice8@@@Z;cMagUtility::LoadBitmapToSurface;0x1002de90;0xff;__thiscall;;int;cMagUtility*;char*;IDirect3DSurface8**;uchar
?LoadAlphabet@cMagUtility@@QAEJPADHH@Z;cMagUtility::LoadAlphabet;0x1002df90;0xe0;__thiscall;;long;cMagUtility*;char*;int;int
?UnloadAlphabet@cMagUtility@@QAEJXZ;cMagUtility::UnloadAlphabet;0x1002e070;0x2b;__thiscall;;long;cMagUtility*
?PrintChar@cMagUtility@@QAEXHHDHKPAKH@Z;cMagUtility::PrintChar;0x1002e0a0;0x1d0;__thiscall;;void;cMagUtility*;int;int;char;int;ulong;ulong*;int
?PrintString@cMagUtility@@QAEXHHPADHKPAKH@Z;cMagUtility::PrintString;0x1002e270;0x7f;__thiscall;;void;cMagUtility*;int;int;char*;int;ulong;ulong*;int
?CopySurfaceToSurface@cMagUtility@@QAEJPAUtagRECT@@PAUIDirect3DSurface8@@PAUtagPOINT@@1HK@Z;cMagUtility::CopySurfaceToSurface;0x1002e2f0;0x20a;__thiscall;;long;cMagUtility*;tagRECT*;IDirect3DSurface8*;tagPOINT*;IDirect3DSurface8*;int;ulong
;FUN_1002e540;0x1002e540;0xa;__stdcall;;uchar
;FUN_1002e550;0x1002e550;0xc;__stdcall;;uchar
;FUN_1002e580;0x1002e580;0xa;__stdcall;;uchar
;FUN_1002e590;0x1002e590;0xc;__stdcall;;uchar
??0MagGrid@@QAE@XZ;MagGrid::MagGrid;0x1002e5b0;0x35;__thiscall;;uchar;MagGrid*
??1MagGrid@@UAE@XZ;MagGrid::~MagGrid;0x1002e5f0;0x33;__thiscall;;void;MagGrid*
?Create@MagGrid@@QAEJHHM@Z;MagGrid::Create;0x1002e630;0x1a;__thiscall;;long;MagGrid*;int;int;float
?InitDeviceObjects@MagGrid@@QAEJPAUIDirect3DDevice8@@@Z;MagGrid::InitDeviceObjects;0x1002e650;0x16;__thiscall;;long;MagGrid*;IDirect3DDevice8*
?BuildVertexBuffer@MagGrid@@IAEJXZ;MagGrid::BuildVertexBuffer;0x1002e670;0x342;__thiscall;;long;MagGrid*
?Render@MagGrid@@QAEJXZ;MagGrid::Render;0x1002e9c0;0x140;__thiscall;;long;MagGrid*
;FUN_1002eb40;0x1002eb40;0xa;__stdcall;;uchar
;FUN_1002eb50;0x1002eb50;0xc;__stdcall;;uchar
;FUN_1002eb80;0x1002eb80;0xa;__stdcall;;uchar
;FUN_1002eb90;0x1002eb90;0xc;__stdcall;;uchar
??0CSimpleLine@@QAE@XZ;CSimpleLine::CSimpleLine;0x1002ebb0;0xf1;__thiscall;;uchar;CSimpleLine*
??1CSimpleLine@@UAE@XZ;CSimpleLine::~CSimpleLine;0x1002ecb0;0x7e;__thiscall;;void;CSimpleLine*
?OnRender@CSimpleLine@@UAEXXZ;CSimpleLine::OnRender;0x1002ed30;0x10;__thiscall;;void;CSimpleLine*
?SetParams@CSimpleLine@@QAEXUD3DXVECTOR3@@0K@Z;CSimpleLine::SetParams;0x1002ed40;0x4f;__thiscall;;void;CSimpleLine*;uint;uint;uint;uint;uint;uint;uint
?Create@CSimpleLine@@QAEJHHM@Z;CSimpleLine::Create;0x1002ed90;0x23;__thiscall;;long;CSimpleLine*;int;int;float
?InitDeviceObjects@CSimpleLine@@QAEJPAUIDirect3DDevice8@@@Z;CSimpleLine::InitDeviceObjects;0x1002edc0;0x19;__thiscall;;long;CSimpleLine*;IDirect3DDevice8*
?BuildVertexBuffer@CSimpleLine@@QAEJQAMH@Z;CSimpleLine::BuildVertexBuffer;0x1002ede0;0x159;__thiscall;;long;CSimpleLine*;float*;int
?Render@CSimpleLine@@QAEJXZ;CSimpleLine::Render;0x1002ef40;0x2dd;__thiscall;;long;CSimpleLine*
?CreateSphere@CSimpleLine@@QAEXUD3DXVECTOR3@@HHH@Z;CSimpleLine::CreateSphere;0x1002f220;0x3b1;__thiscall;;void;CSimpleLine*;D3DXVECTOR3;int;int;int
?CreateCircle@CSimpleLine@@AAEXPAGPAVVertex3D@@UD3DXVECTOR3@@22HH@Z;CSimpleLine::CreateCircle;0x1002f5e0;0x18f;__thiscall;;void;CSimpleLine*;short*;float*;float;float;float;uint;float
?SetPosition@CSimpleLine@@QAEXUD3DXVECTOR3@@@Z;CSimpleLine::SetPosition;0x1002f770;0x54;__thiscall;;void;CSimpleLine*;uint;uint;uint
?DrawTriangle@CSimpleLine@@QAEXPAVMagnumMesh@@H@Z;CSimpleLine::DrawTriangle;0x1002f7d0;0x310;__thiscall;;void;CSimpleLine*;MagnumMesh*;int
?Line@CSimpleLine@@QAEXUD3DXVECTOR3@@0PAD@Z;CSimpleLine::Line;0x1002fae0;0x61;__thiscall;;void;CSimpleLine*;D3DXVECTOR3;D3DXVECTOR3;char*
?EnableRendering@CSimpleLine@@QAEX_N@Z;CSimpleLine::EnableRendering;0x1002fb50;0xd;__thiscall;;void;CSimpleLine*;bool
?SetTexture@CSimpleLine@@QAEXPAD@Z;CSimpleLine::SetTexture;0x1002fb60;0x1d;__thiscall;;void;CSimpleLine*;char*
?Arrow@CSimpleLine@@QAEXUD3DXVECTOR3@@00PAD@Z;CSimpleLine::Arrow;0x1002fb80;0x29f;__thiscall;;void;CSimpleLine*;D3DXVECTOR3;D3DXVECTOR3;D3DXVECTOR3;char*
?BuildArrowVertexBuffer@CSimpleLine@@QAEXQAMH@Z;CSimpleLine::BuildArrowVertexBuffer;0x1002fe20;0x173;__thiscall;;void;CSimpleLine*;float*;int
?BuildVertexBuffer@CSimpleLine@@QAEJAAV?$vector@UD3DXVECTOR3@@V?$allocator@UD3DXVECTOR3@@@std@@@std@@@Z;CSimpleLine::BuildVertexBuffer;0x1002ffa0;0x17f;__thiscall;;long;CSimpleLine*;vector<struct_D3DXVECTOR3,class_std::allocator<struct_D3DXVECTOR3>_>*
?SetPrimitiveType@CSimpleLine@@QAEXW4_D3DPRIMITIVETYPE@@@Z;CSimpleLine::SetPrimitiveType;0x10030120;0xd;__thiscall;;void;CSimpleLine*;D3DPRIMITIVETYPE
?SetPointSize@CSimpleLine@@QAEXM@Z;CSimpleLine::SetPointSize;0x10030130;0xd;__thiscall;;void;CSimpleLine*;float
?BuildPointsVertexBuffer@CSimpleLine@@QAEJAAV?$vector@UD3DXVECTOR3@@V?$allocator@UD3DXVECTOR3@@@std@@@std@@@Z;CSimpleLine::BuildPointsVertexBuffer;0x10030140;0x16a;__thiscall;;long;CSimpleLine*;std::vector<D3DXVECTOR3>*
?PolyLine@CSimpleLine@@QAEXAAV?$vector@UD3DXVECTOR3@@V?$allocator@UD3DXVECTOR3@@@std@@@std@@PAD@Z;CSimpleLine::PolyLine;0x100302b0;0x27;__thiscall;;void;CSimpleLine*;vector<struct_D3DXVECTOR3,class_std::allocator<struct_D3DXVECTOR3>_>*;char*
?SetPosition@CSimpleLine@@QAEXHUD3DXVECTOR3@@@Z;CSimpleLine::SetPosition;0x100302e0;0x61;__thiscall;;void;CSimpleLine*
?EnableZBuffer@CSimpleLine@@QAEX_N@Z;CSimpleLine::EnableZBuffer;0x10030350;0xd;__thiscall;;void;CSimpleLine*;bool
??0cMagLog@@QAE@XZ;cMagLog::cMagLog;0x10030390;0x1b;__thiscall;;uchar;cMagLog*
?DeleteLog@cMagLog@@QAEXXZ;cMagLog::DeleteLog;0x100303b0;0x40;__thiscall;;void;cMagLog*
?DataLog@cMagLog@@QAAXPBDZZ;cMagLog::DataLog;0x100303f0;0x65;__cdecl;varargs;void;cMagLog*;char*
?CrashLog@cMagLog@@QAAXPBDZZ;cMagLog::CrashLog;0x10030460;0x77;__cdecl;varargs;void;cMagLog*;char*
?TextureErrorLog@cMagLog@@QAAXPBDZZ;cMagLog::TextureErrorLog;0x100304e0;0x77;__cdecl;varargs;void;cMagLog*;char*
?TexturesLog@cMagLog@@QAAXPBDZZ;cMagLog::TexturesLog;0x10030560;0x77;__cdecl;varargs;void;cMagLog*;char*
?OutputLog@cMagLog@@QAAXPBDZZ;cMagLog::FileLog;0x100305e0;0x76;__cdecl;varargs;void;cMagLog*;char*
?DummyLog@cMagLog@@QAAXPBDZZ;cMagLog::DummyLog;0x10030660;0x77;__cdecl;varargs;void;cMagLog*;char*
?DebugLog@cMagLog@@QAAXPBDZZ;cMagLog::DebugLog;0x100306e0;0x44;__cdecl;varargs;void;cMagLog*;char*
?DebugLog@cMagLog@@QAEXUD3DXMATRIX@@@Z;cMagLog::DebugLog;0x10030730;0x3;__thiscall;;void;cMagLog*;D3DXMATRIX
?DebugLog@cMagLog@@QAEXUD3DXVECTOR3@@@Z;MagnumMesh::CalculateDynamicVertexColor;0x10030740;0x3;__thiscall;;void
?ClientServerLog@cMagLog@@QAAXPBDZZ;cMagLog::ClientServerLog;0x10030750;0x77;__cdecl;varargs;void;cMagLog*;char*
?ReadSettings@cMagLog@@QAEXPAD@Z;cMagLog::ReadSettings;0x100307d0;0x9c;__thiscall;;void;cMagLog*;char*
;FUN_10030880;0x10030880;0xa;__stdcall;;uchar
;FUN_10030890;0x10030890;0xc;__stdcall;;uchar
;FUN_100308c0;0x100308c0;0xa;__stdcall;;uchar
;FUN_100308d0;0x100308d0;0xc;__stdcall;;uchar
;FUN_10030900;0x10030900;0xa;__stdcall;;uchar
;FUN_10030910;0x10030910;0xc;__stdcall;;uchar
??0cBlob@@QAE@XZ;cBlob::cBlob;0x10030930;0x29e;__thiscall;;uchar;cBlob*
??1cBlob@@UAE@XZ;cBlob::~cBlob;0x10030bd0;0xb;__thiscall;;void;cBlob*
?InitBlob@cBlob@@QAEXPADPAVcMagMeshObject@@@Z;cBlob::InitBlob;0x10030be0;0x5d;__thiscall;;void;cBlob*;char*;cMagMeshObject*
;Catch@10030c3d;0x10030c3d;0x21;__fastcall;;uchar*;cMagLog*
;FUN_10030c61;0x10030c61;0x2b;__fastcall;;uchar;cMagLog*
?SetPosition@cBlob@@QAEXUD3DXVECTOR3@@@Z;cBlob::SetPosition;0x10030c90;0x8e;__thiscall;;void;cBlob*;uint;uint;uint
?GetPosition@cBlob@@UAE?AUD3DXVECTOR3@@XZ;cBlob::GetPosition;0x10030d20;0x21;__thiscall;;uchar;cBlob*;uint*
?SetScale@cBlob@@QAEXUD3DXVECTOR3@@@Z;cBlob::SetScale;0x10030d50;0x85;__thiscall;;void;cBlob*;uint;uint;uint
?GetScale@cBlob@@QAE?AUD3DXVECTOR3@@XZ;cBlob::GetScale;0x10030de0;0x21;__thiscall;;uchar;cBlob*;uint*
?SetBlobAlpha@cBlob@@QAEXH@Z;cBlob::SetBlobAlpha;0x10030e10;0x17;__thiscall;;void;cBlob*;int
?EnableRendering@cBlob@@QAEX_N@Z;cBlob::EnableRendering;0x10030e30;0xd;__thiscall;;void;cBlob*;bool
?Render@cBlob@@QAEXXZ;cBlob::Render;0x10030e40;0x181;__thiscall;;void;cBlob*
?Align@cBlob@@QAEXUD3DXVECTOR3@@@Z;cBlob::Align;0x10030fd0;0x31c;__thiscall;;void;cBlob*;float;float;float
?SelectFile3DM@cBlob@@QAE_NPAUMesh@@UD3DXVECTOR3@@1PAM@Z;cBlob::SelectFile3DM;0x100312f0;0x162;__thiscall;;int;uint;int;float;float;float;float;float;float;float*
?CreatePickRayInWorldSpace@cBlob@@QAEXUD3DXVECTOR3@@AAU2@1@Z;cBlob::CreatePickRayInWorldSpace;0x10031460;0x15c;__thiscall;;void;cBlob*;uint;uint
?OnRender@cBlob@@UAEXXZ;cBlob::OnRender;0x100315c0;0x4f;__thiscall;;void;cBlob*
?GetDistance@cBlob@@QAEMXZ;cBlob::GetDistance;0x10031610;0xd;__thiscall;;float;cBlob*
;FUN_10031620;0x10031620;0x43;__fastcall;;uchar;int
;FUN_10031670;0x10031670;0x22;__stdcall;;uchar;uint*;uint*
;FUN_100316a0;0x100316a0;0x100;__cdecl;;int;int;int;int
;FUN_100317e0;0x100317e0;0xa;__stdcall;;uchar
;FUN_100317f0;0x100317f0;0xc;__stdcall;;uchar
;FUN_10031820;0x10031820;0xa;__stdcall;;uchar
;FUN_10031830;0x10031830;0xc;__stdcall;;uchar
??0MagnumMesh@@QAE@XZ;MagnumMesh::MagnumMesh;0x10031850;0x53e;__thiscall;;uchar;MagnumMesh*
??1MagnumMesh@@UAE@XZ;MagnumMesh::~MagnumMesh;0x10031d90;0x2cf;__thiscall;;void;MagnumMesh*
?Clear@MagnumMesh@@QAEXXZ;MagnumMesh::Clear;0x10032060;0x1c6;__thiscall;;void;MagnumMesh*
?LoadMagnumMesh@MagnumMesh@@QAE_NPAD@Z;MagnumMesh::LoadMagnumMesh;0x10032230;0x2d3;__thiscall;;bool;MagnumMesh*;char*
?LoadMagnumMeshOld@MagnumMesh@@QAEJPAD@Z;MagnumMesh::LoadMagnumMeshOld;0x10032510;0xb2f;__thiscall;;long;MagnumMesh*;char*
?LoadMagnumMesh3dm@MagnumMesh@@QAEJPAD@Z;MagnumMesh::LoadMagnumMesh3dm;0x10033040;0x16d0;__thiscall;;long;MagnumMesh*;char*
;FUN_10034710;0x10034710;0x3a;__thiscall;;int*;void*;int*
?LoadMagnumMesh3dm_NEW@MagnumMesh@@QAEJPAD@Z;MagnumMesh::LoadMagnumMesh3dm_NEW;0x10034750;0x17a4;__thiscall;;long;MagnumMesh*;char*
?LoadMagMesh@MagnumMesh@@QAEJPAD@Z;MagnumMesh::LoadMagMesh;0x10035f00;0xa1;__thiscall;;long;MagnumMesh*;char*
;Catch@10035fa1;0x10035fa1;0x39;__stdcall;;uchar*
;Catch@10035fda;0x10035fda;0x49;__stdcall;;uchar*
;Catch@10036023;0x10036023;0x1e;__fastcall;;uchar*;cMagLog*
?CreateTextures@MagnumMesh@@QAEJPAD@Z;MagnumMesh::CreateTextures;0x10036060;0x3c8;__thiscall;;long;MagnumMesh*;char*
;Catch@10036428;0x10036428;0x6a;__stdcall;;uchar*
;FUN_10036495;0x10036495;0x47;__stdcall;;uint
?RenderMagMesh@MagnumMesh@@QAEXXZ;MagnumMesh::RenderMagMesh;0x100364e0;0x5;__thiscall;;void;MagnumMesh*
?SetCullMode@MagnumMesh@@QAEXH@Z;MagnumMesh::SetCullMode;0x100364f0;0xd;__thiscall;;void;MagnumMesh*;int
?MagComputeBoundingBox@MagnumMesh@@QAEXAAUD3DXVECTOR3@@0@Z;MagnumMesh::GetVectorMinAndMax;0x10036500;0x39;__thiscall;;void;MagnumMesh*;uchar;uchar
?InitWater@MagnumMesh@@QAEXXZ;MagnumMesh::InitWater;0x10036540;0x2d;__thiscall;;void;MagnumMesh*
?SetMeshAlpha@MagnumMesh@@QAEJH@Z;MagnumMesh::SetAlpha;0x10036570;0xf;__thiscall;;long;MagnumMesh*;int
?RenderWaterAnim@MagnumMesh@@QAEXXZ;MagnumMesh::RenderWaterAnim;0x10036580;0xf0;__thiscall;;void;MagnumMesh*
?SetMultipleTexture@MagnumMesh@@QAEJM@Z;MagnumMesh::SetMultipleTexture;0x10036670;0x103;__thiscall;;long;MagnumMesh*;float
?SetMultipleAndMoveTexture@MagnumMesh@@QAEJMMM@Z;MagnumMesh::SetMultipleAndMoveTexture;0x10036780;0x185;__thiscall;;long;MagnumMesh*;float;float;float
?SetBlendTexture@MagnumMesh@@QAEXXZ;MagnumMesh::SetBlendTexture;0x10036910;0x78;__thiscall;;void;MagnumMesh*
?RenderQuad@MagnumMesh@@QAEXXZ;MagnumMesh::RenderQuad;0x10036990;0x8e;__thiscall;;void;MagnumMesh*
?RenderWaterEfect@MagnumMesh@@QAEXXZ;MagnumMesh::RenderWaterEfect;0x10036a20;0xce;__thiscall;;void;MagnumMesh*
?RenderWaterEfect1@MagnumMesh@@QAEXXZ;MagnumMesh::RenderWaterEfect1;0x10036af0;0xd1;__thiscall;;void;MagnumMesh*
?SetiCount@MagnumMesh@@QAEXH@Z;MagnumMesh::SetiCount;0x10036bd0;0xd;__thiscall;;void;MagnumMesh*;int
?TextureIsRender@MagnumMesh@@QAEHH@Z;MagnumMesh::TextureIsRender;0x10036be0;0x3b;__thiscall;;int;MagnumMesh*;int
?AddWaterTexture@MagnumMesh@@QAEXPAD@Z;MagnumMesh::AddWaterTexture;0x10036c20;0x27e;__thiscall;;void;MagnumMesh*;char*
?SetFadeSpeed@MagnumMesh@@QAEXM@Z;MagnumMesh::SetFadeSpeed;0x10036ea0;0xd;__thiscall;;void;MagnumMesh*;float
?SetOpacity@MagnumMesh@@QAEXM@Z;MagnumMesh::SetOpacity;0x10036eb0;0xd;__thiscall;;void;MagnumMesh*;float
?PlayWaterAnim@MagnumMesh@@QAEXXZ;MagnumMesh::PlayWaterAnim;0x10036ec0;0x8;__thiscall;;void;MagnumMesh*
?StopWaterAnim@MagnumMesh@@QAEXXZ;MagnumMesh::StopWaterAnim;0x10036ed0;0x8;__thiscall;;void;MagnumMesh*
?SetScaleTile@MagnumMesh@@QAEXM@Z;MagnumMesh::SetScaleTile;0x10036ee0;0xd;__thiscall;;void;MagnumMesh*;float
?SetFps@MagnumMesh@@QAEXM@Z;MagnumMesh::SetFps;0x10036ef0;0xd;__thiscall;;void;MagnumMesh*;float
?SetAnimVel@MagnumMesh@@QAEXM@Z;MagnumMesh::SetAnimVel;0x10036f00;0xd;__thiscall;;void;MagnumMesh*;float
?SetSpeedMove@MagnumMesh@@QAEXM@Z;MagnumMesh::SetSpeedMove;0x10036f10;0xd;__thiscall;;void;MagnumMesh*;float
?SetAlpha@MagnumMesh@@QAEXKK@Z;MagnumMesh::SetAlpha;0x10036f20;0x1e;__thiscall;;void;MagnumMesh*;ulong;ulong
?CalculateVertexColor@MagnumMesh@@QAEXXZ;MagnumMesh::CalculateVertexColor;0x10036f40;0x429;__thiscall;;void;MagnumMesh*
;FUN_10037370;0x10037370;0x19;__thiscall;;uchar;void*;uint;uint;uint
;FUN_10037390;0x10037390;0x23;__thiscall;;uchar;void*;float*;float*
;FUN_100373c0;0x100373c0;0x23;__thiscall;;uchar;void*;float*;float
?CalculateColor@MagnumMesh@@QAE?AUD3DXVECTOR3@@U2@0@Z;MagnumMesh::CalculateColor;0x100373f0;0x1f2;__thiscall;;uchar;MagnumMesh*;float*;float;float;float;float;float;float
?Odleglosc@MagnumMesh@@QAEMUD3DXVECTOR3@@0@Z;MagnumMesh::Odleglosc;0x100375f0;0x33;__thiscall;;float10;uint;float;float;float;float;float;float
?SetAlphaGreatereQual@MagnumMesh@@QAEXK@Z;MagnumMesh::SetAlphaGreatereQual;0x10037630;0x13;__thiscall;;void;MagnumMesh*;ulong
?GetAlphaGreatereQual@MagnumMesh@@QAEKXZ;MagnumMesh::GetAlphaGreatereQual;0x10037650;0x7;__thiscall;;ulong;MagnumMesh*
?CreateStaticMesh@MagnumMesh@@QAEXXZ;MagnumMesh::CreateStaticMesh;0x10037660;0x92e;__thiscall;;void;MagnumMesh*
?SetColor@MagnumMesh@@QAEJMMMM@Z;MagnumMesh::SetColor;0x10037fd0;0x120;__thiscall;;long;MagnumMesh*;float;float;float;float
?SetStaticMeshAlpha@MagnumMesh@@QAEJH@Z;MagnumMesh::SetStaticMeshAlpha;0x100380f0;0x1a3;__thiscall;;long;MagnumMesh*;int
?RenderStaticMeshNoTexture@MagnumMesh@@QAEXXZ;MagnumMesh::RenderStaticMeshNoTexture;0x100382a0;0x26d;__thiscall;;void;MagnumMesh*
?Render@MagnumMesh@@QAEXH@Z;MagnumMesh::Render;0x10038510;0x489;__thiscall;;void;MagnumMesh*;int
?RenderStaticMesh@MagnumMesh@@QAEXXZ;MagnumMesh::RenderStaticMesh;0x100389a0;0x9da;__thiscall;;void;MagnumMesh*
?RenderStaticMeshStreamSource@MagnumMesh@@QAEXXZ;MagnumMesh::RenderStaticMeshStreamSource;0x10039380;0x59;__thiscall;;void;MagnumMesh*
?CreateNiceString@MagnumMesh@@QAEPADPAD@Z;MagTextureMgr::CreateNiceString;0x100393e0;0x55;__thiscall;;char*;MagTextureMgr*;char*
?CreateColTypeTexIni@MagnumMesh@@QAEXPAD@Z;MagnumMesh::CreateColTypeTexIni;0x10039440;0x269;__thiscall;;void;MagnumMesh*;char*
;FUN_100396b0;0x100396b0;0x14;__fastcall;;uchar;int
?LoadColTypeTexIni@MagnumMesh@@QAEXPAD@Z;MagnumMesh::LoadColTypeTexIni;0x100396d0;0x37a;__thiscall;;void;MagnumMesh*;char*
?TransformHelpers@MagnumMesh@@QAEXUD3DXMATRIX@@@Z;MagnumMesh::TransformHelpers;0x10039a50;0x18;__thiscall;;void;MagnumMesh*;uchar
?GetHelperPosition@MagnumMesh@@QAE?AUD3DXVECTOR3@@PADUD3DXMATRIX@@@Z;MagnumMesh::GetHelperPosition;0x10039a70;0x130;__thiscall;;uchar;MagnumMesh*;uint*;uchar*
?TestVector@MagnumMesh@@QAE_NUD3DXVECTOR3@@000@Z;MagnumMesh::TestVector;0x10039ba0;0xd2;__thiscall;;ulonglong;uchar;uint;uint;uint;uint;uint;uint;uint;uint;uint;uint;uint;uint
?EnableBlur@MagnumMesh@@QAEX_N@Z;MagnumMesh::EnableBlur;0x10039c80;0xd;__thiscall;;void;MagnumMesh*;bool
?EnableEnviromentMapping@MagnumMesh@@QAEX_N@Z;MagnumMesh::EnableEnviromentMapping;0x10039c90;0xd;__thiscall;;void;MagnumMesh*;bool
?SetEnviromentMappingTexture@MagnumMesh@@QAEXPAD@Z;MagnumMesh::SetEnviromentMappingTexture;0x10039ca0;0x24;__thiscall;;void;MagnumMesh*;char*
?ActivateLightMap@MagnumMesh@@QAEXH@Z;MagnumMesh::ActivateLightMap;0x10039cd0;0x6d;__thiscall;;void;MagnumMesh*;int
?EnableAnimTexture@MagnumMesh@@QAEX_N@Z;MagnumMesh::EnableAnimTexture;0x10039d40;0xd;__thiscall;;void;MagnumMesh*;bool
?AddAnimTexture@MagnumMesh@@QAEXPAD@Z;MagnumMesh::AddAnimTexture;0x10039d50;0x1c7;__thiscall;;void;MagnumMesh*;char*
?SetAnimTextureFPS@MagnumMesh@@QAEXH@Z;MagnumMesh::SetAnimTextureFPS;0x10039f20;0xd;__thiscall;;void;MagnumMesh*;int
?SetAnimTextureFrameCount@MagnumMesh@@QAEXH@Z;MagnumMesh::SetAnimTextureFrameCount;0x10039f30;0xd;__thiscall;;void;MagnumMesh*;int
?EnableAnimTextureMove@MagnumMesh@@QAEX_N@Z;MagnumMesh::EnableAnimTextureMove;0x10039f40;0xd;__thiscall;;void;MagnumMesh*;bool
?Pause@MagnumMesh@@QAEX_N@Z;MagnumMesh::Pause;0x10039f50;0x45;__thiscall;;void;MagnumMesh*;bool
?SetAnimTextureLightMap@MagnumMesh@@QAEXPAUIDirect3DTexture8@@@Z;MagnumMesh::SetAnimTextureLightMap;0x10039fa0;0xd;__thiscall;;void;MagnumMesh*;uchar
?SetBumpMap@MagnumMesh@@QAEXPAUIDirect3DTexture8@@@Z;MagnumMesh::SetBumpMap;0x10039fb0;0xd;__thiscall;;void;MagnumMesh*;uchar
?SetDetailTile@MagnumMesh@@QAEXM@Z;MagnumMesh::SetDetailTile;0x10039fc0;0xd;__thiscall;;void;MagnumMesh*;float
;FUN_10039fd0;0x10039fd0;0xf;__fastcall;;uchar;int
;FUN_10039fe0;0x10039fe0;0x8d;__thiscall;;int*;void*;uint;int
;Catch@1003a06d;0x1003a06d;0x29;__stdcall;;uchar*
;FUN_1003a09c;0x1003a09c;0x9f;__stdcall;;uchar
;FUN_1003a140;0x1003a140;0x51;__fastcall;;int*;int*
;FUN_1003a1a0;0x1003a1a0;0x25;__stdcall;;uchar;int
;std_basic_ifstream::read;0x1003a1d0;0x65;__thiscall;;int*;void*;uint;int
;Catch@1003a235;0x1003a235;0x29;__stdcall;;uchar*
;FUN_1003a264;0x1003a264;0x3e;__stdcall;;uchar
;FUN_1003a2b0;0x1003a2b0;0x10d;__fastcall;;uchar;int
;FUN_1003a420;0x1003a420;0xb3;__thiscall;;int*;void*;uint;char;char;int
;FUN_1003a4e0;0x1003a4e0;0x19b;__thiscall;;uint;void*;char*
;FUN_1003a680;0x1003a680;0xb;__fastcall;;uchar;exception*
;FUN_1003a6b0;0x1003a6b0;0x1e;__thiscall;;exception*;void*;uchar
;FUN_1003a6f0;0x1003a6f0;0x114;__thiscall;;uint*;void*;int;uint;uint
;FUN_1003a860;0x1003a860;0x35;__thiscall;;char*;void*;char*;char*
;FUN_1003a8c0;0x1003a8c0;0x35;__thiscall;;char*;void*;char*;char*
;FUN_1003a900;0x1003a900;0x1e;__thiscall;;uint*;void*;uchar
;FUN_1003a920;0x1003a920;0x24;__fastcall;;uchar;uint*
;FUN_1003a950;0x1003a950;0x61;__fastcall;;uchar;int
;FUN_1003a9c0;0x1003a9c0;0xb0;__thiscall;;int*;void*;uint;char;int
;FUN_1003aa70;0x1003aa70;0x256;__thiscall;;uint;void*;char
;Catch@1003ac53;0x1003ac53;0x29;__stdcall;;uchar*
;FUN_1003ad00;0x1003ad00;0x19;__fastcall;;uint*;uint*;uchar;uchar
;FUN_1003ad20;0x1003ad20;0x2f;__fastcall;;int;int*
;FUN_1003ad50;0x1003ad50;0x20;__fastcall;;uint;int*
;FUN_1003ad70;0x1003ad70;0x13f;__thiscall;;int*;void*;uchar*;int;uint
;Catch@1003aeaf;0x1003aeaf;0x29;__stdcall;;uchar*
;FUN_1003aedb;0x1003aedb;0x51;__stdcall;;uchar
;FUN_1003af30;0x1003af30;0x1f2;__thiscall;;uint*;void*;int
;std_basic_ifstream::std_basic_ifstream;0x1003b130;0xd0;__thiscall;;void*;void*;uint;uint
;std_basic_ifstream::close;0x1003b200;0x9c;__fastcall;;int;int
;FUN_1003b2a0;0x1003b2a0;0x45;__thiscall;;uint*;void*;uint*;uint*
;FUN_1003b2f0;0x1003b2f0;0x45;__thiscall;;uint*;void*;uint*;uint*
;FUN_1003b340;0x1003b340;0x45;__thiscall;;uint*;void*;uint*;uint*
;FUN_1003b390;0x1003b390;0x330;__thiscall;;uchar;void*;uint*;uint;uint*
;FUN_1003b6c0;0x1003b6c0;0x23a;__thiscall;;uchar;void*;uint*;uint;uint*
;FUN_1003b900;0x1003b900;0x22e;__fastcall;;uchar;void*
;FUN_1003bb30;0x1003bb30;0x16;__thiscall;;int*;void*;int*
;FUN_1003bb50;0x1003bb50;0x33f;__thiscall;;uint*;void*;uint*;uint;char*
;FUN_1003be90;0x1003be90;0x337;__thiscall;;uchar;void*;uint*;uint;uint*
;FUN_1003c1d0;0x1003c1d0;0x34a;__thiscall;;uchar;void*;uint*;uint;uint*
;FUN_1003c520;0x1003c520;0x33e;__thiscall;;uint*;void*;uint*;uint;uint*
;FUN_1003c860;0x1003c860;0x3a;__thiscall;;int*;void*;int*
;FUN_1003c8a0;0x1003c8a0;0x2d;__thiscall;;uchar;void*;uint;uint;uint;uint;uint;uint
;FUN_1003c8d0;0x1003c8d0;0x39;__stdcall;;uchar;uint*;int;uint*
;FUN_1003c910;0x1003c910;0x32;__stdcall;;uchar;uint*;int;uint*
;FUN_1003c950;0x1003c950;0x20;__thiscall;;uchar;void*;uint;int;int
;FUN_1003c970;0x1003c970;0x1c;__thiscall;;uchar;void*;int;int
;FUN_1003c990;0x1003c990;0x220;__cdecl;;uint*;int*;uint;char*
;FUN_1003cbb0;0x1003cbb0;0x37;__cdecl;;uint*;uint*;uint*;uint*
;FUN_1003cbf0;0x1003cbf0;0x37;__cdecl;;uint*;uint*;uint*;uint*
;FUN_1003cc30;0x1003cc30;0x10f;__cdecl;;uint*;uint*;uint;uint
;FUN_1003cd40;0x1003cd40;0x18;__cdecl;;uchar;uint*;uint*
;FUN_1003cd60;0x1003cd60;0x6a;__thiscall;;uint*;void*;uint
;FUN_1003ce20;0x1003ce20;0x1e;__thiscall;;uint*;void*;uchar
;FUN_1003ce40;0x1003ce40;0x7;__fastcall;;uchar;uint*
;FUN_1003ce50;0x1003ce50;0x80;__cdecl;;int;int
;FUN_1003ced0;0x1003ced0;0x80;__cdecl;;int;int
;FUN_1003cf50;0x1003cf50;0x96;__stdcall;;uchar
;FUN_1003cff0;0x1003cff0;0x96;__stdcall;;uchar
;FUN_1003d0c0;0x1003d0c0;0xc;__stdcall;;uchar
;FUN_1003d0d0;0x1003d0d0;0xc;__stdcall;;uchar
;FUN_1003d0f0;0x1003d0f0;0xa;__stdcall;;uchar
;FUN_1003d100;0x1003d100;0xc;__stdcall;;uchar
;FUN_1003d130;0x1003d130;0xa;__stdcall;;uchar
;FUN_1003d140;0x1003d140;0xc;__stdcall;;uchar
;FUN_1003d160;0x1003d160;0x1e;__thiscall;;cMagGameObject*;void*;uchar
;CAlphaObject::CAlphaObject;0x1003d180;0x28;__thiscall;;CAlphaObject*;CAlphaObject*;uint;uint
;CAlphaObject::~CAlphaObject;0x1003d1b0;0xb;__thiscall;;void;CAlphaObject*
;FUN_1003d1c0;0x1003d1c0;0x4a5;__fastcall;;uchar;int
;FUN_1003d6b0;0x1003d6b0;0xa;__stdcall;;uchar
;FUN_1003d6c0;0x1003d6c0;0xc;__stdcall;;uchar
;FUN_1003d6f0;0x1003d6f0;0xa;__stdcall;;uchar
;FUN_1003d700;0x1003d700;0xc;__stdcall;;uchar
??0cStaticMesh@@QAE@XZ;cStaticMesh::cStaticMesh;0x1003d720;0x301;__thiscall;;uchar;cStaticMesh*
;FUN_1003da30;0x1003da30;0x3b;__cdecl;;uchar;D3DXMATRIX*
??1cStaticMesh@@UAE@XZ;cStaticMesh::~cStaticMesh;0x1003da70;0x271;__thiscall;;void;cStaticMesh*
?Load@cStaticMesh@@QAE_NPAD@Z;cStaticMesh::Load;0x1003dcf0;0x27e;__thiscall;;bool;cStaticMesh*;char*
?LoadOld@cStaticMesh@@QAE_NPAD@Z;cStaticMesh::LoadOld;0x1003df70;0xbbf;__thiscall;;bool;cStaticMesh*;char*
?LoadNew@cStaticMesh@@QAE_NPAD@Z;cStaticMesh::LoadNew;0x1003eb30;0xc90;__thiscall;;bool;cStaticMesh*;char*
?LoadDummy@cStaticMesh@@QAEXXZ;cStaticMesh::LoadDummy;0x1003f7c0;0x3bc;__thiscall;;void;cStaticMesh*
?LoadLightmap@cStaticMesh@@QAEXPAD@Z;cStaticMesh::LoadLightmap;0x1003fb80;0x9a0;__thiscall;;void;cStaticMesh*;char*
?GetSurfaceCount@cStaticMesh@@QAEHXZ;cStaticMesh::GetSurfaceCount;0x10040520;0x7;__thiscall;;int;cStaticMesh*
?GetVertexCount@cStaticMesh@@QAEHXZ;cStaticMesh::GetVertexCount;0x10040530;0x7;__thiscall;;int;cStaticMesh*
?GetFacesCount@cStaticMesh@@QAEHXZ;cStaticMesh::GetFacesCount;0x10040540;0x7;__thiscall;;int;cStaticMesh*
?Create@cStaticMesh@@QAE_NXZ;cStaticMesh::Create;0x10040550;0x686;__thiscall;;bool;cStaticMesh*
?ComputeBoundingBox@cStaticMesh@@QAEXAAUD3DXVECTOR3@@0@Z;cStaticMesh::ComputeBoundingBox;0x10040c40;0x39;__thiscall;;void;cStaticMesh*;uchar;uchar
?Update@cStaticMesh@@QAEXUD3DXMATRIX@@@Z;cStaticMesh::Update;0x10040c80;0x376;__thiscall;;void;cStaticMesh*;uchar
?Render@cStaticMesh@@QAEXUD3DXMATRIX@@PAUIDirect3DTexture8@@@Z;cStaticMesh::Render;0x10041000;0x6f;__thiscall;;void;cStaticMesh*;uchar;uchar;uchar;uchar;uchar;uchar;uchar;uchar;uchar;uint
?TestDistance@cStaticMesh@@QAE_NUD3DXVECTOR3@@0M@Z;cStaticMesh::TestDistance;0x10041070;0x664;__thiscall;;int;cStaticMesh*;float;float;float;float;float;float
;FUN_100416e0;0x100416e0;0x25;__cdecl;;float10;float*
?CreateColTypeTexIni@cStaticMesh@@QAEXPAD@Z;cStaticMesh::CreateColTypeTexIni;0x10041710;0x269;__thiscall;;void;cStaticMesh*;char*
?LoadColTypeTexIni@cStaticMesh@@QAEXPAD@Z;cStaticMesh::LoadColTypeTexIni;0x10041980;0x37a;__thiscall;;void;cStaticMesh*;char*
?SetAlpha@cStaticMesh@@QAE_NH@Z;cStaticMesh::SetAlpha;0x10041d00;0x5e;__thiscall;;bool;cStaticMesh*;int
?SetMultiple@cStaticMesh@@QAE_NM@Z;cStaticMesh::SetMultiple;0x10041d60;0x5e;__thiscall;;bool;cStaticMesh*;float
?SetAnimTextureLightMap@cStaticMesh@@QAEXPAUIDirect3DTexture8@@@Z;cStaticMesh::SetAnimTextureLightMap;0x10041dc0;0xd;__thiscall;;void;cStaticMesh*;uchar
;FUN_10041dd0;0x10041dd0;0x4b;__fastcall;;void;vector*
;FUN_10041e20;0x10041e20;0x51;__thiscall;;uchar*;void*;uchar
;FUN_10041e80;0x10041e80;0x46;__thiscall;;uint*;void*;uint*;uint*
;FUN_10041ed0;0x10041ed0;0x38;__thiscall;;uchar;void*;uint*;uint*
;FUN_10041f10;0x10041f10;0x45;__thiscall;;uint*;void*;uint*;uint*
;FUN_10041f60;0x10041f60;0x233;__thiscall;;int;void*;uint*;uint*
;FUN_100421a0;0x100421a0;0x21;__fastcall;;int;int
;FUN_100421d0;0x100421d0;0x32;__stdcall;;uchar;uint*;int;uint*
;FUN_10042210;0x10042210;0x32;__stdcall;;uchar;uint*;int;uint*
;FUN_10042280;0x10042280;0xc;__stdcall;;uchar
;FUN_10042290;0x10042290;0xc;__stdcall;;uchar
;FUN_100422b0;0x100422b0;0xa;__stdcall;;uchar
;FUN_100422c0;0x100422c0;0xc;__stdcall;;uchar
;FUN_100422f0;0x100422f0;0xa;__stdcall;;uchar
;FUN_10042300;0x10042300;0xc;__stdcall;;uchar
;FUN_10042430;0x10042430;0xc1;__fastcall;;uchar;uint*
;FUN_10042500;0x10042500;0x5d0;__thiscall;;uchar;void*;uint;uint
;FUN_10042ad0;0x10042ad0;0xe4;__fastcall;;uint;int
;FUN_10042bc0;0x10042bc0;0x149;__fastcall;;uint;int
;FUN_10042d10;0x10042d10;0x905;__fastcall;;uchar;int
;FUN_10043620;0x10043620;0x33b;__fastcall;;uchar;int
;FUN_10043960;0x10043960;0xa;__thiscall;;uchar;void*;uchar
;FUN_10043970;0x10043970;0x30a;__fastcall;;uchar;int
;FUN_10043c80;0x10043c80;0x159;__fastcall;;uchar;cMagLog*
;FUN_10043de0;0x10043de0;0x19d;__fastcall;;uchar;int
;FUN_10043fb0;0x10043fb0;0xc;__stdcall;;uchar
;FUN_10043fc0;0x10043fc0;0xc;__stdcall;;uchar
;FUN_10043fe0;0x10043fe0;0xa;__stdcall;;uchar
;FUN_10043ff0;0x10043ff0;0xc;__stdcall;;uchar
;FUN_10044020;0x10044020;0xa;__stdcall;;uchar
;FUN_10044030;0x10044030;0xc;__stdcall;;uchar
??0cMagMeshMgr@@QAE@XZ;cMagMeshMgr::cMagMeshMgr;0x10044050;0x163;__thiscall;;uchar;cMagMeshMgr*
??1cMagMeshMgr@@UAE@XZ;cMagMeshMgr::~cMagMeshMgr;0x100441c0;0x65;__thiscall;;void;cMagMeshMgr*
?GetMesh@cMagMeshMgr@@QAEPAVcStaticMesh@@PAD@Z;cMagMeshMgr::GetMesh;0x10044230;0x62;__thiscall;;cStaticMesh*;cMagMeshMgr*;char*
?LoadMesh@cMagMeshMgr@@QAEPAVcStaticMesh@@PAD0H@Z;cMagMeshMgr::LoadMesh;0x100442a0;0x3e8;__thiscall;;cStaticMesh*;cMagMeshMgr*;char*;char*;int
?IsMesh@cMagMeshMgr@@QAE_NPADAAH@Z;cMagMeshMgr::IsMesh;0x10044690;0x6b;__thiscall;;bool;cMagMeshMgr*;char*;int*
?Clear@cMagMeshMgr@@QAEXXZ;cMagMeshMgr::Clear;0x10044700;0x9f;__thiscall;;void;cMagMeshMgr*
;FUN_100447a0;0x100447a0;0x32;__stdcall;;uchar;uint*;int;uint*
;FUN_100447e0;0x100447e0;0x18;__cdecl;;uchar;uint*;uint*
;FUN_10044840;0x10044840;0xa;__stdcall;;uchar
;FUN_10044850;0x10044850;0xc;__stdcall;;uchar
;FUN_10044880;0x10044880;0xa;__stdcall;;uchar
;FUN_10044890;0x10044890;0xc;__stdcall;;uchar
;_new;0x100448d0;0xe;__cdecl;;uchar;uint
;_delete;0x100448e0;0x14;__cdecl;;void;void*
;FUN_10044900;0x10044900;0x61;__fastcall;;uint*;uint*
;FUN_10044970;0x10044970;0x24;__thiscall;;uint*;void*;uchar
;FUN_100449a0;0x100449a0;0x109;__fastcall;;uchar;uint*
;FUN_10044ab0;0x10044ab0;0xb;__stdcall;;uchar
;FUN_10044ac0;0x10044ac0;0x32;__fastcall;;uchar;int
;FUN_10044b40;0x10044b40;0xa;__stdcall;;uchar
;FUN_10044b50;0x10044b50;0xc;__stdcall;;uchar
;FUN_10044b80;0x10044b80;0xa;__stdcall;;uchar
;FUN_10044b90;0x10044b90;0xc;__stdcall;;uchar
??0cMagPortal@@QAE@ABV0@@Z;cMagPortal::cMagPortal;0x10044bb0;0x20e;__thiscall;;uchar;cMagPortal*;cMagPortal*
??4cMagPortal@@QAEAAV0@ABV0@@Z;cMagPortal::operator=;0x10044dc0;0x210;__thiscall;;cMagPortal*;cMagPortal*;cMagPortal*
;cMagPortal::scalar_destructor;0x10044fd0;0x57;__thiscall;;cMagPortal*;cMagPortal*;uchar
??0cMagPortal@@QAE@XZ;cMagPortal::cMagPortal;0x10045030;0x18f;__thiscall;;uchar;cMagPortal*
??1cMagPortal@@UAE@XZ;cMagPortal::~cMagPortal;0x100451c0;0x5a;__thiscall;;void;cMagPortal*
?SetName@cMagPortal@@QAEXPAD0@Z;cMagPortal::SetName;0x10045220;0x59;__thiscall;;void;cMagPortal*;char*;char*
?SetPortalMatrTransform@cMagPortal@@QAEXUD3DXMATRIX@@@Z;cMagPortal::SetPortalMatrTransform;0x10045280;0x18;__thiscall;;void;cMagPortal*;uchar
?SetPortalBoundingBox@cMagPortal@@QAEXUD3DXVECTOR3@@0@Z;cMagPortal::SetPortalBoundingBox;0x100452a0;0x37;__thiscall;;void;cMagPortal*;uint;uint;uint;uint;uint;uint
?SetPortal@cMagPortal@@QAEXPAVcMagMeshObject@@@Z;cMagPortal::SetPortal;0x100452e0;0xd;__thiscall;;void;cMagPortal*;cMagMeshObject*
?OnActivateLevel@cMagPortal@@UAEXXZ;cMagPortal::OnActivateLevel;0x100452f0;0x2ae;__thiscall;;void;cMagPortal*
?OnRender@cMagPortal@@UAEXXZ;cMagPortal::OnRender;0x100455a0;0x351;__thiscall;;void;cMagPortal*
?TestVisibilityMesh@cMagPortal@@QAEXXZ;cMagPortal::TestVisibilityMesh;0x10045900;0x16e;__thiscall;;void;cMagPortal*
;FUN_10045ab0;0x10045ab0;0xa;__stdcall;;uchar
;FUN_10045ac0;0x10045ac0;0xc;__stdcall;;uchar
;FUN_10045af0;0x10045af0;0xa;__stdcall;;uchar
;FUN_10045b00;0x10045b00;0xc;__stdcall;;uchar
??0cMagSector@@QAE@XZ;cMagSector::cMagSector;0x10045b20;0x96;__thiscall;;uchar;cMagSector*
??1cMagSector@@UAE@XZ;cMagSector::~cMagSector;0x10045bc0;0xb;__thiscall;;void;cMagSector*
?OnRender@cMagSector@@UAEXXZ;cMagSector::OnRender;0x10045bd0;0x13b;__thiscall;;void;cMagSector*
?GetParentSector@cMagSector@@QAEPAVcMagMeshObject@@XZ;cMagSector::GetParentSector;0x10045d10;0x7;__thiscall;;cMagMeshObject*;cMagSector*
?GetBoundingBoxSector@cMagSector@@QAEXAAUD3DXVECTOR3@@0AAUD3DXMATRIX@@@Z;cMagSector::GetBoundingBoxSector;0x10045d20;0x117;__thiscall;;void;cMagSector*;uchar;uchar;uchar
?EnableSectorRendering@cMagSector@@QAE_NXZ;cMagSector::EnableSectorRendering;0x10045e40;0x12;__thiscall;;bool;cMagSector*
?DisableRenderingOtherSector@cMagSector@@QAEXXZ;cMagSector::DisableRenderingOtherSector;0x10045e60;0x8a;__thiscall;;void;cMagSector*
?TestSectorName@cMagSector@@QAE_NPAD@Z;cMagSector::TestSectorName;0x10045ef0;0x195;__thiscall;;bool;cMagSector*;char*
?EnableRenderingChildSector@cMagSector@@QAEX_N@Z;cMagSector::EnableRenderingChildSector;0x10046090;0x1af;__thiscall;;void;cMagSector*;bool
?SetSector@cMagSector@@QAEXPAVcMagMeshObject@@@Z;cMagSector::SetSector;0x10046240;0x2b;__thiscall;;void;cMagSector*;cMagMeshObject*
;FUN_100462c0;0x100462c0;0x10;__fastcall;;uchar;uint*
;FUN_100462d0;0x100462d0;0xf;__fastcall;;uchar;int
;FUN_100462e0;0x100462e0;0x32;__thiscall;;uint;void*;uint
;FUN_10046360;0x10046360;0x3b;__fastcall;;uchar;int
;FUN_100463a0;0x100463a0;0x22;__fastcall;;uint*;uint*
;FUN_100463d0;0x100463d0;0x47;__fastcall;;uchar;cMagLog*
;FUN_10046420;0x10046420;0x1b8;__fastcall;;int;int
;FUN_100465e0;0x100465e0;0x506;__thiscall;;char*;void*;int;int
;FUN_10046af0;0x10046af0;0xad;__fastcall;;uchar;cMagLog*
;FUN_10046ba0;0x10046ba0;0x502;__thiscall;;uchar;void*;int;int
;FUN_100470b0;0x100470b0;0x6c;__thiscall;;uchar;void*;uint
;FUN_10047120;0x10047120;0x49;__thiscall;;uchar;void*;float
;FUN_10047170;0x10047170;0xd;__thiscall;;uchar;void*;uchar
;FUN_10047180;0x10047180;0x21;__thiscall;;uchar;void*;uint;uint;uint
;FUN_100471b0;0x100471b0;0xd0e;__thiscall;;uchar;void*;uint;uint
;FUN_10047ec0;0x10047ec0;0x4a4;__thiscall;;uchar;void*;uint
;FUN_10048370;0x10048370;0x1a;__fastcall;;int;int
;FUN_10048390;0x10048390;0x5;__fastcall;;uchar;cMagLog*
;FUN_100483a0;0x100483a0;0x1a;__thiscall;;uchar;void*;int
;FUN_100483c0;0x100483c0;0x7a;__thiscall;;uchar;void*;uint
;FUN_10048440;0x10048440;0x29;__stdcall;;int;int
;FUN_10048480;0x10048480;0xa;__stdcall;;uchar
;FUN_10048490;0x10048490;0xc;__stdcall;;uchar
;FUN_100484c0;0x100484c0;0xa;__stdcall;;uchar
;FUN_100484d0;0x100484d0;0xc;__stdcall;;uchar
;FUN_100484f0;0x100484f0;0x225;__fastcall;;uint*;uint*
;FUN_10048720;0x10048720;0x140;__fastcall;;uchar;cMagLog*
;FUN_10048860;0x10048860;0x85;__thiscall;;uchar;void*;uint;uint
;FUN_100488f0;0x100488f0;0x6a;__thiscall;;uchar;void*;uint;uint
;FUN_10048960;0x10048960;0x33;__thiscall;;uchar;void*;uint;uint*;uint*
;FUN_100489a0;0x100489a0;0xcf;__thiscall;;uchar;void*;uint;int
;FUN_10048a70;0x10048a70;0xeb;__thiscall;;uchar;void*;int
;FUN_10048b60;0x10048b60;0x918;__thiscall;;uchar;void*;uchar;uchar;uchar;uchar;uchar;uchar;uchar;uchar;uchar;uint
;FUN_10049480;0x10049480;0x2e;__stdcall;;uchar;uint;uint
;FUN_100494b0;0x100494b0;0x23;__thiscall;;bool;void*;uchar*;uint*;uint*
;FUN_100494e0;0x100494e0;0x7a;__thiscall;;uint;void*;uchar*;uchar*;uint*;uint*
;FUN_10049560;0x10049560;0x14;__thiscall;;uchar;void*;float
;FUN_10049580;0x10049580;0x3d;__stdcall;;uchar;void*;float
;FUN_100495c0;0x100495c0;0x1e;__thiscall;;uchar;void*;uint;uint;uint
;FUN_100495e0;0x100495e0;0x51;__stdcall;;uchar;void*;uint;uint;uint
;FUN_10049640;0x10049640;0x3d;__stdcall;;uchar;void*;uint
;FUN_10049680;0x10049680;0x14;__thiscall;;uchar;void*;uint
;FUN_100496e0;0x100496e0;0xa;__stdcall;;uchar
;FUN_100496f0;0x100496f0;0xc;__stdcall;;uchar
;FUN_10049720;0x10049720;0xa;__stdcall;;uchar
;FUN_10049730;0x10049730;0xc;__stdcall;;uchar
;FUN_10049750;0x10049750;0x260;__fastcall;;uint*;uint*
;FUN_100499b0;0x100499b0;0x1e;__thiscall;;cMagLog*;void*;uchar
;FUN_100499d0;0x100499d0;0x143;__fastcall;;uchar;cMagLog*
;FUN_10049b20;0x10049b20;0x17b;__thiscall;;uint;void*;char*;uint
;FUN_10049ca0;0x10049ca0;0xd47;__fastcall;;uint;void*
;FUN_1004aab0;0x1004aab0;0x176;__thiscall;;uint;void*;char*;int
;FUN_1004ac30;0x1004ac30;0x2b;__thiscall;;uchar;void*;uint;uint;uint;uint
;FUN_1004ac60;0x1004ac60;0x2b;__thiscall;;uchar;void*;uint;uint;uint;uint
;FUN_1004ac90;0x1004ac90;0x2b;__thiscall;;uchar;void*;uint;uint;uint;uint
;FUN_1004acc0;0x1004acc0;0x2b;__thiscall;;uchar;void*;uint;uint;uint;uint
;FUN_1004acf0;0x1004acf0;0x327;__thiscall;;uchar;void*
;FUN_1004b020;0x1004b020;0x29;__fastcall;;uchar;int;uchar;uchar
;FUN_1004b050;0x1004b050;0x83;__thiscall;;uchar;void*;int
;FUN_1004b0e0;0x1004b0e0;0x34;__thiscall;;uchar;void*;uint
;FUN_1004b120;0x1004b120;0x7;__fastcall;;uint;int
;FUN_1004b130;0x1004b130;0x42;__fastcall;;int;void*
;FUN_1004b180;0x1004b180;0x57;__thiscall;;uint;void*;uchar*;uint*;uint*
;FUN_1004b1e0;0x1004b1e0;0x7d;__thiscall;;uint;void*;uchar*;uint;uint*;uint*
;FUN_1004b260;0x1004b260;0x1d;__thiscall;;uchar;void*;uint;uint;uint
;FUN_1004b280;0x1004b280;0xca;__thiscall;;uchar;void*;uchar;uchar;uchar;uchar;uchar;uchar;uchar;uchar;uchar;uint;uint;uint;uint
;FUN_1004b350;0x1004b350;0xab;__fastcall;;uchar;int;uchar;uchar
;FUN_1004b400;0x1004b400;0xd;__thiscall;;uchar;void*;uchar
;FUN_1004b410;0x1004b410;0x3e;__thiscall;;uchar;void*;float
;FUN_1004b450;0x1004b450;0x48;__thiscall;;uchar;void*;uint;uint;uint
;FUN_1004b4a0;0x1004b4a0;0x3e;__thiscall;;uchar;void*;uint
;FUN_1004b4e0;0x1004b4e0;0x377;__thiscall;;uchar;void*;uint*;uchar*
;FUN_1004b890;0x1004b890;0xc;__stdcall;;uchar
;FUN_1004b8a0;0x1004b8a0;0xc;__stdcall;;uchar
;FUN_1004b8c0;0x1004b8c0;0xa;__stdcall;;uchar
;FUN_1004b8d0;0x1004b8d0;0xc;__stdcall;;uchar
;FUN_1004b900;0x1004b900;0xa;__stdcall;;uchar
;FUN_1004b910;0x1004b910;0xc;__stdcall;;uchar
;FUN_1004b930;0x1004b930;0x6b;__fastcall;;uint*;uint*
;FUN_1004b9a0;0x1004b9a0;0x70;__fastcall;;uchar;cMagLog*
;FUN_1004ba10;0x1004ba10;0x411;__thiscall;;uint;void*;uint
;FUN_1004be30;0x1004be30;0x1d1;__thiscall;;uchar;void*;int
;FUN_1004c010;0x1004c010;0x494;__fastcall;;uchar;int
;FUN_1004c4b0;0x1004c4b0;0x1e2;__fastcall;;uchar;int
;FUN_1004c6a0;0x1004c6a0;0x20;__fastcall;;uchar;int
;FUN_1004c6c0;0x1004c6c0;0x723;__thiscall;;uchar;void*;uchar;uchar;uchar;uchar;uchar;uchar;uchar;uchar;uchar;uint;uint;uint;uint
;FUN_1004cdf0;0x1004cdf0;0x8c;__stdcall;;uchar;short*;uint*;short;short
;FUN_1004ce80;0x1004ce80;0x56;__fastcall;;uint;int
;FUN_1004cee0;0x1004cee0;0x153;__fastcall;;uchar;int
;FUN_1004d070;0x1004d070;0x12;__thiscall;;uchar;void*;uint;uint
;FUN_1004d090;0x1004d090;0x13;__thiscall;;uchar;void*;uint*
;FUN_1004d0b0;0x1004d0b0;0x18;__thiscall;;uchar;void*;float*
;FUN_1004d0d0;0x1004d0d0;0x17;__thiscall;;uchar;void*;float
;FUN_1004d0f0;0x1004d0f0;0x37;__cdecl;;void*;void*;uint*;float*
;FUN_1004d130;0x1004d130;0x43;__fastcall;;pgVec2*;pgVec2*
;FUN_1004d180;0x1004d180;0x19;__thiscall;;uchar;void*;uint;uint;uint
;FUN_1004d1a0;0x1004d1a0;0xa;__thiscall;;int;void*;int
;FUN_1004d1b0;0x1004d1b0;0x19;__thiscall;;uchar;void*;uint*
;FUN_1004d1d0;0x1004d1d0;0x21;__thiscall;;uchar;void*;float*
;FUN_1004d200;0x1004d200;0x36;__cdecl;;uint;float*;float*
;FUN_1004d240;0x1004d240;0x36;__cdecl;;uint;float*;float*
;FUN_1004d280;0x1004d280;0x37;__cdecl;;void*;void*;uint*;float*
;FUN_1004d2c0;0x1004d2c0;0x3d;__fastcall;;float*;float*
;FUN_1004d300;0x1004d300;0x15;__cdecl;;float10;float*;float*
;FUN_1004d320;0x1004d320;0x1d;__cdecl;;float10;float*;float*
;FUN_1004d340;0x1004d340;0x4a;__cdecl;;void*;void*;float*;float*
;FUN_1004d390;0x1004d390;0x2c5;__thiscall;;bool;void*;float*;uint*;int*;float*
;FUN_1004d660;0x1004d660;0x100;__thiscall;;uint;void*;float*
;FUN_1004d760;0x1004d760;0x40;__thiscall;;uchar;void*;float*
;FUN_1004d7a0;0x1004d7a0;0x6a;__thiscall;;uint;void*;void*
;FUN_1004d810;0x1004d810;0x18d;__thiscall;;uint;void*;void*;int;float
;FUN_1004d9a0;0x1004d9a0;0xc0;__thiscall;;uchar;void*;int
;FUN_1004da60;0x1004da60;0x7d;__thiscall;;uchar;void*;float*
;FUN_1004dae0;0x1004dae0;0x69;__cdecl;;uchar;int;int
;FUN_1004db50;0x1004db50;0x18c;__stdcall;;void*;void*;void*;uint*
;FUN_1004dce0;0x1004dce0;0x2d9;__thiscall;;void*;void*;float*
;FUN_1004dfc0;0x1004dfc0;0xd1;__thiscall;;uchar;void*;uint*;float
;FUN_1004e0a0;0x1004e0a0;0x26d;__thiscall;;uint;void*;int*;void*;int*;void*;uint*
;FUN_1004e310;0x1004e310;0xd5;__stdcall;;uint;void*;uint*;uint;uint*
;FUN_1004e3f0;0x1004e3f0;0x380;__fastcall;;uchar;int
;FUN_1004e770;0x1004e770;0xe;__thiscall;;uchar;void*;uint*
;FUN_1004e780;0x1004e780;0x5b;__thiscall;;uchar;void*;uint*;int;uint*
;FUN_1004e7e0;0x1004e7e0;0x44;__thiscall;;uchar;void*;uint*;int*;int*
;FUN_1004e830;0x1004e830;0x2c;__cdecl;;uint*;uint*;uint*;uint*
;FUN_1004e860;0x1004e860;0x4f;__cdecl;;uchar;void*;uint*
;FUN_1004e8b0;0x1004e8b0;0xc1;__cdecl;;uchar;uint*;int
;FUN_1004e990;0x1004e990;0xa;__stdcall;;uchar
;FUN_1004e9a0;0x1004e9a0;0xc;__stdcall;;uchar
;FUN_1004e9d0;0x1004e9d0;0xa;__stdcall;;uchar
;FUN_1004e9e0;0x1004e9e0;0xc;__stdcall;;uchar
??4cTGA@@QAEAAV0@ABV0@@Z;cTGA::operator=;0x1004ea00;0xd;__thiscall;;cTGA*;cTGA*;cTGA*
??0CPhysicsMotorboat@@QAE@ABV0@@Z;CPhysicsMotorboat::CPhysicsMotorboat;0x1004ea10;0xd9;__thiscall;;uchar;CPhysicsMotorboat*;CPhysicsMotorboat*
??4CPhysicsMotorboat@@QAEAAV0@ABV0@@Z;CPhysicsMotorboat::operator=;0x1004eaf0;0xdc;__thiscall;;CPhysicsMotorboat*;CPhysicsMotorboat*;CPhysicsMotorboat*
;CPhysicsMotorboat::scalar_destructor;0x1004ebd0;0x57;__thiscall;;CPhysicsMotorboat*;CPhysicsMotorboat*;uchar
;FUN_1004ec30;0x1004ec30;0x1e;__thiscall;;uint*;void*;uchar
;_Java_MeshObject_SetPosition@12;0x1004ec50;0x5b;__stdcall;;uchar;uint;uint;uint
;_Java_MeshObject_GetDirection@8;0x1004ecb0;0x4e;__stdcall;;uchar;uint;uint
;_Java_MeshObject_SetSpeedValue@12;0x1004ed00;0x26;__stdcall;;uchar;uint;uint;float
;_Java_MeshObject_GetSpeedValue@8;0x1004ed30;0x21;__stdcall;;float10;uint;uint
;_Java_MeshObject_InitAnimSeq@20;0x1004ed60;0x68;__stdcall;;uchar;uint;uint;uint;int;int
;_Java_MeshObject_SetAnimMorphTime@12;0x1004edd0;0x26;__stdcall;;uchar;uint;uint;float
;_Java_MeshObject_PlayAnim__Ljava_lang_String_2@12;0x1004ee00;0x58;__stdcall;;uchar;uint;uint;uint
;_Java_MeshObject_SetAnimFreq@16;0x1004ee60;0x60;__stdcall;;uchar;uint;uint;uint;int
;_Java_MeshObject_SetAngSpeed@12;0x1004eec0;0x57;__stdcall;;uchar;uint;uint;uint
;_Java_MeshObject_EnableBlob@12;0x1004ef20;0x33;__stdcall;;uchar;uint;uint;char
;_Java_MeshObject_GetFreeDestinationDir@8;0x1004ef60;0x21;__stdcall;;uchar;uint;uint
;_Java_MeshObject_SetTextureMagQuad@12;0x1004ef90;0x58;__stdcall;;uchar;uint;uint;uint
;_Java_MeshObject_GetCollision@8;0x1004eff0;0x21;__stdcall;;uchar;uint;uint
;_Java_MeshObject_EnableDynamicLight@12;0x1004f020;0x2b;__stdcall;;uchar;uint;uint;char
;_Java_MeshObject_GetLinkParent@8;0x1004f050;0x27;__stdcall;;uint;uint;uint
;_Java_MeshObject_GetAngSpeed@8;0x1004f080;0x4e;__stdcall;;uchar;uint;uint
;_Java_MeshObject_SetMaxAngSpeed@12;0x1004f0d0;0x26;__stdcall;;uchar;uint;uint;float
;_Java_MeshObject_PlaySound@16;0x1004f100;0x30;__stdcall;;uchar;uint;uint;int;char
;_Java_MeshObject_SetColor@24;0x1004f130;0x35;__stdcall;;uchar;uint;uint;float;float;float;float
;_Java_MeshObject_SetMotionRotationAngSpeed@12;0x1004f170;0x57;__stdcall;;uchar;uint;uint;uint
;_Java_MeshObject_GetRotationAngSpeed@8;0x1004f1d0;0x4e;__stdcall;;uchar;uint;uint
;_Java_MeshObject_LoadMesh@12;0x1004f220;0x58;__stdcall;;uchar;uint;uint;uint
;_Java_MeshObject_SetAlpha__I@12;0x1004f280;0x26;__stdcall;;uchar;uint;uint;int
;_Java_MeshObject_SetAlpha__II@16;0x1004f2b0;0x2b;__stdcall;;uchar;uint;uint;ulong;ulong
;_Java_MeshObject_EnableCollisionObjects@12;0x1004f2e0;0x2b;__stdcall;;uchar;uint;uint;char
;_Java_MeshObject_LinkTo@12;0x1004f310;0x38;__stdcall;;uchar;uint;uint;uint
;_Java_MeshObject_SetAlphaGreatereQual@12;0x1004f350;0x26;__stdcall;;uchar;uint;uint;ulong
;_Java_MeshObject_OnPath@12;0x1004f380;0x57;__stdcall;;uchar;uint;uint;uint
;_Java_MeshObject_StopWaterAnim@8;0x1004f3e0;0x21;__stdcall;;uchar;uint;uint
;_Java_MeshObject_GetFreeRotationMatrix@8;0x1004f410;0x21;__stdcall;;uchar;uint;uint
;_Java_MeshObject_SetFps@12;0x1004f440;0x26;__stdcall;;uchar;uint;uint;float
;_Java_MeshObject_SetWayType@12;0x1004f470;0x26;__stdcall;;uchar;uint;uint;uchar
;_Java_MeshObject_SetBlob@12;0x1004f4a0;0x87;__stdcall;;uchar;uint;uint;uint
;_Java_MeshObject_EnablePhysics@12;0x1004f530;0x2b;__stdcall;;uchar;uint;uint;char
;_Java_MeshObject_SetPauseUpdatePhysics@12;0x1004f560;0x2b;__stdcall;;uchar;uint;uint;char
;_Java_MeshObject_SetMoveWater@12;0x1004f590;0x2b;__stdcall;;uchar;uint;uint;char
;_Java_MeshObject_EnableCollision@12;0x1004f5c0;0x2b;__stdcall;;uchar;uint;uint;char
;_Java_MeshObject_SetSlideObject@12;0x1004f5f0;0x38;__stdcall;;uchar;uint;uint;uint
;_Java_MeshObject_EnableDynamicPointLight@12;0x1004f630;0x2b;__stdcall;;uchar;uint;uint;char
;_Java_MeshObject_GetRight@8;0x1004f660;0x4e;__stdcall;;uchar;uint;uint
;_Java_MeshObject_SetAmbient@20;0x1004f6b0;0x30;__stdcall;;uchar;uint;uint;float;float;float
;_Java_MeshObject_SetEnviromentMappingTexture@12;0x1004f6e0;0x58;__stdcall;;uchar;uint;uint;uint
;_Java_MeshObject_SetGravityAcceleration@12;0x1004f740;0x26;__stdcall;;uchar;uint;uint;float
;_Java_MeshObject_GetEulerDirection@12;0x1004f770;0x61;__stdcall;;uchar;uint;uint;uint
;_Java_MeshObject_SetDestRotation@12;0x1004f7e0;0x57;__stdcall;;uchar;uint;uint;uint
;_Java_MeshObject_GetHelperPosition@12;0x1004f840;0x7f;__stdcall;;uint;uint;uint;uint
;_Java_MeshObject_EnableFrustumPhysicsPause__@8;0x1004f8c0;0x21;__stdcall;;uchar;uint;uint
;_Java_MeshObject_EnableFrustumPhysicsPause__Z@12;0x1004f8f0;0x2b;__stdcall;;uchar;uint;uint;char
;_Java_MeshObject_LinkMeshToBone@16;0x1004f920;0x85;__stdcall;;uchar;uint;uint;uint;uint
;_Java_MeshObject_SetSpeed@12;0x1004f9b0;0x57;__stdcall;;uchar;uint;uint;uint
;_Java_MeshObject_SetCollisionType@12;0x1004fa10;0x26;__stdcall;;uchar;uint;uint;uchar
;_Java_MeshObject_SetSafeWayMaxYDifference@12;0x1004fa40;0x26;__stdcall;;uchar;uint;uint;float
;_Java_MeshObject_GetWayType@8;0x1004fa70;0x21;__stdcall;;uchar;uint;uint
;_Java_MeshObject_GetCollisionScene@8;0x1004faa0;0x21;__stdcall;;uchar;uint;uint
;_Java_MeshObject_JumpEnabled@8;0x1004fad0;0x21;__stdcall;;uchar;uint;uint
;_Java_MeshObject_SetScale@12;0x1004fb00;0x57;__stdcall;;uchar;uint;uint;uint
;_Java_MeshObject_SetVolume@16;0x1004fb60;0x2b;__stdcall;;uchar;uint;uint;int;float
;_Java_MeshObject_PhysicsActivityRange@8;0x1004fb90;0x21;__stdcall;;uchar;uint;uint
;_Java_MeshObject_GetOutsideViewPhysicsActivityRange@8;0x1004fbc0;0x21;__stdcall;;float10;uint;uint
;_Java_MeshObject_SetFreeDestinationDir@12;0x1004fbf0;0x2b;__stdcall;;uchar;uint;uint;char
;_Java_MeshObject_GetEllipsoid@8;0x1004fc20;0x4e;__stdcall;;uchar;uint;uint
;_Java_MeshObject_GetUp@8;0x1004fc70;0x4e;__stdcall;;uchar;uint;uint
;_Java_MeshObject_SetScaleTile@12;0x1004fcc0;0x26;__stdcall;;uchar;uint;uint;float
;_Java_MeshObject_PlayMp3Sound@8;0x1004fcf0;0x21;__stdcall;;uchar;uint;uint
;_Java_MeshObject_StopSound@12;0x1004fd20;0x26;__stdcall;;uchar;uint;uint;int
;_Java_MeshObject_AddWaterTexture@12;0x1004fd50;0x58;__stdcall;;uchar;uint;uint;uint
;_Java_MeshObject_GetPatrolPointAt@12;0x1004fdb0;0x34;__stdcall;;uchar;uint;uint;int
;_Java_MeshObject_PlayWaterAnim@8;0x1004fdf0;0x21;__stdcall;;uchar;uint;uint
;_Java_MeshObject_SetOnlyCollidingClass@12;0x1004fe20;0x58;__stdcall;;uchar;uint;uint;uint
;_Java_MeshObject_GetDisabledCollideClass@8;0x1004fe80;0x2f;__stdcall;;uchar;uint;uint
;_Java_MeshObject_GetSafeWayMaxYDifference@8;0x1004feb0;0x21;__stdcall;;float10;uint;uint
;_Java_MeshObject_Detach@8;0x1004fee0;0x21;__stdcall;;uchar;uint;uint
;_Java_MeshObject_Rotate__LVector_2F@16;0x1004ff10;0x5c;__stdcall;;uchar;uint;uint;uint;uint
;_Java_MeshObject_Rotate__FFF@20;0x1004ff70;0x30;__stdcall;;uchar;uint;uint;float;float;float
;_Java_MeshObject_UnLink@8;0x1004ffa0;0x21;__stdcall;;uchar;uint;uint
;_Java_MeshObject_GetBoneWorldRotateMatrix@12;0x1004ffd0;0x7a;__stdcall;;uint;uint;uint;uint
;_Java_MeshObject_GetOnlyCollidingClass@8;0x10050050;0x2f;__stdcall;;uchar;uint;uint
;_Java_MeshObject_DisableCollideClass@12;0x10050080;0x58;__stdcall;;uchar;uint;uint;uint
;_Java_MeshObject_SetFreeRotationMatrix@12;0x100500e0;0x2b;__stdcall;;uchar;uint;uint;char
;_Java_MeshObject_GetPhysicsType@8;0x10050110;0x21;__stdcall;;uchar;uint;uint
;_Java_MeshObject_TraceScene@12;0x10050140;0xa1;__stdcall;;uint;uint;uint;uint
;_Java_MeshObject_SetAlphaMagQuad@12;0x100501f0;0x26;__stdcall;;uchar;uint;uint;float
;_Java_MeshObject_EnableFrustum@12;0x10050220;0x2b;__stdcall;;uchar;uint;uint;char
;_Java_MeshObject_GetSpeedDirection@8;0x10050250;0x4e;__stdcall;;uchar;uint;uint
;_Java_MeshObject_SetCollAction@12;0x100502a0;0x26;__stdcall;;uchar;uint;uint;uchar
;_Java_MeshObject_GetBoneWorldPosition@12;0x100502d0;0x7f;__stdcall;;uint;uint;uint;uint
;_Java_MeshObject_EnableRiverEffect@12;0x10050350;0x2b;__stdcall;;uchar;uint;uint;char
;_Java_MeshObject_SetMotionDirection@12;0x10050380;0x57;__stdcall;;uchar;uint;uint;uint
;_Java_MeshObject_SetLightingObject@12;0x100503e0;0x2b;__stdcall;;uchar;uint;uint;char
;_Java_MeshObject_InitAnimSeq__Ljava_lang_String_2@12;0x10050410;0x5e;__stdcall;;bool;uint;uint;uint
;_Java_MeshObject_EditAnimSeq@20;0x10050470;0x68;__stdcall;;uchar;uint;uint;uint;uint;uint
;_Java_MeshObject_DeleteAnimSeq@12;0x100504e0;0x58;__stdcall;;uchar;uint;uint;uint
;_Java_MeshObject_PlayAnimSeq@16;0x10050540;0x2b;__stdcall;;uchar;uint;uint;int;int
;_Java_MeshObject_DisableDynamicLight@8;0x10050570;0x21;__stdcall;;uchar;uint;uint
;_Java_MeshObject_GetFrustumPhysicsPause@8;0x100505a0;0x21;__stdcall;;uchar;uint;uint
;_Java_MeshObject_SetRight@12;0x100505d0;0x57;__stdcall;;uchar;uint;uint;uint
;_Java_MeshObject_GetCollisionObjects@8;0x10050630;0x21;__stdcall;;uchar;uint;uint
;_Java_MeshObject_PlayAnim@16;0x10050660;0x60;__stdcall;;uchar;uint;uint;uint;int
;_Java_MeshObject_EnablePushing__@8;0x100506c0;0x21;__stdcall;;uchar;uint;uint
;_Java_MeshObject_EnablePushing__Z@12;0x100506f0;0x2b;__stdcall;;uchar;uint;uint;char
;_Java_MeshObject_PlayMorfing@16;0x10050720;0x1d;__stdcall;;uint;uint;uint
;_Java_MeshObject_GetPhysics@8;0x10050740;0x21;__stdcall;;uchar;uint;uint
;_Java_MeshObject_SetMp3Volume@16;0x10050770;0x29;__stdcall;;uchar;uint;uint;longlong
;_Java_MeshObject_SetDestinationDir@12;0x100507a0;0x59;__stdcall;;uchar;uint;uint;uint
;_Java_MeshObject_GetPhysicsFrameTime@8;0x10050800;0x21;__stdcall;;float10;uint;uint
;_Java_MeshObject_SetOutsideViewPhysicsActivityRange@12;0x10050830;0x26;__stdcall;;uchar;uint;uint;float
;_Java_MeshObject_SetEllipsoid@12;0x10050860;0x57;__stdcall;;uchar;uint;uint;uint
;_Java_MeshObject_SetMorfLoop@16;0x100508c0;0x65;__stdcall;;uchar;uint;uint;uint;char
;_Java_MeshObject_GetCollAction@8;0x10050930;0x21;__stdcall;;uchar;uint;uint
;_Java_MeshObject_EnableWaterEffect@12;0x10050960;0x2b;__stdcall;;uchar;uint;uint;char
;_Java_MeshObject_GetParent@8;0x10050990;0x27;__stdcall;;uint;uint;uint
;_Java_MeshObject_GetMaxAngSpeed@8;0x100509c0;0x21;__stdcall;;float10;uint;uint
;_Java_MeshObject_GetFallSpeed@8;0x100509f0;0x4e;__stdcall;;uchar;uint;uint
;_Java_MeshObject_LoadMp3Sound@12;0x10050a40;0x5e;__stdcall;;bool;uint;uint;uint
;_Java_MeshObject_IsPlayingMp3Sound@8;0x10050aa0;0x21;__stdcall;;uchar;uint;uint
;_Java_MeshObject_IsEndMp3Sound@8;0x10050ad0;0x21;__stdcall;;uchar;uint;uint
;_Java_MeshObject_GetMotionRotationAngSpeed@8;0x10050b00;0x4e;__stdcall;;uchar;uint;uint
;_Java_MeshObject_EnableNBFacesCollision__Z@12;0x10050b50;0x2b;__stdcall;;uchar;uint;uint;char
;_Java_MeshObject_EnableNBFacesCollision__@8;0x10050b80;0x21;__stdcall;;uchar;uint;uint
;_Java_MeshObject_GetSlideObject@8;0x10050bb0;0x27;__stdcall;;uint;uint;uint
;_Java_MeshObject_SetBlobAlpha@12;0x10050be0;0x2e;__stdcall;;uchar;uint;uint;int
;_Java_MeshObject_PauseMovableTreeCollision@12;0x10050c10;0x2b;__stdcall;;uchar;uint;uint;char
;_Java_MeshObject_StopAnim@12;0x10050c40;0x58;__stdcall;;uchar;uint;uint;uint
;_Java_MeshObject_SetDestinationPos@16;0x10050ca0;0x5c;__stdcall;;uchar;uint;uint;uint;uint
;_Java_MeshObject_EnableRendering__Z@12;0x10050d00;0x2b;__stdcall;;uchar;uint;uint;char
;_Java_MeshObject_SetSlideAngle@12;0x10050d30;0x26;__stdcall;;uchar;uint;uint;float
;_Java_MeshObject_EnableRendering__@8;0x10050d60;0x21;__stdcall;;uchar;uint;uint
;_Java_MeshObject_TraceObjects@12;0x10050d90;0xa1;__stdcall;;uint;uint;uint;uint
;_Java_MeshObject_SetDefaultSoundRanges@20;0x10050e40;0x30;__stdcall;;uchar;uint;uint;int;float;float
;_Java_MeshObject_SetUp@12;0x10050e70;0x57;__stdcall;;uchar;uint;uint;uint
;_Java_MeshObject_SetRotationMatrix@12;0x10050ed0;0x52;__stdcall;;uchar;uint;uint;uint
;_Java_MeshObject_GetWorldMatrix@8;0x10050f30;0x4b;__stdcall;;uchar;uint;uint
;_Java_MeshObject_GetPauseUpdatePhysics@8;0x10050f80;0x21;__stdcall;;uchar;uint;uint
;_Java_MeshObject_SetRotateMatrix@12;0x10050fb0;0x52;__stdcall;;uchar;uint;uint;uint
;_Java_MeshObject_ClearDestinationDir@8;0x10051010;0x21;__stdcall;;uchar;uint;uint
;_Java_MeshObject_GetCollisionType@8;0x10051040;0x21;__stdcall;;uchar;uint;uint
;_Java_MeshObject_ShowWireframe@12;0x10051070;0x2b;__stdcall;;uchar;uint;uint;char
;_Java_MeshObject_SetPhysicsType@12;0x100510a0;0x26;__stdcall;;uchar;uint;uint;uchar
;_Java_MeshObject_GetpatrolPoints@8;0x100510d0;0x28;__stdcall;;uchar;uint;uint
;_Java_MeshObject_CreateMagQuad@8;0x10051100;0x21;__stdcall;;uchar;uint;uint
;_Java_MeshObject_ShowBoundingBox@12;0x10051130;0x2b;__stdcall;;uchar;uint;uint;char
;_Java_MeshObject_GetScale@8;0x10051160;0x4e;__stdcall;;uchar;uint;uint
;_Java_MeshObject_SetDirection@12;0x100511b0;0x57;__stdcall;;uchar;uint;uint;uint
;_Java_MeshObject_SetSpeedDirection@12;0x10051210;0x57;__stdcall;;uchar;uint;uint;uint
;_Java_MeshObject_GetGravityAcceleration@8;0x10051270;0x21;__stdcall;;float10;uint;uint
;_Java_MeshObject_SetDirection__FFF@20;0x100512a0;0x30;__stdcall;;uchar;uint;uint;float;float;float
;_Java_MeshObject_ClearDestRotation@8;0x100512d0;0x21;__stdcall;;uchar;uint;uint
;_Java_MeshObject_DeleteAllAnimSeq@8;0x10051300;0x21;__stdcall;;uchar;uint;uint
;_Java_MeshObject_GetSpeed@8;0x10051330;0x4e;__stdcall;;uchar;uint;uint
;_Java_MeshObject_RewindMp3Sound@8;0x10051380;0x21;__stdcall;;uchar;uint;uint
;_Java_MeshObject_LoadSound@12;0x100513b0;0x5c;__stdcall;;int;uint;uint;uint
;_Java_MeshObject_SetRotationAngSpeed@12;0x10051410;0x57;__stdcall;;uchar;uint;uint;uint
;_Java_MeshObject_MatrixToEuler@16;0x10051470;0x8a;__stdcall;;uchar;uint;uint;uint;uint
;_Java_MeshObject_AttachTo@12;0x10051500;0x38;__stdcall;;uchar;uint;uint;uint
;_Java_MeshObject_SetFrustumPhysicsPause@12;0x10051540;0x2b;__stdcall;;uchar;uint;uint;char
;_Java_MeshObject_ClearDestinationPos@8;0x10051570;0x21;__stdcall;;uchar;uint;uint
;_Java_MeshObject_IsPlaying__Ljava_lang_String_2@12;0x100515a0;0x5e;__stdcall;;bool;uint;uint;uint
;_Java_MeshObject_IsPlaying__I@12;0x10051600;0x26;__stdcall;;uchar;uint;uint;int
;_Java_MeshObject_SetCullMode@12;0x10051630;0x26;__stdcall;;uchar;uint;uint;int
;_Java_MeshObject_EnableBlur@12;0x10051660;0x2b;__stdcall;;uchar;uint;uint;char
;_Java_MeshObject_GetSlideAngle@8;0x10051690;0x21;__stdcall;;float10;uint;uint
;_Java_MeshObject_GetRotateMatrix@8;0x100516c0;0x4b;__stdcall;;uchar;uint;uint
;_Java_MeshObject_Jump@12;0x10051710;0x57;__stdcall;;uchar;uint;uint;uint
;_Java_MeshObject_EnableCollisionScene@12;0x10051770;0x2b;__stdcall;;uchar;uint;uint;char
;_Java_MeshObject_GetBoudingBox@16;0x100517a0;0x10c;__stdcall;;uchar;uint;uint;uint;uint
;_Java_MeshObject_SetBoudingBox@16;0x100518b0;0xf8;__stdcall;;uchar;uint;uint;uint;uint
;_Java_MeshObject_Distance__LMeshObject_2@12;0x100519b0;0x7e;__stdcall;;float10;uint;uint;uint
;_Java_MeshObject_Distance__Ljava_lang_String_2@12;0x10051a30;0xb7;__stdcall;;float10;uint;uint;uint
;_Java_MeshObject_Distance__Ljava_lang_String_2LVector_2@16;0x10051af0;0xaa;__stdcall;;float10;uint;uint;uint;uint
;_Java_MeshObject_Distance__LMeshObject_2LMeshObject_2@16;0x10051ba0;0x7e;__stdcall;;float10;uint;uint;uint;uint
;_Java_MeshObject_AddDynamicLight@12;0x10051c20;0x55;__stdcall;;uchar;uint;uint;uint
;_Java_MeshObject_ActivateLightMap@12;0x10051c80;0x26;__stdcall;;uchar;uint;uint;int
;_Java_MeshObject_SetObjectDestinationDir@12;0x10051cb0;0x94;__stdcall;;uchar;uint;uint;uint
;_Java_MeshObject_SetPatrolPointDestinationPosDir@12;0x10051d50;0xc9;__stdcall;;uchar;uint;uint;int
;_Java_MeshObject_GetPatrolPointsCount@8;0x10051e20;0x21;__stdcall;;uchar;uint;uint
??0cMagMeshObject@@QAE@XZ;cMagMeshObject::cMagMeshObject;0x10051e50;0xf9c;__thiscall;;cMagMeshObject*;cMagMeshObject*
??1cMagMeshObject@@UAE@XZ;cMagMeshObject::~cMagMeshObject;0x10052df0;0x2f2;__thiscall;;void;cMagMeshObject*
;FUN_100530f0;0x100530f0;0x29;__fastcall;;uchar;int
;FUN_10053120;0x10053120;0x67;__fastcall;;uchar;int
;FUN_10053190;0x10053190;0x43;__fastcall;;uchar;int
?Is3dmFile@cMagMeshObject@@QAEHPAD@Z;cMagMeshObject::Is3dmFile;0x100531e0;0x2db;__thiscall;;int;cMagMeshObject*;char*
?LoadMesh@cMagMeshObject@@QAEXPAD@Z;cMagMeshObject::LoadMesh;0x100534c0;0x567;__thiscall;;void;cMagMeshObject*;char*
;Catch@10053a27;0x10053a27;0x44;__fastcall;;uchar*;cMagLog*
;FUN_10053a6e;0x10053a6e;0x32;__stdcall;;uchar
?SetPosition@cMagMeshObject@@QAEXUD3DXVECTOR3@@@Z;cMagMeshObject::SetPosition;0x10053aa0;0x85;__thiscall;;void;cMagMeshObject*;D3DXVECTOR3
?SetScale@cMagMeshObject@@QAEXUD3DXVECTOR3@@@Z;cMagMeshObject::SetScale;0x10053b30;0x85;__thiscall;;void;cMagMeshObject*;D3DXVECTOR3
?GetPosition@cMagMeshObject@@UAE?AUD3DXVECTOR3@@XZ;cMagMeshObject::GetPosition;0x10053bc0;0x41;__thiscall;;uchar;cMagMeshObject*;uint*
?GetScale@cMagMeshObject@@QAE?AUD3DXVECTOR3@@XZ;cMagMeshObject::GetScale;0x10053c10;0x21;__thiscall;;uchar;cMagMeshObject*;uint*
?GetRotateMatrix@cMagMeshObject@@QAE?AUD3DXMATRIX@@XZ;cMagMeshObject::GetRotateMatrix;0x10053c40;0x1a;__thiscall;;uchar;cMagMeshObject*;uint*
?SetRotateMatrix@cMagMeshObject@@QAEXUD3DXMATRIX@@@Z;cMagMeshObject::SetRotateMatrix;0x10053c60;0x18;__thiscall;;void;cMagMeshObject*;uchar
?GetFrameCount@cMagMeshObject@@QAEHXZ;cMagMeshObject::GetFrameCount;0x10053c80;0x12;__thiscall;;int;cMagMeshObject*
?InitAnimSeq@cMagMeshObject@@QAE_NPADHH@Z;cMagMeshObject::InitAnimSeq;0x10053ca0;0x28;__thiscall;;bool;cMagMeshObject*;char*;int;int
?InitAnimSeq@cMagMeshObject@@QAE_NPAD0HHH0@Z;cMagMeshObject::InitAnimSeq;0x10053cd0;0x5;__thiscall;;bool;cMagMeshObject*;char*;char*;int;int;int;char*
?DeleteAnimSeq@cMagMeshObject@@QAEXPAD@Z;cMagMeshObject::DeleteAnimSeq;0x10053ce0;0x17;__thiscall;;void;cMagMeshObject*;char*
?DeleteAllAnimSeq@cMagMeshObject@@QAEXXZ;cMagMeshObject::DeleteAllAnimSeq;0x10053d00;0x10;__thiscall;;void;cMagMeshObject*
?PlayAnimSeq@cMagMeshObject@@QAEXHH@Z;cMagMeshObject::PlayAnimSeq;0x10053d10;0x29;__thiscall;;void;cMagMeshObject*;int;int
?SetAnimFreq@cMagMeshObject@@QAEXPADH@Z;cMagMeshObject::SetAnimFreq;0x10053d40;0x1f;__thiscall;;void;cMagMeshObject*;char*;int
?IsPlaying@cMagMeshObject@@QAE_NPAD@Z;cMagMeshObject::IsPlaying;0x10053d60;0x1c;__thiscall;;bool;cMagMeshObject*;char*
?StopAnim@cMagMeshObject@@QAEXPAD@Z;cMagMeshObject::StopAnim;0x10053d80;0x1b;__thiscall;;void;cMagMeshObject*;char*
?PlayAnim@cMagMeshObject@@QAE_NPADH@Z;cMagMeshObject::PlayAnim;0x10053da0;0x23;__thiscall;;bool;cMagMeshObject*;char*;int
?EnableAnimKeys@cMagMeshObject@@QAEX_N@Z;cMagMeshObject::EnableAnimKeys;0x10053dd0;0x17;__thiscall;;void;cMagMeshObject*;bool
?SetMeshType@cMagMeshObject@@QAEXH@Z;cMagMeshObject::SetMeshType;0x10053df0;0x17;__thiscall;;void;cMagMeshObject*;int
?PlayAnim@cMagMeshObject@@QAE_NPAD@Z;cMagMeshObject::PlayAnim;0x10053e10;0x19;__thiscall;;bool;cMagMeshObject*;char*
?PlayAnim1@cMagMeshObject@@QAE_NPAD@Z;cMagMeshObject::InitAnimSeq;0x10053e30;0x5;__thiscall;;bool;cMagMeshObject*;char*
?FrameRate@cMagMeshObject@@QAEHXZ;cMagMeshObject::FrameRate;0x10053e40;0x9e;__thiscall;;int;cMagMeshObject*
?_OnPlayAnim@cMagMeshObject@@QAE_NXZ;MagRelayMachine::IsMessage;0x10053ee0;0x3;__thiscall;;bool;MagRelayMachine*
?OnAnimEnd1@cMagMeshObject@@QAEXPAD@Z;cMagMeshObject::OnAnimEnd1;0x10053ef0;0xd;__thiscall;;void;cMagMeshObject*;char*
?OnPlayAnim@cMagMeshObject@@QAE_NXZ;cMagMeshObject::OnPlayAnim;0x10053f00;0x2f;__thiscall;;bool;cMagMeshObject*
?SetAnimMorphTime@cMagMeshObject@@QAEXM@Z;cMagMeshObject::SetAnimMorphTime;0x10053f30;0x17;__thiscall;;void;cMagMeshObject*;float
?SetStepMorph@cMagMeshObject@@QAEXM@Z;cMagMeshObject::SetStepMorph;0x10053f50;0x17;__thiscall;;void;cMagMeshObject*;float
?EnableMorph@cMagMeshObject@@QAEX_N@Z;cMagMeshObject::EnableMorph;0x10053f70;0x17;__thiscall;;void;cMagMeshObject*;bool
?AnimFrameMeter@cMagMeshObject@@QAEXPADH@Z;cMagMeshObject::AnimFrameMeter;0x10053f90;0x12;__thiscall;;void;cMagMeshObject*;char*;int
?RenderMesh@cMagMeshObject@@QAEXXZ;cMagMeshObject::RenderMesh;0x10053fb0;0x450;__thiscall;;void;cMagMeshObject*
?DrawLine@cMagMeshObject@@QAEXMMMM@Z;cMagMeshObject::DrawLine;0x10054400;0x101;__thiscall;;void;cMagMeshObject*;float;float;float;float
?InitBoundingBox@cMagMeshObject@@QAEXXZ;cMagMeshObject::InitBoundingBox;0x10054510;0x50;__thiscall;;void;cMagMeshObject*
?ShowBoundingBox@cMagMeshObject@@QAEX_N@Z;cMagMeshObject::ShowBoundingBox;0x10054560;0xd;__thiscall;;void;cMagMeshObject*;bool
?CorrectTranslationBoundingBox@cMagMeshObject@@QAEXUD3DXVECTOR3@@@Z;cMagMeshObject::CorrectTranslationBoundingBox;0x10054570;0x1d;__thiscall;;void;cMagMeshObject*;uint;uint;uint
?CorrectScaleBoundingBox@cMagMeshObject@@QAEXUD3DXVECTOR3@@@Z;cMagMeshObject::CorrectScaleBoundingBox;0x10054590;0x68;__thiscall;;void;cMagMeshObject*;float;float;float
?_TestDistance@cMagMeshObject@@QAE_NM@Z;cMagMeshObject::_TestDistance;0x10054600;0x646;__thiscall;;bool;cMagMeshObject*;float
?TestDistance@cMagMeshObject@@QAE_NM@Z;cMagMeshObject::TestDistance;0x10054c50;0xd;__thiscall;;bool;cMagMeshObject*;float
?EnableTestSector@cMagMeshObject@@QAEX_N@Z;cMagMeshObject::EnableTestSector;0x10054c60;0xd;__thiscall;;void;cMagMeshObject*;bool
?OnUpdate_@cMagMeshObject@@UAEXXZ;cMagMeshObject::OnUpdate_;0x10054c70;0x36b;__thiscall;;void;cMagMeshObject*
?OnRender@cMagMeshObject@@UAEXXZ;cMagMeshObject::OnRender;0x10054fe0;0x63b;__thiscall;;void;cMagMeshObject*
?OnRenderShadow@cMagMeshObject@@UAEXXZ;cMagMeshObject::OnRenderShadow;0x10055620;0x7d;__thiscall;;void;cMagMeshObject*
?SetShadowType@cMagMeshObject@@QAEXH@Z;cMagMeshObject::SetShadowType;0x100556a0;0x37;__thiscall;;void;cMagMeshObject*;int
?GetShadowType@cMagMeshObject@@UAEHXZ;cMagMeshObject::GetShadowType;0x100556e0;0x7;__thiscall;;int;cMagMeshObject*
?GetEngine@cMagMeshObject@@QAEPAVcMagGameObject@@XZ;cMagMeshObject::GetEngine;0x100556f0;0x8;__thiscall;;cMagGameObject*;cMagMeshObject*
?SetDirection@cMagMeshObject@@QAEXMMM@Z;cMagMeshObject::SetDirection;0x10055700;0x56c;__thiscall;;void;cMagMeshObject*;float;float;float
?SetDirection@cMagMeshObject@@QAEXUD3DXVECTOR3@@@Z;cMagMeshObject::SetDirection;0x10055c70;0x5f7;__thiscall;;void;cMagMeshObject*;D3DXVECTOR3
?GetDirection@cMagMeshObject@@QAE?AUD3DXVECTOR3@@XZ;cMagMeshObject::GetDirection;0x10056270;0x21;__thiscall;;D3DXVECTOR3*;cMagMeshObject*;D3DXVECTOR3*
?GetDirection@cMagMeshObject@@QAEXAAM00@Z;cMagMeshObject::GetDirection;0x100562a0;0x27;__thiscall;;void;cMagMeshObject*;float*;float*;float*
?SetSpeed@cMagMeshObject@@QAEXUD3DXVECTOR3@@@Z;cMagMeshObject::SetSpeed;0x100562d0;0x6b;__thiscall;;void;cMagMeshObject*;float;float;float
?GetSpeed@cMagMeshObject@@QAE?AUD3DXVECTOR3@@XZ;cMagMeshObject::GetSpeed;0x10056340;0x6a;__thiscall;;uchar;cMagMeshObject*;float*
?SetGravityAcceleration@cMagMeshObject@@QAEXM@Z;cMagMeshObject::SetGravityAcceleration;0x100563b0;0xd;__thiscall;;void;cMagMeshObject*;float
?GetGravityAcceleration@cMagMeshObject@@QAEMXZ;cMagMeshObject::GetGravityAcceleration;0x100563c0;0x1d;__thiscall;;float;cMagMeshObject*
?SetSpeedValue@cMagMeshObject@@QAEXM@Z;cMagMeshObject::SetSpeedValue;0x100563e0;0x57;__thiscall;;void;cMagMeshObject*;float
?GetSpeedValue@cMagMeshObject@@QAEMXZ;cMagMeshObject::GetSpeedValue;0x10056440;0x7;__thiscall;;float;cMagMeshObject*
?SetSpeedDirection@cMagMeshObject@@QAEXUD3DXVECTOR3@@@Z;cMagMeshObject::SetSpeedDirection;0x10056450;0x59;__thiscall;;void;cMagMeshObject*;D3DXVECTOR3
?GetSpeedDirection@cMagMeshObject@@QAE?AUD3DXVECTOR3@@XZ;cMagMeshObject::GetSpeedDirection;0x100564b0;0x21;__thiscall;;uchar;cMagMeshObject*;uint*
?Jump@cMagMeshObject@@QAEXUD3DXVECTOR3@@@Z;cMagMeshObject::Jump;0x100564e0;0x1d;__thiscall;;void;cMagMeshObject*;uint;uint;uint
?GetFallSpeed@cMagMeshObject@@QAE?AUD3DXVECTOR3@@XZ;cMagMeshObject::GetFallSpeed;0x10056500;0x21;__thiscall;;uchar;cMagMeshObject*;uint*
?SetDestinationPos@cMagMeshObject@@QAEXUD3DXVECTOR3@@M@Z;cMagMeshObject::SetDestinationPos;0x10056530;0x56;__thiscall;;void;cMagMeshObject*;uint;uint;uint;uint
?ClearDestinationPos@cMagMeshObject@@QAEXXZ;cMagMeshObject::ClearDestinationPos;0x10056590;0x22;__thiscall;;void;cMagMeshObject*
?SetDestinationDir@cMagMeshObject@@QAEXUD3DXVECTOR3@@H@Z;cMagMeshObject::SetDestinationDir;0x100565c0;0x62;__thiscall;;void;cMagMeshObject*;uint;uint;uint
?ClearDestinationDir@cMagMeshObject@@QAEXXZ;cMagMeshObject::ClearDestinationDir;0x10056630;0x22;__thiscall;;void;cMagMeshObject*
?SetMaxAngSpeed@cMagMeshObject@@QAEXM@Z;cMagMeshObject::SetMaxAngSpeed;0x10056660;0xd;__thiscall;;void;cMagMeshObject*;float
?GetMaxAngSpeed@cMagMeshObject@@QAEMXZ;cMagMeshObject::GetMaxAngSpeed;0x10056670;0x7;__thiscall;;float;cMagMeshObject*
?Rotate@cMagMeshObject@@QAEXMMM@Z;cMagMeshObject::Rotate;0x10056680;0x4e;__thiscall;;void;cMagMeshObject*;float;float;float
?SetAngSpeed@cMagMeshObject@@QAEXUD3DXVECTOR3@@@Z;cMagMeshObject::SetAngSpeed;0x100566d0;0x1d;__thiscall;;void;cMagMeshObject*;uint;uint;uint
?GetAngSpeed@cMagMeshObject@@QAE?AUD3DXVECTOR3@@XZ;cMagMeshObject::GetAngSpeed;0x100566f0;0x21;__thiscall;;uchar;cMagMeshObject*;uint*
?RestrictFrameRate@cMagMeshObject@@QAE_NM@Z;cMagMeshObject::RestrictFrameRate;0x10056720;0x52;__thiscall;;bool;cMagMeshObject*;float
?GetSpace@cMagMeshObject@@QAE?AUD3DXMATRIX@@XZ;cMagMeshObject::GetSpace;0x10056780;0x1a;__thiscall;;uchar;cMagMeshObject*;uint*
?Rotate@cMagMeshObject@@QAEXUD3DXVECTOR3@@M@Z;cMagMeshObject::Rotate;0x100567a0;0x1ff;__thiscall;;void;cMagMeshObject*;uchar;uchar;uchar;uint
?EnableTestDistance@cMagMeshObject@@QAEX_N@Z;cMagMeshObject::EnableTestDistance;0x100569a0;0xd;__thiscall;;void;cMagMeshObject*;bool
?GetBoneWorldPosition@cMagMeshObject@@QAE?AUD3DXVECTOR3@@PAD@Z;cMagMeshObject::GetBoneWorldPosition;0x100569b0;0x1bb;__thiscall;;uchar;cMagMeshObject*;uint*;char*
?GetBoneMatrix@cMagMeshObject@@QAE_NPADAAUD3DXMATRIX@@@Z;cMagMeshObject::GetBoneMatrix;0x10056b70;0x181;__thiscall;;bool;cMagMeshObject*;char*;uchar
?GetBoneWorldRotateMatrix@cMagMeshObject@@QAE?AUD3DXMATRIX@@PAD@Z;cMagMeshObject::GetBoneWorldRotateMatrix;0x10056d00;0x9e;__thiscall;;uchar;uint;uint*
?OnUpdateLink@cMagMeshObject@@QAEXXZ;cMagMeshObject::OnUpdateLink;0x10056da0;0x11b;__thiscall;;void;cMagMeshObject*
?LinkToBone@cMagMeshObject@@QAEXPAV1@PAD@Z;cMagMeshObject::LinkToBone;0x10056ec0;0x283;__thiscall;;void;cMagMeshObject*;cMagMeshObject*;char*
?UnLinkFromBone@cMagMeshObject@@QAEXPAV1@@Z;cMagMeshObject::UnLinkFromBone;0x10057150;0x14a;__thiscall;;void;cMagMeshObject*;cMagMeshObject*
?GetPhysics@cMagMeshObject@@QAE_NXZ;cMagMeshObject::GetPhysics;0x100572a0;0x7;__thiscall;;bool;cMagMeshObject*
?GetCollision@cMagMeshObject@@QAE_NXZ;cMagMeshObject::GetCollision;0x100572b0;0x7;__thiscall;;bool;cMagMeshObject*
?GetCollisionScene@cMagMeshObject@@QAE_NXZ;cMagMeshObject::GetCollisionScene;0x100572c0;0x7;__thiscall;;bool;cMagMeshObject*
?GetCollisionObjects@cMagMeshObject@@QAE_NXZ;cMagMeshObject::GetCollisionObjects;0x100572d0;0x7;__thiscall;;bool;cMagMeshObject*
?GetCollisionType@cMagMeshObject@@QAEEXZ;cMagMeshObject::GetCollisionType;0x100572e0;0x7;__thiscall;;uchar;cMagMeshObject*
?EnablePhysics@cMagMeshObject@@QAEX_N@Z;cMagMeshObject::EnablePhysics;0x100572f0;0x86;__thiscall;;void;cMagMeshObject*;bool
?EnableCollision@cMagMeshObject@@QAEX_N@Z;cMagMeshObject::EnableCollision;0x10057380;0x86;__thiscall;;void;cMagMeshObject*;bool
?EnableCollisionScene@cMagMeshObject@@QAEX_N@Z;cMagMeshObject::EnableCollisionScene;0x10057410;0xd;__thiscall;;void;cMagMeshObject*;bool
?EnableCollisionObjects@cMagMeshObject@@QAEX_N@Z;cMagMeshObject::EnableCollisionObjects;0x10057420;0xd;__thiscall;;void;cMagMeshObject*;bool
?SetCollisionType@cMagMeshObject@@QAEXE@Z;cMagMeshObject::SetCollisionType;0x10057430;0xd;__thiscall;;void;cMagMeshObject*;uchar
?SetSlideAngle@cMagMeshObject@@QAEXM@Z;cMagMeshObject::SetSlideAngle;0x10057440;0xd;__thiscall;;void;cMagMeshObject*;float
?GetSlideAngle@cMagMeshObject@@QAEMXZ;cMagMeshObject::GetSlideAngle;0x10057450;0x1d;__thiscall;;float;cMagMeshObject*
?GetVolatileWorldMat@cMagMeshObject@@QAE?AUD3DXMATRIX@@XZ;cMagMeshObject::GetTransformMatrix;0x10057470;0x6e;__thiscall;;D3DXMATRIX*;cMagMeshObject*;D3DXMATRIX*
?SetSlideObject@cMagMeshObject@@QAEXPAV1@@Z;cMagMeshObject::SetSlideObject;0x100574e0;0xd;__thiscall;;void;cMagMeshObject*;cMagMeshObject*
?GetSlideObject@cMagMeshObject@@QAEPAV1@XZ;cMagMeshObject::GetSlideObject;0x100574f0;0x7;__thiscall;;cMagMeshObject*;cMagMeshObject*
?AttachTo@cMagMeshObject@@QAEXPAV1@@Z;cMagMeshObject::AttachTo;0x10057500;0x5c;__thiscall;;void;cMagMeshObject*;cMagMeshObject*
?Detach@cMagMeshObject@@QAEXXZ;cMagMeshObject::Detach;0x10057560;0x64;__thiscall;;void;cMagMeshObject*
?GetParent@cMagMeshObject@@QAEPAV1@XZ;cMagMeshObject::GetParent;0x100575d0;0x7;__thiscall;;cMagMeshObject*;cMagMeshObject*
?GetRotate@cMagMeshObject@@QAE?AUD3DXVECTOR3@@XZ;cMagMeshObject::GetRotate;0x100575e0;0x21;__thiscall;;uchar;cMagMeshObject*;uint*
?LinkTo@cMagMeshObject@@QAEXPAV1@@Z;cMagMeshObject::LinkTo;0x10057610;0x33;__thiscall;;void;cMagMeshObject*;cMagMeshObject*
?UnLink@cMagMeshObject@@QAEXXZ;cMagMeshObject::UnLink;0x10057650;0x3b;__thiscall;;void;cMagMeshObject*
?GetLinkParent@cMagMeshObject@@QAEPAV1@XZ;cMagMeshObject::GetLinkParent;0x10057690;0x7;__thiscall;;cMagMeshObject*;cMagMeshObject*
?SetCollAction@cMagMeshObject@@QAEXE@Z;cMagMeshObject::SetCollAction;0x100576a0;0xd;__thiscall;;void;cMagMeshObject*;uchar
?GetCollAction@cMagMeshObject@@QAEEXZ;cMagMeshObject::GetCollAction;0x100576b0;0x7;__thiscall;;uchar;cMagMeshObject*
?SetPauseUpdatePhysics@cMagMeshObject@@QAEX_N@Z;cMagMeshObject::SetPauseUpdatePhysics;0x100576c0;0x44;__thiscall;;void;cMagMeshObject*;bool
?GetPauseUpdatePhysics@cMagMeshObject@@QAE_NXZ;cMagMeshObject::GetPauseUpdatePhysics;0x10057710;0x7;__thiscall;;bool;cMagMeshObject*
?CalculateSpeed@cMagMeshObject@@QAE?AUD3DXVECTOR3@@PAV1@@Z;cMagMeshObject::CalculateSpeed;0x10057720;0xe8;__thiscall;;uint*;cMagMeshObject*;uint*
?SetWayType@cMagMeshObject@@QAEXE@Z;cMagMeshObject::SetWayType;0x10057810;0xd;__thiscall;;void;cMagMeshObject*;uchar
?GetWayType@cMagMeshObject@@QAEEXZ;cMagMeshObject::GetWayType;0x10057820;0x7;__thiscall;;uchar;cMagMeshObject*
?SetSafeWayMaxYDifference@cMagMeshObject@@QAEXM@Z;cMagMeshObject::SetSafeWayMaxYDifference;0x10057830;0xd;__thiscall;;void;cMagMeshObject*;float
?GetSafeWayMaxYDifference@cMagMeshObject@@QAEMXZ;cMagMeshObject::GetSafeWayMaxYDifference;0x10057840;0x7;__thiscall;;float;cMagMeshObject*
?InitPathBMP@cMagMeshObject@@QAE_NUD3DXVECTOR3@@0@Z;cMagMeshObject::InitPathBMP;0x10057850;0xae;__thiscall;;bool;cMagMeshObject*;D3DXVECTOR3;D3DXVECTOR3
?OnPath@cMagMeshObject@@QAE_NUD3DXVECTOR3@@@Z;cMagMeshObject::OnPath;0x10057900;0x27;__thiscall;;bool;cMagMeshObject*;D3DXVECTOR3
?SetPathBMPMinMax@cMagMeshObject@@QAEXUD3DXVECTOR3@@0@Z;cMagMeshObject::SetPathBMPMinMax;0x10057930;0x40;__thiscall;;void;cMagMeshObject*;D3DXVECTOR3;D3DXVECTOR3
?GetPathBMPMinMax@cMagMeshObject@@QAEXAAUD3DXVECTOR3@@0@Z;cMagMeshObject::GetPathBMPMinMax;0x10057970;0x18;__thiscall;;void;cMagMeshObject*;D3DXVECTOR3*;D3DXVECTOR3*
?GetPosPathBMP@cMagMeshObject@@QAE?AUD3DXVECTOR3@@XZ;cMagMeshObject::GetPosPathBMP;0x10057990;0xaa;__thiscall;;D3DXVECTOR3*;cMagMeshObject*;D3DXVECTOR3*
?CreatePathBillboard@cMagMeshObject@@QAEXXZ;cMagMeshObject::CreatePathBillboard;0x10057a40;0x17c;__thiscall;;void;cMagMeshObject*
?DisableCollideClass@cMagMeshObject@@QAEXPAD@Z;cMagMeshObject::DisableCollideClass;0x10057bc0;0x2e;__thiscall;;void;cMagMeshObject*;char*
?GetDisabledCollideClass@cMagMeshObject@@QAEPADXZ;cMagMeshObject::GetDisabledCollideClass;0x10057bf0;0x7;__thiscall;;char*;cMagMeshObject*
?SetOnlyCollidingClass@cMagMeshObject@@QAEXPAD@Z;cMagMeshObject::SetOnlyCollidingClass;0x10057c00;0x2e;__thiscall;;void;cMagMeshObject*;char*
?GetOnlyCollidingClass@cMagMeshObject@@QAEPADXZ;cMagMeshObject::GetOnlyCollidingClass;0x10057c30;0x7;__thiscall;;char*;cMagMeshObject*
?LinearSpeedFromAngSpeed@cMagMeshObject@@QAE?AUD3DXVECTOR3@@PAV1@@Z;cMagMeshObject::LinearSpeedFromAngSpeed;0x10057c40;0x265;__thiscall;;uchar;cMagMeshObject*;uint*
?GetPatrolPointAt@cMagMeshObject@@QAEPBUPatrolPoint@1@H@Z;cMagMeshObject::GetPatrolPointAt;0x10057eb0;0x48;__thiscall;;uchar;cMagMeshObject*;int
?DeletePatrols@cMagMeshObject@@QAEXXZ;cMagMeshObject::DeletePatrols;0x10057f00;0x87;__thiscall;;void;cMagMeshObject*
?GetPatrolPointsCount@cMagMeshObject@@QAEHXZ;cMagMeshObject::GetPatrolPointsCount;0x10057f90;0x27;__thiscall;;int;cMagMeshObject*
?LoadVideo@cMagMeshObject@@QAE_NPAD@Z;cMagMeshObject::LoadVideo;0x10057fc0;0x77;__thiscall;;bool;cMagMeshObject*;char*
;Catch@10058037;0x10058037;0x25;__stdcall;;uchar*
?PlayVideo@cMagMeshObject@@QAEXXZ;cMagMeshObject::PlayVideo;0x10058080;0x1a;__thiscall;;void;cMagMeshObject*
?LoadMp3Sound@cMagMeshObject@@QAE_NPAD@Z;cMagMeshObject::LoadMp3Sound;0x100580a0;0x11d;__thiscall;;bool;cMagMeshObject*;char*
;Catch@100581bd;0x100581bd;0x21;__fastcall;;uint;cMagLog*
?SetMp3Volume@cMagMeshObject@@QAEXM@Z;cMagMeshObject::SetMp3Volume;0x100581e0;0x21;__thiscall;;void;cMagMeshObject*;float
?PlayMp3Sound@cMagMeshObject@@QAEXXZ;cMagMeshObject::PlayMp3Sound;0x10058210;0x1a;__thiscall;;void;cMagMeshObject*
?StopMp3Sound@cMagMeshObject@@QAEXXZ;cMagMeshObject::StopMp3Sound;0x10058230;0x1a;__thiscall;;void;cMagMeshObject*
?IsPlayingMp3Sound@cMagMeshObject@@QAE_NXZ;cMagMeshObject::IsPlayingMp3Sound;0x10058250;0x26;__thiscall;;bool;cMagMeshObject*
?IsEndMp3Sound@cMagMeshObject@@QAE_NXZ;cMagMeshObject::IsEndMp3Sound;0x10058280;0x1c;__thiscall;;bool;cMagMeshObject*
?RewindMp3Sound@cMagMeshObject@@QAEXXZ;cMagMeshObject::RewindMp3Sound;0x100582a0;0x1a;__thiscall;;void;cMagMeshObject*
?LoadSound@cMagMeshObject@@QAEHPAD@Z;cMagMeshObject::LoadSound;0x100582c0;0x40c;__thiscall;;int;cMagMeshObject*;char*
?PlaySoundA@cMagMeshObject@@QAEXH_N@Z;cMagMeshObject::PlaySoundA;0x100586d0;0xa2;__thiscall;;void;cMagMeshObject*;int;bool
?EnableCallHandlerOnPlaySoundEnd@cMagMeshObject@@QAEXH@Z;cMagMeshObject::EnableCallHandlerOnPlaySoundEnd;0x10058780;0x14;__thiscall;;void;cMagMeshObject*;int
?EnableCallHandlerOnPlaySoundEnd@cMagMeshObject@@QAEXHPAVcMagKernel@@@Z;cMagMeshObject::EnableCallHandlerOnPlaySoundEnd;0x100587a0;0x1e;__thiscall;;void;cMagMeshObject*;int;cMagKernel*
?StopSound@cMagMeshObject@@QAEXH@Z;cMagMeshObject::StopSound;0x100587c0;0x90;__thiscall;;void;cMagMeshObject*;int
?IsPlaying@cMagMeshObject@@QAE_NH@Z;cMagMeshObject::IsPlaying;0x10058850;0x71;__thiscall;;bool;cMagMeshObject*;int
?SetVolume@cMagMeshObject@@QAEXHM@Z;cMagMeshObject::SetVolume;0x100588d0;0xce;__thiscall;;void;cMagMeshObject*;int;float
?SetFrequency@cMagMeshObject@@QAEXHH@Z;cMagMeshObject::SetFrequency;0x100589a0;0x70;__thiscall;;void;cMagMeshObject*;int;int
?ResetFrequency@cMagMeshObject@@QAEXH@Z;cMagMeshObject::ResetFrequency;0x10058a10;0x6d;__thiscall;;void;cMagMeshObject*;int
?ClearSound@cMagMeshObject@@QAEXXZ;cMagMeshObject::ClearSound;0x10058a80;0xc7;__thiscall;;void;cMagMeshObject*
?SetDefaultSoundRanges@cMagMeshObject@@QAEXHMM@Z;cMagMeshObject::SetDefaultSoundRanges;0x10058b50;0x9a;__thiscall;;void;cMagMeshObject*;int;float;float
?TestSoundRanges@cMagMeshObject@@QAEXXZ;cMagMeshObject::TestSoundRanges;0x10058bf0;0x19f;__thiscall;;void;cMagMeshObject*
?MatrixToEuler@cMagMeshObject@@QAEXUD3DXMATRIX@@AAM11@Z;cMagMeshObject::MatrixToEuler;0x10058d90;0xf6;__thiscall;;void;cMagMeshObject*;float
?RepairEuler@cMagMeshObject@@QAEX_N@Z;cMagMeshObject::RepairEuler;0x10058e90;0xc;__thiscall;;void;cMagMeshObject*;bool
?IsEnabled@cMagSkyBox@@QAE_NXZ;cMagMeshObject::EnableRendering;0x10058ea0;0x7;__thiscall;;bool;cMagMeshObject*
?OnAttachChild@cMagMeshObject@@UAEXPAV1@@Z;cMagMeshObject::OnAttachChild;0x10058eb0;0x7d;__thiscall;;void;cMagMeshObject*;cMagMeshObject*
?OnDetachChild@cMagMeshObject@@UAEXPAV1@@Z;cMagMeshObject::OnDetachChild;0x10058f30;0x85;__thiscall;;void;cMagMeshObject*;cMagMeshObject*
?SetDestRotation@cMagMeshObject@@QAEXUD3DXVECTOR3@@@Z;cMagMeshObject::SetDestRotation;0x10058fc0;0x42;__thiscall;;void;cMagMeshObject*;uint;uint;uint
?ClearDestRotation@cMagMeshObject@@QAEXXZ;cMagMeshObject::ClearDestRotation;0x10059010;0x22;__thiscall;;void;cMagMeshObject*
?SetRotationAngSpeed@cMagMeshObject@@QAEXUD3DXVECTOR3@@@Z;cMagMeshObject::SetRotationAngSpeed;0x10059040;0x1d;__thiscall;;void;cMagMeshObject*;uint;uint;uint
?SetMotionDirection@cMagMeshObject@@QAEXUD3DXVECTOR3@@@Z;cMagMeshObject::SetMotionDirection;0x10059060;0x220;__thiscall;;void;cMagMeshObject*;float
?GetRotationAngSpeed@cMagMeshObject@@QAE?AUD3DXVECTOR3@@XZ;cMagMeshObject::GetRotationAngSpeed;0x10059280;0x21;__thiscall;;uchar;cMagMeshObject*;uint*
?SetMotionRotationAngSpeed@cMagMeshObject@@QAEXUD3DXVECTOR3@@@Z;cMagMeshObject::SetMotionRotationAngSpeed;0x100592b0;0x1d;__thiscall;;void;cMagMeshObject*;uint;uint;uint
?GetMotionRotationAngSpeed@cMagMeshObject@@QAE?AUD3DXVECTOR3@@XZ;cMagMeshObject::GetMotionRotationAngSpeed;0x100592d0;0x21;__thiscall;;uchar;cMagMeshObject*;uint*
?PauseMovableTreeCollision@cMagMeshObject@@QAEX_N@Z;cMagMeshObject::PauseMovableTreeCollision;0x10059300;0x28;__thiscall;;void;cMagMeshObject*;bool
?SetStaticMeshAlpha@cMagMeshObject@@QAEJH@Z;cMagMeshObject::SetStaticMeshAlpha;0x10059330;0x16;__thiscall;;long;cMagMeshObject*;int
?SetMultiple@cMagMeshObject@@QAE_NM@Z;cMagMeshObject::SetMultiple;0x10059350;0x1e;__thiscall;;bool;cMagMeshObject*;float
?SetAlpha@cMagMeshObject@@QAEJH@Z;cMagMeshObject::SetAlpha;0x10059370;0x5c;__thiscall;;long;cMagMeshObject*;int
?SetAlpha@cMagMeshObject@@QAEXKK@Z;cMagMeshObject::SetAlpha;0x100593d0;0x3b;__thiscall;;void;cMagMeshObject*;ulong;ulong
?SetColor@cMagMeshObject@@QAEJMMMM@Z;cMagMeshObject::SetColor;0x10059410;0x46;__thiscall;;long;cMagMeshObject*;float;float;float;float
?SetCullMode@cMagMeshObject@@QAEXH@Z;cMagMeshObject::SetCullMode;0x10059460;0x1d;__thiscall;;void;cMagMeshObject*;int
?SetAlphaGreatereQual@cMagMeshObject@@QAEXK@Z;cMagMeshObject::SetAlphaGreatereQual;0x10059480;0x13;__thiscall;;void;cMagMeshObject*;ulong
?AddWaterTexture@cMagMeshObject@@QAEXPAD@Z;cMagMeshObject::AddWaterTexture;0x100594a0;0x27e;__thiscall;;void;cMagMeshObject*;char*
?SetFps@cMagMeshObject@@QAEXM@Z;cMagMeshObject::SetFps;0x10059720;0xd;__thiscall;;void;cMagMeshObject*;float
?SetFpsMove@cMagMeshObject@@QAEXM@Z;cMagMeshObject::SetFpsMove;0x10059730;0xd;__thiscall;;void;cMagMeshObject*;float
?SetVelocityAnimMove@cMagMeshObject@@QAEXM@Z;cMagMeshObject::SetVelocityAnimMove;0x10059740;0xd;__thiscall;;void;cMagMeshObject*;float
?EnableWaterEffect@cMagMeshObject@@QAEX_N@Z;cMagMeshObject::EnableWaterEffect;0x10059750;0x17;__thiscall;;void;cMagMeshObject*;bool
?PlayWaterAnim@cMagMeshObject@@QAEXXZ;cMagMeshObject::PlayWaterAnim;0x10059770;0x8;__thiscall;;void;cMagMeshObject*
?StopWaterAnim@cMagMeshObject@@QAEXXZ;cMagMeshObject::StopWaterAnim;0x10059780;0x8;__thiscall;;void;cMagMeshObject*
?SetScaleTile@cMagMeshObject@@QAEXM@Z;cMagMeshObject::SetScaleTile;0x10059790;0x1e;__thiscall;;void;cMagMeshObject*;float
?EnableRiverEffect@cMagMeshObject@@QAEX_N@Z;cMagMeshObject::EnableRiverEffect;0x100597b0;0xd;__thiscall;;void;cMagMeshObject*;bool
?SetMoveWater@cMagMeshObject@@QAEX_N@Z;cMagMeshObject::SetMoveWater;0x100597c0;0xd;__thiscall;;void;cMagMeshObject*;bool
?GetFreeDestinationDir@cMagMeshObject@@QAE_NXZ;cMagMeshObject::GetFreeDestinationDir;0x100597d0;0x7;__thiscall;;bool;cMagMeshObject*
?SetFreeDestinationDir@cMagMeshObject@@QAEX_N@Z;cMagMeshObject::SetFreeDestinationDir;0x100597e0;0xd;__thiscall;;void;cMagMeshObject*;bool
?EnableDynamicLight@cMagMeshObject@@QAEX_N@Z;cMagMeshObject::EnableDynamicLight;0x100597f0;0x2f;__thiscall;;void;cMagMeshObject*;bool
?SetUp@cMagMeshObject@@QAEXUD3DXVECTOR3@@@Z;cMagMeshObject::SetUp;0x10059820;0x370;__thiscall;;void;cMagMeshObject*;float
?GetUp@cMagMeshObject@@QAE?AUD3DXVECTOR3@@XZ;cMagMeshObject::GetUp;0x10059b90;0x21;__thiscall;;uchar;cMagMeshObject*;uint*
?SetRight@cMagMeshObject@@QAEXUD3DXVECTOR3@@@Z;cMagMeshObject::SetRight;0x10059bc0;0x38d;__thiscall;;void;cMagMeshObject*;float
?GetRight@cMagMeshObject@@QAE?AUD3DXVECTOR3@@XZ;cMagMeshObject::GetRight;0x10059f50;0x21;__thiscall;;uchar;cMagMeshObject*;uint*
?SetFreeRotationMatrix@cMagMeshObject@@QAEX_N@Z;cMagMeshObject::SetFreeRotationMatrix;0x10059f80;0xd;__thiscall;;void;cMagMeshObject*;bool
?GetFreeRotationMatrix@cMagMeshObject@@QAE_NXZ;cMagMeshObject::GetFreeRotationMatrix;0x10059f90;0x7;__thiscall;;bool;cMagMeshObject*
?SetOutsideViewPhysicsActivityRange@cMagMeshObject@@QAEXM@Z;cMagMeshObject::SetOutsideViewPhysicsActivityRange;0x10059fa0;0x1b;__thiscall;;void;cMagMeshObject*;float
?GetOutsideViewPhysicsActivityRange@cMagMeshObject@@QAEMXZ;cMagMeshObject::GetOutsideViewPhysicsActivityRange;0x10059fc0;0x7;__thiscall;;float;cMagMeshObject*
?PhysicsActivityRange@cMagMeshObject@@QAE_NXZ;cMagMeshObject::PhysicsActivityRange;0x10059fd0;0x83;__thiscall;;bool;cMagMeshObject*
?EnableFrustumPhysicsPause@cMagMeshObject@@QAEX_N@Z;cMagMeshObject::EnableFrustumPhysicsPause;0x1005a060;0xd;__thiscall;;void;cMagMeshObject*;bool
?EnableFrustumPhysicsPause@cMagMeshObject@@QAE_NXZ;cMagMeshObject::EnableFrustumPhysicsPause;0x1005a070;0x7;__thiscall;;bool;cMagMeshObject*
?SetFrustumPhysicsPause@cMagMeshObject@@QAEX_N@Z;cMagMeshObject::SetFrustumPhysicsPause;0x1005a080;0x25;__thiscall;;void;cMagMeshObject*;bool
?GetFrustumPhysicsPause@cMagMeshObject@@QAE_NXZ;cMagMeshObject::GetFrustumPhysicsPause;0x1005a0b0;0x5;__thiscall;;bool;cMagMeshObject*
?EnableDynamicPointLight@cMagMeshObject@@QAEX_N@Z;cMagMeshObject::EnableDynamicPointLight;0x1005a0c0;0xd;__thiscall;;void;cMagMeshObject*;bool
?AddDynamicLight@cMagMeshObject@@QAEXU_D3DLIGHT8@@@Z;cMagMeshObject::AddDynamicLight;0x1005a0d0;0x2c;__thiscall;;void;cMagMeshObject*;D3DLIGHT8
?DisableDynamicLight@cMagMeshObject@@QAEXXZ;cMagMeshObject::DisableDynamicLight;0x1005a100;0x1f;__thiscall;;void;cMagMeshObject*
?SetLightingObject@cMagMeshObject@@QAEX_N@Z;cMagMeshObject::SetLightingObject;0x1005a120;0xd;__thiscall;;void;cMagMeshObject*;bool
?SetAmbient@cMagMeshObject@@QAEXMMM@Z;cMagMeshObject::SetAmbient;0x1005a130;0x17;__thiscall;;void;cMagMeshObject*;float;float;float
?JumpEnabled@cMagMeshObject@@QAE_NXZ;cMagMeshObject::JumpEnabled;0x1005a150;0x14;__thiscall;;bool;cMagMeshObject*
?ClassifyPoint@cMagMeshObject@@QAEHUD3DXVECTOR3@@00@Z;cMagMeshObject::ClassifyPoint;0x1005a170;0x63;__thiscall;;uint;cMagMeshObject*;float;float;float;float;float;float;float;float;float
?GetMagnitude@cMagMeshObject@@QAEMUD3DXVECTOR3@@@Z;cMagMeshObject::GetMagnitude;0x1005a1e0;0x36;__thiscall;;float;uint;float;float;float
?GetHelperPosition@cMagMeshObject@@QAE?AUD3DXVECTOR3@@PAD@Z;cMagMeshObject::GetHelperPosition;0x1005a220;0x69;__thiscall;;uint*;cMagMeshObject*;uint*;uchar*
?SetPhysicsType@cMagMeshObject@@QAEXE@Z;cMagMeshObject::SetPhysicsType;0x1005a290;0x165;__thiscall;;void;cMagMeshObject*;uchar
?GetPhysicsType@cMagMeshObject@@QAEEXZ;cMagMeshObject::GetPhysicsType;0x1005a410;0x7;__thiscall;;uchar;cMagMeshObject*
?TraceScene@cMagMeshObject@@QAE_NUD3DXVECTOR3@@0QAU2@PAMPAU2@@Z;cMagMeshObject::TraceScene;0x1005a420;0x69;__thiscall;;uint;cMagMeshObject*;uint;uint;uint;uint;uint;uint;uint;uint;uint
?EnablePushing@cMagMeshObject@@QAEX_N@Z;cMagMeshObject::EnablePushing;0x1005a490;0xd;__thiscall;;void;cMagMeshObject*;bool
?EnablePushing@cMagMeshObject@@QAE_NXZ;cMagMeshObject::EnablePushing;0x1005a4a0;0x7;__thiscall;;bool;cMagMeshObject*
?SetRotationMatrix@cMagMeshObject@@QAEXUD3DXMATRIX@@@Z;cMagMeshObject::SetRotationMatrix;0x1005a4b0;0x10a;__thiscall;;void;cMagMeshObject*;D3DXMATRIX
?EnableNBFacesCollision@cMagMeshObject@@QAEX_N@Z;cMagMeshObject::EnableNBFacesCollision;0x1005a5c0;0xd;__thiscall;;void;cMagMeshObject*;bool
?EnableNBFacesCollision@cMagMeshObject@@QAE_NXZ;cMagMeshObject::EnableNBFacesCollision;0x1005a5d0;0x7;__thiscall;;bool;cMagMeshObject*
?DisableRenderingMeshInSector@cMagSector@@QAEXPAVcMagMeshObject@@@Z;cMagLog::DebugLog;0x1005a5e0;0x3;__thiscall;;void;cMagLog*;D3DXVECTOR3*
?DebugLog@cMagLog@@QAEXPADPAUD3DXVECTOR3@@@Z;cMagGameObject::AddLightmapMesh;0x1005a5f0;0x3;__thiscall;;void;cMagGameObject*;Mesh*;char*
?ActivateLightMap@cMagMeshObject@@QAEXH@Z;cMagMeshObject::ActivateLightMap;0x1005a600;0xd;__thiscall;;void;cMagMeshObject*;int
?SetEllipsoid@cMagMeshObject@@QAEXUD3DXVECTOR3@@@Z;cMagMeshObject::SetEllipsoid;0x1005a610;0x31;__thiscall;;void;cMagMeshObject*;uint;uint;uint
?GetEllipsoid@cMagMeshObject@@QAE?AUD3DXVECTOR3@@XZ;cMagMeshObject::GetEllipsoid;0x1005a650;0x2a;__thiscall;;uchar;cMagMeshObject*;uint*
?TraceObjects@cMagMeshObject@@QAE_NPAVCollision@@@Z;cMagMeshObject::TraceObjects;0x1005a680;0x2d;__thiscall;;bool;cMagMeshObject*;uchar
?TraceScene@cMagMeshObject@@QAE_NPAVCollision@@@Z;cMagMeshObject::TraceScene;0x1005a6b0;0x2d;__thiscall;;bool;cMagMeshObject*;uchar
?CreateMagQuad@cMagMeshObject@@QAEXXZ;cMagMeshObject::CreateMagQuad;0x1005a6e0;0x69;__thiscall;;void;cMagMeshObject*
?SetTextureMagQuad@cMagMeshObject@@QAEXPAD@Z;cMagMeshObject::SetTextureMagQuad;0x1005a750;0x1d;__thiscall;;void;cMagMeshObject*;char*
?RenderMagQuad@cMagMeshObject@@QAEXXZ;cMagMeshObject::RenderMagQuad;0x1005a770;0x116;__thiscall;;void;cMagMeshObject*
?SetAlphaMagQuad@cMagMeshObject@@QAEXM@Z;cMagMeshObject::SetAlphaMagQuad;0x1005a890;0x14e;__thiscall;;void;cMagMeshObject*;float
?GetPhysicsFrameTime@cMagMeshObject@@QAEMXZ;cMagMeshObject::GetPhysicsFrameTime;0x1005a9e0;0x12;__thiscall;;float;cMagMeshObject*
?GetBoundingBox@cMagMeshObject@@UAEXAAUD3DXVECTOR3@@0H@Z;cMagMeshObject::GetBoundingBox;0x1005aa00;0x41;__thiscall;;void;cMagMeshObject*;uchar;uchar;int
?EnableAnimTexture@cMagMeshObject@@QAEX_N@Z;cMagMeshObject::EnableAnimTexture;0x1005aa50;0xd;__thiscall;;void;cMagMeshObject*;bool
?AddTexture@cMagMeshObject@@QAEHPAD@Z;cMagMeshObject::AddTexture;0x1005aa60;0xd;__thiscall;;int;cMagMeshObject*;char*
?SetTexture@cMagMeshObject@@QAE_NH@Z;cMagMeshObject::SetTexture;0x1005aa70;0x64;__thiscall;;bool;cMagMeshObject*;int
?AddAnimTexture@cMagMeshObject@@QAEHPAD@Z;cMagMeshObject::AddAnimTexture;0x1005aae0;0x66;__thiscall;;int;cMagMeshObject*;char*
?SetAnimTextureFPS@cMagMeshObject@@QAEXH@Z;cMagMeshObject::SetAnimTextureFPS;0x1005ab50;0xd;__thiscall;;void;cMagMeshObject*;int
?SetAnimTextureFrameCount@cMagMeshObject@@QAEXH@Z;cMagMeshObject::SetAnimTextureFrameCount;0x1005ab60;0xd;__thiscall;;void;cMagMeshObject*;int
?RenderAnimTexture@cMagMeshObject@@QAEXXZ;cMagMeshObject::RenderAnimTexture;0x1005ab70;0xe0;__thiscall;;void;cMagMeshObject*
?EnableAnimTextureMove@cMagMeshObject@@QAEX_N@Z;cMagMeshObject::EnableAnimTextureMove;0x1005ac50;0xd;__thiscall;;void;cMagMeshObject*;bool
?EnableAttachDynObj@cMagMeshObject@@QAEX_N@Z;cMagMeshObject::EnableAttachDynObj;0x1005ac60;0x17;__thiscall;;void;cMagMeshObject*;bool
?EnableAttachDynObj@cMagMeshObject@@QAE_NXZ;cMagMeshObject::EnableAttachDynObj;0x1005ac80;0x14;__thiscall;;bool;cMagMeshObject*
?EnableLastParentSpeed@cMagMeshObject@@QAEX_N@Z;cMagMeshObject::EnableLastParentSpeed;0x1005aca0;0x17;__thiscall;;void;cMagMeshObject*;bool
?EnableLastParentSpeed@cMagMeshObject@@QAE_NXZ;cMagMeshObject::EnableLastParentSpeed;0x1005acc0;0x14;__thiscall;;bool;cMagMeshObject*
?SetAcceleration@cMagMeshObject@@QAEXM@Z;cMagMeshObject::SetAcceleration;0x1005ace0;0xd;__thiscall;;void;cMagMeshObject*;float
?GetAcceleration@cMagMeshObject@@QAEMXZ;cMagMeshObject::GetAcceleration;0x1005acf0;0x7;__thiscall;;float;cMagMeshObject*
?SectorRendering@cMagMeshObject@@QAE_NXZ;cMagMeshObject::SectorRendering;0x1005ad00;0xed;__thiscall;;bool;cMagMeshObject*
?DisableTestMeshInSector@cMagMeshObject@@QAEX_N@Z;cMagMeshObject::DisableTestMeshInSector;0x1005adf0;0xd;__thiscall;;void;cMagMeshObject*;bool
?PauseObject@cMagMeshObject@@QAEX_N@Z;cMagMeshObject::PauseObject;0x1005ae00;0x45;__thiscall;;void;cMagMeshObject*;bool
?EnableAnimTextureLightMap@cMagMeshObject@@QAEX_N@Z;cMagMeshObject::EnableAnimTextureLightMap;0x1005ae50;0xd;__thiscall;;void;cMagMeshObject*;bool
?AddAnimTextureLightMap@cMagMeshObject@@QAEXPAD@Z;cMagMeshObject::AddAnimTextureLightMap;0x1005ae60;0x1c7;__thiscall;;void;cMagMeshObject*;char*
?SetAnimTextureLightMapFPS@cMagMeshObject@@QAEXH@Z;cMagMeshObject::SetAnimTextureLightMapFPS;0x1005b030;0xd;__thiscall;;void;cMagMeshObject*;int
?AnimateLightMap@cMagMeshObject@@QAEXXZ;cMagMeshObject::AnimateLightMap;0x1005b040;0xcb;__thiscall;;void;cMagMeshObject*
?EnableZBuffeWrite@cMagMeshObject@@QAEX_N@Z;cMagMeshObject::EnableZBuffeWrite;0x1005b110;0xd;__thiscall;;void;cMagMeshObject*;bool
?EnableZBuffeWrite@cMagMeshObject@@QAE_NXZ;cMagMeshObject::EnableZBuffeWrite;0x1005b120;0x7;__thiscall;;bool;cMagMeshObject*
?GetFaceCount@cMagMeshObject@@QAEHXZ;cMagMeshObject::GetFaceCount;0x1005b130;0x25;__thiscall;;int;cMagMeshObject*
?EnableForceTransform@cMagMeshObject@@QAEX_N@Z;cMagMeshObject::EnableForceTransform;0x1005b160;0xd;__thiscall;;void;cMagMeshObject*;bool
?SetForceTransformMatrix@cMagMeshObject@@QAEXUD3DXMATRIX@@@Z;cMagMeshObject::SetForceTransformMatrix;0x1005b170;0x18;__thiscall;;void;cMagMeshObject*;uchar
?SetLightPosition@cMagMeshObject@@QAEXUD3DXVECTOR3@@@Z;cMagMeshObject::SetLightPosition;0x1005b190;0x2b;__thiscall;;void;cMagMeshObject*;D3DXVECTOR3
?EnableLight@cMagMeshObject@@QAEX_N@Z;cMagMeshObject::EnableLight;0x1005b1c0;0x17;__thiscall;;void;cMagMeshObject*;bool
?SetMaterialDiffuse@cMagMeshObject@@QAEXMMMM@Z;cMagMeshObject::SetMaterialDiffuse;0x1005b1e0;0x26;__thiscall;;void;cMagMeshObject*;float;float;float;float
?SetMaterialAmbient@cMagMeshObject@@QAEXMMMM@Z;cMagMeshObject::SetMaterialAmbient;0x1005b210;0x26;__thiscall;;void;cMagMeshObject*;float;float;float;float
?SetLightDiffuse@cMagMeshObject@@QAEXMMMM@Z;cMagMeshObject::SetLightDiffuse;0x1005b240;0x26;__thiscall;;void;cMagMeshObject*;float;float;float;float
?SetLightAmbient@cMagMeshObject@@QAEXMMMM@Z;cMagMeshObject::SetLightAmbient;0x1005b270;0x26;__thiscall;;void;cMagMeshObject*;float;float;float;float
?EnableRenderShadow@cMagMeshObject@@QAEX_N@Z;cMagMeshObject::EnableRenderShadow;0x1005b2a0;0x17;__thiscall;;void;cMagMeshObject*;bool
?EnableRenderShadow@cMagMeshObject@@QAE_NXZ;cMagMeshObject::EnableRenderShadow;0x1005b2c0;0x12;__thiscall;;bool;cMagMeshObject*
?CreateBumpAndEnviromentTexture@cMagMeshObject@@QAEXXZ;cMagMeshObject::CreateBumpAndEnviromentTexture;0x1005b2e0;0x2ba;__thiscall;;void;cMagMeshObject*
?LoadLod@cMagMeshObject@@QAEXPAD@Z;cMagMeshObject::LoadLod;0x1005b5a0;0x408;__thiscall;;void;cMagMeshObject*;char*
?_TestDistanceLOD@cMagMeshObject@@QAE_NM@Z;cMagMeshObject::_TestDistanceLOD;0x1005b9b0;0x183;__thiscall;;bool;cMagMeshObject*;float
?CreateNavigationPath@cMagMeshObject@@QAE_NPAD@Z;cMagMeshObject::CreateNavigationPath;0x1005bb40;0x43e;__thiscall;;bool;cMagMeshObject*;char*
;FUN_1005bf80;0x1005bf80;0x58;__fastcall;;int;int
;FUN_1005bff0;0x1005bff0;0x263;__fastcall;;uchar;float*
;FUN_1005c260;0x1005c260;0x17;__fastcall;;uchar;int
?BuildNaviPoints@cMagMeshObject@@QAE_NUD3DXVECTOR3@@0@Z;cMagMeshObject::BuildNaviPoints;0x1005c280;0x332;__thiscall;;uint;cMagMeshObject*;uint;uint;uint;uint;uint;uint
;FUN_1005c5c0;0x1005c5c0;0x4d;__fastcall;;uchar;int
?GetNaviPointsCount@cMagMeshObject@@QAEHXZ;cMagMeshObject::GetNaviPointsCount;0x1005c610;0x26;__thiscall;;int;cMagMeshObject*
?GetNaviPointAt@cMagMeshObject@@QAE?AUD3DXVECTOR3@@H@Z;cMagMeshObject::GetNaviPointAt;0x1005c640;0xc5;__thiscall;;uchar;cMagMeshObject*;uint*;uint
?GotoRandomLocation@cMagMeshObject@@QAE?AUD3DXVECTOR3@@XZ;cMagMeshObject::GotoRandomLocation;0x1005c710;0xa5;__thiscall;;uchar;cMagMeshObject*;uint*
;FUN_1005c7c0;0x1005c7c0;0x29;__fastcall;;uchar;int
;FUN_1005c7f0;0x1005c7f0;0x38;__fastcall;;uchar;int
;FUN_1005c830;0x1005c830;0x2a;__thiscall;;uchar*;void*;uchar*
;FUN_1005c860;0x1005c860;0x4d;__fastcall;;uchar;int
;FUN_1005c8b0;0x1005c8b0;0xd9;__stdcall;;uchar
;FUN_1005c9a0;0x1005c9a0;0x158;__thiscall;;uint*;uint*;int
;FUN_1005cb20;0x1005cb20;0x4a;__fastcall;;uchar;exception*
;FUN_1005cb90;0x1005cb90;0x1e;__thiscall;;exception*;void*;uchar
;FUN_1005cbb0;0x1005cbb0;0x155;__thiscall;;uint*;uint*;int
;FUN_1005cd10;0x1005cd10;0x45;__thiscall;;uint*;void*;uint*;uint*
;FUN_1005cd60;0x1005cd60;0x32;__thiscall;;uchar;void*;uint*;uint*
;FUN_1005cda0;0x1005cda0;0x45;__thiscall;;uint*;void*;uint*;uint*
;FUN_1005cdf0;0x1005cdf0;0x32;__stdcall;;uchar;uint*;int;uint*
;FUN_1005ce30;0x1005ce30;0x30;__stdcall;;uchar;uint*;int;uint*
;FUN_1005ce60;0x1005ce60;0x18;__cdecl;;uchar;uint*;uint*
;FUN_1005ceb0;0x1005ceb0;0xc;__stdcall;;uchar
;FUN_1005cec0;0x1005cec0;0xc;__stdcall;;uchar
;FUN_1005cee0;0x1005cee0;0xa;__stdcall;;uchar
;FUN_1005cef0;0x1005cef0;0xc;__stdcall;;uchar
;FUN_1005cf20;0x1005cf20;0xa;__stdcall;;uchar
;FUN_1005cf30;0x1005cf30;0xc;__stdcall;;uchar
;FUN_1005cf60;0x1005cf60;0xa;__stdcall;;uchar
;FUN_1005cf70;0x1005cf70;0xc;__stdcall;;uchar
??0IStudioMesh@@QAE@XZ;IStudioMesh::IStudioMesh;0x1005cf90;0x143;__thiscall;;uchar;IStudioMesh*
??1IStudioMesh@@UAE@XZ;IStudioMesh::~IStudioMesh;0x1005d0e0;0x127;__thiscall;;void;IStudioMesh*
?LoadMesh@IStudioMesh@@QAE_NPADPAVcMagMeshObject@@@Z;IStudioMesh::LoadMesh;0x1005d210;0xa6;__thiscall;;bool;IStudioMesh*;char*;cMagMeshObject*
;Catch@1005d2b6;0x1005d2b6;0x25;__stdcall;;uint
?LoadColTypeTexIni@IStudioMesh@@QAEXPAD@Z;IStudioMesh::LoadColTypeTexIni;0x1005d2e0;0x93;__thiscall;;void;IStudioMesh*;char*
?CreateColTypeTexIni@IStudioMesh@@QAEXPAD@Z;IStudioMesh::CreateColTypeTexIni;0x1005d380;0x2e4;__thiscall;;void;IStudioMesh*;char*
?EnableAnimTexture@IStudioMesh@@QAEX_N@Z;IStudioMesh::EnableAnimTexture;0x1005d670;0xd;__thiscall;;void;IStudioMesh*;bool
?SetShadowType@IStudioMesh@@QAEXH@Z;IStudioMesh::SetShadowType;0x1005d680;0x17;__thiscall;;void;IStudioMesh*;int
?RenderMesh@IStudioMesh@@QAEXUD3DXMATRIX@@@Z;IStudioMesh::RenderMesh;0x1005d6a0;0x51;__thiscall;;void;IStudioMesh*;uchar
?EnableRenderShadow@IStudioMesh@@QAEX_N@Z;IStudioMesh::EnableRenderShadow;0x1005d700;0xd;__thiscall;;void;IStudioMesh*;bool
?EnableRenderShadow@IStudioMesh@@QAE_NXZ;IStudioMesh::EnableRenderShadow;0x1005d710;0x7;__thiscall;;bool;IStudioMesh*
?OnRenderShadow@IStudioMesh@@QAEXUD3DXMATRIX@@@Z;IStudioMesh::OnRenderShadow;0x1005d720;0xa5;__thiscall;;void;IStudioMesh*
?SetCullMode@IStudioMesh@@QAEXH@Z;IStudioMesh::SetCullMode;0x1005d7d0;0x78;__thiscall;;void;IStudioMesh*;int
?SetAlpha@IStudioMesh@@QAEXH@Z;IStudioMesh::SetAlpha;0x1005d850;0x8d;__thiscall;;void;IStudioMesh*;int
?GetHelperPosition@IStudioMesh@@QAE?AUD3DXVECTOR3@@PADUD3DXMATRIX@@@Z;IStudioMesh::GetHelperPosition;0x1005d8e0;0x4b;__thiscall;;uint*;IStudioMesh*;uint*;uchar*
?UpdateMorfing@IStudioMesh@@QAEXXZ;IStudioMesh::UpdateMorfing;0x1005d930;0x1e;__thiscall;;void;IStudioMesh*
?PlayMorfing@IStudioMesh@@QAE_NXZ;IStudioMesh::PlayMorfing;0x1005d950;0xba;__thiscall;;bool;IStudioMesh*
?EnableMorph1@IStudioMesh@@QAEX_N@Z;IStudioMesh::EnableMorph1;0x1005da10;0xd;__thiscall;;void;IStudioMesh*;bool
?SetMorphData@IStudioMesh@@QAEXHHM@Z;IStudioMesh::SetMorphData;0x1005da20;0x21;__thiscall;;void;IStudioMesh*;int;int;float
?SetStepMorph@IStudioMesh@@QAEXM@Z;IStudioMesh::SetStepMorph;0x1005da50;0xd;__thiscall;;void;IStudioMesh*;float
?SetStep@IStudioMesh@@QAEXM@Z;IStudioMesh::SetStep;0x1005da60;0x17;__thiscall;;void;IStudioMesh*;float
?EnableMorph@IStudioMesh@@QAEX_N@Z;IStudioMesh::EnableMorph;0x1005da80;0x17;__thiscall;;void;IStudioMesh*;bool
?UpdateAnimation@IStudioMesh@@QAEXUD3DXMATRIX@@@Z;IStudioMesh::UpdateAnimation;0x1005daa0;0x5bd;__thiscall;;void;IStudioMesh*
?InitAnimSeq@IStudioMesh@@QAE_NPADHH@Z;IStudioMesh::InitAnimSeq;0x1005e060;0x3b0;__thiscall;;bool;IStudioMesh*;char*;int;int
?SetAnimFreq@IStudioMesh@@QAEXPADM@Z;IStudioMesh::SetAnimFreq;0x1005e410;0x75;__thiscall;;void;IStudioMesh*;char*;float
?PlayAnim@IStudioMesh@@QAEXPAD@Z;IStudioMesh::PlayAnim;0x1005e490;0x162;__thiscall;;void;IStudioMesh*;char*
?PlayAnim@IStudioMesh@@QAEXPADH@Z;IStudioMesh::PlayAnim;0x1005e600;0x163;__thiscall;;void;IStudioMesh*;char*;int
?StopAnim@IStudioMesh@@QAEXPAD@Z;IStudioMesh::StopAnim;0x1005e770;0x102;__thiscall;;void;IStudioMesh*;char*
?IsPlaying@IStudioMesh@@QAE_NPAD@Z;IStudioMesh::IsPlaying;0x1005e880;0x7a;__thiscall;;bool;IStudioMesh*;char*
?DeleteAnimSeq@IStudioMesh@@QAEXPAD@Z;IStudioMesh::DeleteAnimSeq;0x1005e900;0x8a;__thiscall;;void;IStudioMesh*;char*
?DeleteAllAnimSeq@IStudioMesh@@QAEXXZ;IStudioMesh::DeleteAllAnimSeq;0x1005e990;0x5d;__thiscall;;void;IStudioMesh*
?EnableLight@IStudioMesh@@QAEX_N@Z;IStudioMesh::EnableLight;0x1005e9f0;0x17;__thiscall;;void;IStudioMesh*;bool
?SetMaterialDiffuse@IStudioMesh@@QAEXMMMM@Z;IStudioMesh::SetMaterialDiffuse;0x1005ea10;0x26;__thiscall;;void;IStudioMesh*;float;float;float;float
?SetMaterialAmbient@IStudioMesh@@QAEXMMMM@Z;IStudioMesh::SetMaterialAmbient;0x1005ea40;0x26;__thiscall;;void;IStudioMesh*;float;float;float;float
?SetLightDiffuse@IStudioMesh@@QAEXMMMM@Z;IStudioMesh::SetLightDiffuse;0x1005ea70;0x26;__thiscall;;void;IStudioMesh*;float;float;float;float
?SetLightAmbient@IStudioMesh@@QAEXMMMM@Z;IStudioMesh::SetLightAmbient;0x1005eaa0;0x26;__thiscall;;void;IStudioMesh*;float;float;float;float
?GetFrameCount@IStudioMesh@@QAEHXZ;IStudioMesh::GetFrameCount;0x1005ead0;0x12;__thiscall;;int;IStudioMesh*
?GetFaceCount@IStudioMesh@@QAEHXZ;IStudioMesh::GetFaceCount;0x1005eaf0;0x12;__thiscall;;int;IStudioMesh*
?SetLightPosition@IStudioMesh@@QAEXUD3DXVECTOR3@@@Z;IStudioMesh::SetLightPosition;0x1005eb10;0x1d;__thiscall;;void;IStudioMesh*;D3DXVECTOR3
?ComputeBoundingBox@IStudioMesh@@QAEXAAUD3DXVECTOR3@@0@Z;IStudioMesh::ComputeBoundingBox;0x1005eb30;0x32e;__thiscall;;void;IStudioMesh*;uchar;uchar
?GetBoneMatrix@IStudioMesh@@QAE_NPADAAUD3DXMATRIX@@1@Z;IStudioMesh::GetBoneMatrix;0x1005ee60;0x63;__thiscall;;bool;IStudioMesh*;char*;uchar;uchar
?EnableAnimKeys@IStudioMesh@@QAEX_N@Z;IStudioMesh::EnableAnimKeys;0x1005eed0;0x14;__thiscall;;void;IStudioMesh*;bool
?SetMeshType@IStudioMesh@@QAEXH@Z;IStudioMesh::SetMeshType;0x1005eef0;0x17;__thiscall;;void;IStudioMesh*;int
?GetPerfCounter@MagProfile@@QAEXAAT_LARGE_INTEGER@@@Z;IStudioMesh::GetPerfCounter;0x1005ef10;0x2c;__thiscall;;void;IStudioMesh*;_LARGE_INTEGER*
;FUN_1005ef40;0x1005ef40;0x23;__fastcall;;int;int
;FUN_1005ef70;0x1005ef70;0x32;__stdcall;;uchar;uint*;int;uint*
;FUN_1005efe0;0x1005efe0;0xc;__stdcall;;uchar
;FUN_1005eff0;0x1005eff0;0xc;__stdcall;;uchar
;FUN_1005f010;0x1005f010;0xa;__stdcall;;uchar
;FUN_1005f020;0x1005f020;0xc;__stdcall;;uchar
;FUN_1005f050;0x1005f050;0xa;__stdcall;;uchar
;FUN_1005f060;0x1005f060;0xc;__stdcall;;uchar
;_Java_Billboard_GetPosition@8;0x1005f080;0x51;__stdcall;;uchar;uint;uint
;_Java_Camera_SetPosition@12;0x1005f0e0;0x57;__stdcall;;uchar;uint;uint;uint
;_Java_Camera_GetDirection@8;0x1005f140;0x27;__stdcall;;uchar;uint;uint
;_Java_Camera_SetDirection@12;0x1005f190;0x57;__stdcall;;uchar;uint;uint;uint
;_Java_Camera_GetUp@8;0x1005f1f0;0x4e;__stdcall;;uchar;uint;uint
;_Java_Camera_SetUp@12;0x1005f240;0x57;__stdcall;;uchar;uint;uint;uint
;_Java_Camera_SetRight@12;0x1005f2a0;0x57;__stdcall;;uchar;uint;uint;uint
;_Java_Camera_GetRight@8;0x1005f300;0x4e;__stdcall;;uchar;uint;uint
;_Java_Camera_GetFreeRotationMatrix@8;0x1005f350;0x21;__stdcall;;uchar;uint;uint
;_Java_Camera_SetFreeRotationMatrix@12;0x1005f380;0x2b;__stdcall;;uchar;uint;uint;char
;_Java_Camera_Rotate@16;0x1005f3b0;0x5e;__stdcall;;uchar;uint;uint;uint;char
;_Java_Camera_GetFarPlane@8;0x1005f410;0x21;__stdcall;;float10;uint;uint
;_Java_Camera_GetNearPlane@8;0x1005f440;0x21;__stdcall;;float10;uint;uint
;_Java_Camera_SetFarPlane@12;0x1005f470;0x26;__stdcall;;uchar;uint;uint;float
;_Java_Camera_SetNearPlane@12;0x1005f4a0;0x26;__stdcall;;uchar;uint;uint;float
;_Java_Camera_GetFOV@8;0x1005f4d0;0x21;__stdcall;;float10;uint;uint
;_Java_Camera_SetFOV@12;0x1005f500;0x26;__stdcall;;uchar;uint;uint;float
??0CCamera@@QAE@XZ;CCamera::CCamera;0x1005f530;0x176;__thiscall;;CCamera*;CCamera*
??1CCamera@@UAE@XZ;CCamera::~CCamera;0x1005f6b0;0xb;__thiscall;;void;CCamera*
?SetFOV@CCamera@@QAEXM@Z;CCamera::SetFOV;0x1005f6c0;0xd;__thiscall;;void;CCamera*;float
?GetFOV@CCamera@@QAEMXZ;CCamera::GetFOV;0x1005f6d0;0x7;__thiscall;;float;CCamera*
?SetPosition@CCamera@@QAEXUD3DXVECTOR3@@@Z;CCamera::SetPosition;0x1005f6e0;0x21;__thiscall;;void;CCamera*;D3DXVECTOR3
?GetPosition@CCamera@@UAE?AUD3DXVECTOR3@@XZ;CCamera::GetPosition;0x1005f710;0x21;__thiscall;;D3DXVECTOR3*;CCamera*;D3DXVECTOR3*
?SetNearPlane@CCamera@@QAEXM@Z;CCamera::SetNearPlane;0x1005f740;0xd;__thiscall;;void;CCamera*;float
?SetFarPlane@CCamera@@QAEXM@Z;CCamera::SetFarPlane;0x1005f750;0xd;__thiscall;;void;CCamera*;float
?GetNearPlane@CCamera@@QAEMXZ;CCamera::GetNearPlane;0x1005f760;0x7;__thiscall;;float;CCamera*
?SetAspect@CCamera@@QAEXM@Z;CCamera::SetAspect;0x1005f770;0xd;__thiscall;;void;CCamera*;float
?GetAspect@CCamera@@QAEMXZ;CCamera::GetAspect;0x1005f780;0x7;__thiscall;;float;CCamera*
?GetFarPlane@CCamera@@QAEMXZ;CCamera::GetFarPlane;0x1005f790;0x7;__thiscall;;float;CCamera*
?SetDirection@CCamera@@QAEXUD3DXVECTOR3@@@Z;CCamera::SetDirection;0x1005f7a0;0x4b4;__thiscall;;void;CCamera*;D3DXVECTOR3
?GetDirection@CCamera@@QAE?AUD3DXVECTOR3@@XZ;CCamera::GetDirection;0x1005fc60;0x21;__thiscall;;D3DXVECTOR3*;CCamera*;D3DXVECTOR3*
?GetRight@CCamera@@QAE?AUD3DXVECTOR3@@XZ;CCamera::GetRight;0x1005fc90;0x21;__thiscall;;D3DXVECTOR3*;CCamera*;D3DXVECTOR3*
?GetUp@CCamera@@QAE?AUD3DXVECTOR3@@XZ;CCamera::GetUp;0x1005fcc0;0x21;__thiscall;;D3DXVECTOR3*;CCamera*;D3DXVECTOR3*
?UpdateAspectByWindowSize@CCamera@@QAEX_N@Z;CCamera::UpdateAspectByWindowSize;0x1005fcf0;0xd;__thiscall;;void;CCamera*;bool
?OnRender@CCamera@@UAEXXZ;CCamera::OnRender;0x1005fd00;0x9a;__thiscall;;void;CCamera*
?UpdateWindowSize@CCamera@@QAEXHH@Z;CCamera::UpdateWindowSize;0x1005fda0;0x1b;__thiscall;;void;CCamera*;int;int
?GetID@CCamera@@QAEHXZ;CCamera::GetID;0x1005fdc0;0x7;__thiscall;;int;CCamera*
?OnActivateView@CCamera@@UAEXXZ;CCamera::OnActivateView;0x1005fdd0;0x44;__thiscall;;void;CCamera*
?Rotate@CCamera@@QAEXUD3DXVECTOR3@@M_N@Z;CCamera::Rotate;0x1005fe20;0xab;__thiscall;;void;CCamera*;D3DXVECTOR3;float;bool
?OnDeactivateView@CCamera@@UAEXXZ;CCamera::OnDeactivateView;0x1005fed0;0x40;__thiscall;;void;CCamera*
?SetFreeRotationMatrix@CCamera@@QAEX_N@Z;CCamera::SetFreeRotationMatrix;0x1005ff10;0xd;__thiscall;;void;CCamera*;bool
?GetFreeRotationMatrix@CCamera@@QAE_NXZ;CCamera::GetFreeRotationMatrix;0x1005ff20;0x7;__thiscall;;bool;CCamera*
?SetUp@CCamera@@QAEXUD3DXVECTOR3@@@Z;CCamera::SetUp;0x1005ff30;0x2d4;__thiscall;;void;CCamera*;D3DXVECTOR3
?SetRight@CCamera@@QAEXUD3DXVECTOR3@@@Z;CCamera::SetRight;0x10060210;0x264;__thiscall;;void;CCamera*;D3DXVECTOR3
;FUN_10060520;0x10060520;0xa;__stdcall;;uchar
;FUN_10060530;0x10060530;0xc;__stdcall;;uchar
;FUN_10060560;0x10060560;0xa;__stdcall;;uchar
;FUN_10060570;0x10060570;0xc;__stdcall;;uchar
??1cMagCamera@@UAE@XZ;cMagCamera::~cMagCamera;0x10060620;0xb;__thiscall;;void;cMagCamera*
??0cMagCamera@@QAE@MMMMMMMMM@Z;cMagCamera::cMagCamera;0x10060630;0x5c;__thiscall;;uchar;cMagCamera*;float;float;float;float;float;float;float;float;float
?Init@cMagCamera@@QAEXMMMMMMMMM@Z;cMagCamera::Init;0x10060690;0x35;__thiscall;;void;cMagCamera*;float;float;float;float;float;float;float;float;float
?PositionCamera@cMagCamera@@QAEXMMMMMMMMM@Z;cMagCamera::PositionCamera;0x100606d0;0xb2;__thiscall;;void;cMagCamera*;float;float;float;float;float;float;float;float;float
?RotateView@cMagCamera@@QAEXMMM@Z;cMagCamera::RotateView;0x10060790;0x11f;__thiscall;;void;cMagCamera*;float;float;float
?MoveCamera@cMagCamera@@QAEXM@Z;cMagCamera::MoveCamera;0x100608b0;0xa3;__thiscall;;void;cMagCamera*;float
?MoveCameraByMouse@cMagCamera@@QAE_NHHHH@Z;cMagCamera::MoveCameraByMouse;0x10060960;0xf1;__thiscall;;bool;cMagCamera*;int;int;int;int
;FUN_10060aa0;0x10060aa0;0xa;__stdcall;;uchar
;FUN_10060ab0;0x10060ab0;0xc;__stdcall;;uchar
;FUN_10060ae0;0x10060ae0;0xa;__stdcall;;uchar
;FUN_10060af0;0x10060af0;0xc;__stdcall;;uchar
;_Java_CollisionCamera_Create@16;0x10060b10;0x42;__stdcall;;uchar;uint;uint;uint;char
;_Java_CollisionCamera_SetRadius@12;0x10060b60;0x57;__stdcall;;uchar;uint;uint;uint
;_Java_CollisionCamera_SetAngle@12;0x10060bc0;0x26;__stdcall;;uchar;uint;uint;float
??0CCollisionCamera@@QAE@XZ;CCollisionCamera::CCollisionCamera;0x10060bf0;0x12;__thiscall;;CCollisionCamera*;CCollisionCamera*
??0CCollisionCamera@@QAE@PAVcMagMeshObject@@_N@Z;CCollisionCamera::CCollisionCamera;0x10060c10;0x55;__thiscall;;uchar;CCollisionCamera*;cMagMeshObject*;bool
??1CCollisionCamera@@UAE@XZ;CCollisionCamera::~CCollisionCamera;0x10060c70;0xb;__thiscall;;void;CCollisionCamera*
?Create@CCollisionCamera@@QAEXPAVcMagMeshObject@@_N@Z;CCollisionCamera::Create;0x10060c80;0x12a;__thiscall;;void;CCollisionCamera*;cMagMeshObject*;bool
?Update@CCollisionCamera@@QAEXM@Z;CCollisionCamera::Update;0x10060db0;0xd;__thiscall;;void;CCollisionCamera*;float
?SetRadius@CCollisionCamera@@QAEXUD3DXVECTOR3@@@Z;CCollisionCamera::SetRadius;0x10060dc0;0x1d;__thiscall;;void;CCollisionCamera*;D3DXVECTOR3
?SetAngle@CCollisionCamera@@QAEXM@Z;CCollisionCamera::SetAngle;0x10060de0;0xd;__thiscall;;void;CCollisionCamera*;float
?SetDistance@CCollisionCamera@@QAEXM@Z;CCollisionCamera::SetDistance;0x10060df0;0xd;__thiscall;;void;CCollisionCamera*;float
?SetLookAtAngle@CCollisionCamera@@QAEXM@Z;CCollisionCamera::SetLookAtAngle;0x10060e00;0xd;__thiscall;;void;CCollisionCamera*;float
?OnInputKey@CCollisionCamera@@UAEXPAE@Z;CCollisionCamera::OnInputKey;0x10060e10;0x1b9;__thiscall;;void;CCollisionCamera*;uchar*
?GetObservedPosition@CCollisionCamera@@QAE?AUD3DXVECTOR3@@XZ;CCollisionCamera::GetObservedPosition;0x10060fd0;0x6e;__thiscall;;D3DXVECTOR3*;CCollisionCamera*;D3DXVECTOR3*
?GetOffset@CCollisionCamera@@QAE?AUD3DXVECTOR3@@XZ;CCollisionCamera::GetOffset;0x10061040;0x46;__thiscall;;D3DXVECTOR3*;CCollisionCamera*;D3DXVECTOR3*
?GetRadius@CCollisionCamera@@QAE?AUD3DXVECTOR3@@XZ;CCollisionCamera::GetRadius;0x10061090;0x21;__thiscall;;uchar;CCollisionCamera*;uint*
?UpdateView@CCollisionCamera@@QAEXXZ;CCollisionCamera::UpdateView;0x100610c0;0x44;__thiscall;;void;CCollisionCamera*
?GetDistenceToObserved@CCollisionCamera@@QAEMXZ;CCollisionCamera::GetDistenceToObserved;0x10061110;0x72;__thiscall;;float;CCollisionCamera*
?Update2@CCollisionCamera@@QAEXM@Z;CCollisionCamera::Update2;0x10061190;0x1f1;__thiscall;;void;CCollisionCamera*;float
?SetRotSpeedY@CCollisionCamera@@QAEXM@Z;CCollisionCamera::SetRotSpeedY;0x100615b0;0xd;__thiscall;;void;CCollisionCamera*;float
?Update3@CCollisionCamera@@QAEXM@Z;CCollisionCamera::Update3;0x100615c0;0x149;__thiscall;;void;CCollisionCamera*;float
?ReadSettings@CCollisionCamera@@QAEXPAD@Z;CCollisionCamera::ReadSettings;0x10061740;0x268;__thiscall;;void;CCollisionCamera*;char*
?SetOppositeDirection@CCollisionCamera@@QAEX_N@Z;CCollisionCamera::SetOppositeDirection;0x100619b0;0x17;__thiscall;;void;CCollisionCamera*;bool
?GetOppositeDirection@CCollisionCamera@@QAE_NXZ;CCollisionCamera::GetOppositeDirection;0x100619d0;0x7;__thiscall;;bool;CCollisionCamera*
?GetObservedDirection@CCollisionCamera@@QAE?AUD3DXVECTOR3@@XZ;CCollisionCamera::GetObservedDirection;0x100619e0;0xa9;__thiscall;;D3DXVECTOR3*;CCollisionCamera*;D3DXVECTOR3*
?Pause@CCollisionCamera@@QAEX_N@Z;CCollisionCamera::Pause;0x10061a90;0x22;__thiscall;;void;CCollisionCamera*;bool
?AfterPauseDelay@CCollisionCamera@@QAEX_N@Z;CCollisionCamera::AfterPauseDelay;0x10061ac0;0xd;__thiscall;;void;CCollisionCamera*;bool
;FUN_10061b10;0x10061b10;0xa;__stdcall;;uchar
;FUN_10061b20;0x10061b20;0xc;__stdcall;;uchar
;FUN_10061b50;0x10061b50;0xa;__stdcall;;uchar
;FUN_10061b60;0x10061b60;0xc;__stdcall;;uchar
;_Java_FreeCamera_GetRotSpeed@8;0x10061b80;0x20;__stdcall;;float10;uint;uint
;_Java_FreeCamera_SetSpeedValue@12;0x10061ba0;0x24;__stdcall;;uchar;uint;uint;uint
;_Java_FreeCamera_GetSpeedValue@8;0x10061bd0;0x20;__stdcall;;float10;uint;uint
;_Java_FreeCamera_SetRotSpeeed@12;0x10061bf0;0x24;__stdcall;;uchar;uint;uint;uint
??0CFreeCamera@@QAE@XZ;CFreeCamera::CFreeCamera;0x10061c20;0xb8;__thiscall;;CFreeCamera*;CFreeCamera*
??1CFreeCamera@@UAE@XZ;CFreeCamera::~CFreeCamera;0x10061ce0;0xb;__thiscall;;void;CFreeCamera*
?OnInputKey@CFreeCamera@@UAEXPAE@Z;CFreeCamera::OnInputKey;0x10061cf0;0x17;__thiscall;;void;CFreeCamera*;uchar*
?OnInputMouse@CFreeCamera@@UAEXMM_N0@Z;CFreeCamera::OnInputMouse;0x10061d10;0x178;__thiscall;;void;CFreeCamera*;float;float;bool;bool
?GetUpdate@CFreeCamera@@QAENH@Z;CFreeCamera::GetUpdate;0x10061f80;0xc2;__thiscall;;double;CFreeCamera*;int
?OnActivateView@CFreeCamera@@UAEXXZ;CFreeCamera::OnActivateView;0x10062050;0x66;__thiscall;;void;CFreeCamera*
?SetSpeedValue@CFreeCamera@@QAEXM@Z;CFreeCamera::SetSpeedValue;0x100620c0;0xd;__thiscall;;void;CFreeCamera*;float
?CheckWindowActivation@CFreeCamera@@QAE_NXZ;CFreeCamera::CheckWindowActivation;0x100620d0;0x43;__thiscall;;bool;CFreeCamera*
?ReadSettings@CFreeCamera@@QAEXPAD@Z;CFreeCamera::ReadSettings;0x10062120;0x114;__thiscall;;void;CFreeCamera*;char*
;FUN_10062280;0x10062280;0xa;__stdcall;;uchar
;FUN_10062290;0x10062290;0xc;__stdcall;;uchar
;FUN_100622c0;0x100622c0;0xa;__stdcall;;uchar
;FUN_100622d0;0x100622d0;0xc;__stdcall;;uchar
;_Java_Sprite_SetMouseRegion@20;0x100622f0;0x30;__stdcall;;uchar;uint;uint;uint;uint;uint
;_Java_Sprite_CheckMouseRegion@8;0x10062320;0x21;__stdcall;;uchar;uint;uint
;_Java_Sprite_CutFrame@28;0x10062350;0x89;__stdcall;;uchar;uint;uint;int;int;int;int;uint*
;_Java_Sprite_SetAlpha__IF@16;0x100623e0;0x2b;__stdcall;;uchar;uint;uint;int;float
;_Java_Sprite_TexFromDigit@28;0x10062410;0x89;__stdcall;;uchar;uint;uint;int;int;int;int;uint*
;_Java_Sprite_SetRotate@20;0x100624a0;0x5d;__stdcall;;uchar;uint;uint;int;uint;uint
;_Java_Sprite_EnableSpriteRendering@12;0x10062500;0x2b;__stdcall;;uchar;uint;uint;char
;_Java_Sprite_SetPos@24;0x10062530;0x35;__stdcall;;uchar;uint;uint;int;float;float;int
;_Java_Sprite_AddTexture@12;0x10062570;0x5c;__stdcall;;int;uint;uint;uint
;_Java_Billboard_GetStatusRemoveObject@8;0x100625d0;0x24;__stdcall;;uchar;uint;uint
;_Java_Sprite_SetCursorPosition@16;0x10062600;0x2b;__stdcall;;uchar;uint;uint;Mesh*;char*
;_Java_Sprite_SetTextureRect@16;0x10062630;0x62;__stdcall;;uchar;uint;uint;int;uint*
;_Java_Sprite_SetScaleAsWindow@12;0x100626a0;0x26;__stdcall;;uchar;uint;uint;int
;_Java_Sprite_GetMouseActivateSprite@8;0x100626d0;0x21;__stdcall;;uchar;uint;uint
;_Java_Sprite_Hide@12;0x10062700;0x26;__stdcall;;uchar;uint;uint;int
;_Java_Sprite_SetScale__IFF@20;0x10062730;0x30;__stdcall;;uchar;uint;uint;int;float;float
;_Java_Sprite_SetScale__LRect_2@12;0x10062760;0x80;__stdcall;;uchar;uint;uint;uint*
;_Java_Billboard_RemoveObject@12;0x100627e0;0x2e;__stdcall;;uchar;uint;uint;char
;_Java_Sprite_Show@12;0x10062810;0x26;__stdcall;;uchar;uint;uint;int
;_Java_Sprite_SetAlpha__II@16;0x10062840;0x2e;__stdcall;;uchar;uint;uint;int;int
??0cMagSprite@@QAE@XZ;cMagSprite::cMagSprite;0x10062870;0x366;__thiscall;;uchar;cMagSprite*
;cMagSprite::scalar_destructor;0x10062be0;0x57;__thiscall;;cMagSprite*;cMagSprite*;uchar
??1cMagSprite@@UAE@XZ;cMagSprite::~cMagSprite;0x10062c40;0x157;__thiscall;;void;cMagSprite*
?ShowText@cMagSprite@@QAEXHMMMM@Z;cMagSprite::SetTextColor;0x10062da0;0xaf;__thiscall;;void;cMagSprite*;int;float;float;float;float
?ShowText@cMagSprite@@QAEXH_N@Z;cMagSprite::ShowText;0x10062e50;0x72;__thiscall;;void;cMagSprite*;int;bool
?SetText@cMagSprite@@QAEXHPAD@Z;cMagSprite::SetText;0x10062ed0;0xb4;__thiscall;;void;cMagSprite*;int;char*
?SetText@cMagSprite@@QAEXHPADMMMMMM@Z;cMagSprite::SetText;0x10062f90;0x17a;__thiscall;;void;cMagSprite*;int;char*;float;float;float;float;float;float
?SetTextPosition@cMagSprite@@QAEXHMM@Z;cMagSprite::SetTextPosition;0x10063110;0xeb;__thiscall;;void;cMagSprite*;int;float;float
?GetText@cMagSprite@@QAEPADH@Z;cMagSprite::GetText;0x10063200;0x7d;__thiscall;;char*;cMagSprite*;int
?ClearTextBuffer@cMagSprite@@QAEXXZ;cMagSprite::ClearTextBuffer;0x10063280;0xba;__thiscall;;void;cMagSprite*
?SetText@cMagSprite@@QAEHPADMMMMMM@Z;cMagSprite::SetText;0x10063340;0x37c;__thiscall;;int;cMagSprite*;char*;float;float;float;float;float;float
?CreateFontA@cMagSprite@@QAEXPADJ@Z;cMagSprite::CreateFontA;0x100636c0;0x53;__thiscall;;void;cMagSprite*;char*;long
?Restore@cMagSprite@@QAEXXZ;cMagSprite::Restore;0x10063720;0xc0;__thiscall;;void;cMagSprite*
?SetAlpha1@cMagSprite@@QAEXKK@Z;cMagSprite::SetAlpha1;0x100637e0;0x1e;__thiscall;;void;cMagSprite*;ulong;ulong
?LoadSprites@cMagSprite@@QAEXPAD@Z;cMagSprite::LoadSprites;0x10063800;0xa7;__thiscall;;void;cMagSprite*;char*
?SetScale@cMagSprite@@QAEXMMM@Z;cMagSprite::SetScale;0x100638b0;0x21;__thiscall;;void;cMagSprite*;float;float;float
?EnableSpriteRendering@cMagSprite@@QAEX_N@Z;cMagSprite::EnableSpriteRendering;0x100638e0;0xd;__thiscall;;void;cMagSprite*;bool
?OnRender@cMagSprite@@UAEXXZ;cMagSprite::OnRender;0x100638f0;0x1a1;__thiscall;;void;cMagSprite*
?SetScale@cMagSprite@@QAEXUtagRECT@@@Z;cMagSprite::SetScale;0x10063aa0;0xd;__thiscall;;void;cMagSprite*;tagRECT
?AddTexture@cMagSprite@@QAEHPAD@Z;cMagSprite::AddTexture;0x10063ab0;0x501;__thiscall;;int;cMagSprite*;char*
?Top@cMagSprite@@QAEXH@Z;cMagSprite::Top;0x10063fc0;0x277;__thiscall;;void;cMagSprite*;int
?Bottom@cMagSprite@@QAEXH@Z;cMagSprite::Bottom;0x10064240;0x289;__thiscall;;void;cMagSprite*;int
?SetRotate@cMagSprite@@QAEXHMUD3DXVECTOR2@@@Z;cMagSprite::SetRotate;0x100644d0;0x16f;__thiscall;;void;cMagSprite*;int;uint;float;float
?SetPos@cMagSprite@@QAEXHMMH@Z;cMagSprite::SetPos;0x10064640;0x15e;__thiscall;;void;cMagSprite*;int;float;float;int
?GetPos@cMagSprite@@QAE?AUD3DXVECTOR2@@H@Z;cMagSprite::GetPos;0x100647a0;0xa1;__thiscall;;D3DXVECTOR2;cMagSprite*;float*;int
?GetSize@cMagSprite@@QAE?AUD3DXVECTOR2@@H@Z;cMagSprite::GetSize;0x10064850;0x87;__thiscall;;D3DXVECTOR2;cMagSprite*;uint*;int
?SetScale@cMagSprite@@QAEXHMM@Z;cMagSprite::SetScale;0x100648e0;0x183;__thiscall;;void;cMagSprite*;int;float;float
?GetScale@cMagSprite@@QAE?AUD3DXVECTOR2@@H@Z;cMagSprite::GetScale;0x10064a70;0x87;__thiscall;;D3DXVECTOR2;cMagSprite*;uint*;int
?Show@cMagSprite@@QAEXH@Z;cMagSprite::Show;0x10064b00;0x63;__thiscall;;void;cMagSprite*;int
?Hide@cMagSprite@@QAEXH@Z;cMagSprite::Hide;0x10064b70;0x63;__thiscall;;void;cMagSprite*;int
?HideRender@cMagSprite@@QAEXH_N@Z;cMagSprite::HideRender;0x10064be0;0x66;__thiscall;;void;cMagSprite*;int;bool
?RenderSprites@cMagSprite@@QAEXXZ;cMagSprite::RenderSprites;0x10064c50;0x268;__thiscall;;void;cMagSprite*
?SetAlpha@cMagSprite@@QAEXHM@Z;cMagSprite::SetAlpha;0x10064ec0;0x66;__thiscall;;void;cMagSprite*;int;float
?EnableCheckMouse@cMagSprite@@QAEXH_N@Z;cMagSprite::EnableCheckMouse;0x10064f30;0x69;__thiscall;;void;cMagSprite*;int;bool
?CheckMouseRegion@cMagSprite@@QAEXXZ;cMagSprite::CheckMouseRegion;0x10064fa0;0x187;__thiscall;;void;cMagSprite*
?SetScaleAsWindow@cMagSprite@@QAEXH@Z;cMagSprite::SetScaleAsWindow;0x10065130;0xb7;__thiscall;;void;cMagSprite*;int
?GetMouseActivateSprite@cMagSprite@@QAEHXZ;cMagSprite::GetMouseActivateSprite;0x100651f0;0x5b;__thiscall;;int;cMagSprite*
?TexFromDigit@cMagSprite@@QAEXHHHHAAURect@@@Z;cMagSprite::TexFromDigit;0x10065250;0x7f;__thiscall;;void;cMagSprite*;int;int;int;int;Rect*
?CutFrame@cMagSprite@@QAEXHHHHAAURect@@@Z;cMagSprite::CutFrame;0x100652d0;0x107;__thiscall;;void;cMagSprite*;int;int;int;int;Rect*
?SetTextureRect@cMagSprite@@QAEXHURect@@@Z;cMagSprite::SetTextureRect;0x100653e0;0xa1;__thiscall;;void;cMagSprite*;int
?BuildMatrix@cMagSprite@@QAEPAU_D3DMATRIX@@PAU2@PAUD3DXVECTOR2@@1M@Z;cMagSprite::BuildMatrix;0x10065490;0x271;__thiscall;;_D3DMATRIX*;cMagSprite*;_D3DMATRIX*;D3DXVECTOR2*;D3DXVECTOR2*;float
?TransformVertices@cMagSprite@@QAEXQAUD3DTLVERTEXS@@PAUD3DXVECTOR2@@1M@Z;cMagSprite::TransformVertices;0x10065710;0xb4;__thiscall;;void;cMagSprite*;D3DTLVERTEXS*;D3DXVECTOR2*;D3DXVECTOR2*;float
?Blit@cMagSprite@@QAEXPAUIDirect3DDevice8@@PAUIDirect3DTexture8@@PAUtagPOINT@@PAUD3DXVECTOR2@@3MK@Z;cMagSprite::Blit;0x100657d0;0x152;__thiscall;;void;cMagSprite*;uchar;uchar;tagPOINT*;D3DXVECTOR2*;D3DXVECTOR2*;float;ulong
?InitSpriteAnim@cMagSprite@@QAEXHHHHHH@Z;cMagSprite::BlitX;0x10065930;0x3;__thiscall;;void;cMagSprite*;uchar;uchar;tagPOINT*;ulong;float;float
?CreateSurfaceFromFile@cMagSprite@@QAEXPAUIDirect3DDevice8@@PAPAUIDirect3DSurface8@@QADK@Z;cMagSprite::CreateSurfaceFromFile;0x10065940;0xf;__thiscall;;void;cMagSprite*;uchar;IDirect3DSurface8**;char*;ulong
?CreateTextureFromSurface@cMagSprite@@QAEXPAUIDirect3DDevice8@@PAUIDirect3DSurface8@@PAUtagRECT@@PAPAUIDirect3DTexture8@@@Z;cMagSprite::CreateTextureFromSurface;0x10065950;0x3c;__thiscall;;void;cMagSprite*;uchar;IDirect3DSurface8*;tagRECT*;uchar
?LoadSprite@cMagSprite@@QAEXPAD@Z;cMagSprite::LoadSprite;0x10065990;0x70;__thiscall;;void;cMagSprite*;char*
?RenderTestSprite@cMagSprite@@QAEXXZ;cMagSprite::RenderTestSprite;0x10065a00;0x37;__thiscall;;void;cMagSprite*
?LoadMovie@cMagSprite@@QAEJPAD@Z;cMagSprite::LoadMovie;0x10065a40;0x46;__thiscall;;long;cMagSprite*;char*
?UtworzBuforDuszkow@cMagSprite@@QAEJXZ;cMagSprite::UtworzBuforDuszkow;0x10065a90;0x13c;__thiscall;;long;cMagSprite*
?CreatePlane@cMagSprite@@QAEJPAD@Z;cMagSprite::CreatePlane;0x10065bd0;0x135;__thiscall;;long;cMagSprite*;char*
?RenderPlane@cMagSprite@@QAEXXZ;cMagSprite::RenderPlane;0x10065d10;0x30c;__thiscall;;void;cMagSprite*
?RysujDuszkiEx@cMagSprite@@QAEXMMMMMM@Z;cMagSprite::RysujDuszkiEx;0x10066020;0x117;__thiscall;;void;cMagSprite*;float;float;float;float;float;float
?SetScaleMovie@cMagSprite@@QAEXMM@Z;cMagSprite::SetScaleMovie;0x10066140;0x17;__thiscall;;void;cMagSprite*;float;float
?SetRotateMovie@cMagSprite@@QAEXM@Z;cMagSprite::SetRotateMovie;0x10066160;0xd;__thiscall;;void;cMagSprite*;float
;FUN_10066170;0x10066170;0x21;__fastcall;;int;int
;FUN_100661a0;0x100661a0;0x3f;__stdcall;;uint*;uint*;uint*;uint*
;FUN_100661e0;0x100661e0;0x32;__stdcall;;uchar;uint*;int;uint*
;FUN_10066220;0x10066220;0x18;__cdecl;;uchar;uint*;uint*
??0CDirectXFont@@QAE@XZ;CDirectXFont::CDirectXFont;0x10066270;0x20;__thiscall;;uchar;CDirectXFont*
??1CDirectXFont@@UAE@XZ;CDirectXFont::~CDirectXFont;0x10066290;0x7;__thiscall;;void;CDirectXFont*
?CreateFontA@CDirectXFont@@QAEJPAUIDirect3DDevice8@@PADJ@Z;CDirectXFont::CreateFontA;0x100662a0;0x3ee;__thiscall;;HRESULT;CDirectXFont*;IDirect3DDevice8*;char*;long
?DrawDebug@CDirectXFont@@QAEXMM@Z;CDirectXFont::DrawDebug;0x10066690;0x1a2;__thiscall;;void;CDirectXFont*;float;float
?DrawTextA@CDirectXFont@@QAEXMMPADK@Z;CDirectXFont::DrawTextA;0x10066840;0x11f;__thiscall;;void;CDirectXFont*;float;float;char*;ulong
?CreateStaticText@CDirectXFont@@QAEPAUIDirect3DVertexBuffer8@@MMPADK@Z;CDirectXFont::CreateStaticText;0x10066960;0xc3;__thiscall;;IDirect3DVertexBuffer8*;CDirectXFont*;float;float;char*;ulong
?DrawStaticText@CDirectXFont@@QAEXPAUIDirect3DVertexBuffer8@@JJ@Z;CDirectXFont::DrawStaticText;0x10066a30;0x93;__thiscall;;void;CDirectXFont*;IDirect3DVertexBuffer8*;long;long
?DestroyStaticText@CDirectXFont@@QAEXPAUIDirect3DVertexBuffer8@@@Z;CDirectXFont::DestroyStaticText;0x10066ad0;0x11;__thiscall;;void;CDirectXFont*;IDirect3DVertexBuffer8*
?DestroyFont@CDirectXFont@@QAEXXZ;CDirectXFont::DestroyFont;0x10066af0;0x71;__thiscall;;void;CDirectXFont*
?FillCharacter@CDirectXFont@@QAEXDPAPAUFONTVERTEX@@MPAM1K@Z;CDirectXFont::FillCharacter;0x10066b70;0x1b7;__thiscall;;void;CDirectXFont*;char;FONTVERTEX**;float;float*;float*;ulong
?FillVertex@CDirectXFont@@QAEXPAUFONTVERTEX@@MMMMK@Z;CDirectXFont::FillVertex;0x10066d30;0x34;__thiscall;;void;CDirectXFont*;FONTVERTEX*;float;float;float;float;ulong
;FUN_10066d80;0x10066d80;0xa;__stdcall;;uchar
;FUN_10066d90;0x10066d90;0xc;__stdcall;;uchar
;FUN_10066dc0;0x10066dc0;0xa;__stdcall;;uchar
;FUN_10066dd0;0x10066dd0;0xc;__stdcall;;uchar
??0KTeksturyVideoDirectX@@QAE@XZ;KTeksturyVideoDirectX::KTeksturyVideoDirectX;0x10066df0;0xed;__thiscall;;uchar;KTeksturyVideoDirectX*
;KTeksturyVideoDirectX::scalar_destructor;0x10066f20;0x57;__thiscall;;KTeksturyVideoDirectX*;KTeksturyVideoDirectX*;uchar
??1KTeksturyVideoDirectX@@UAE@XZ;KTeksturyVideoDirectX::~KTeksturyVideoDirectX;0x10066f80;0x14d;__thiscall;;void;KTeksturyVideoDirectX*
?CheckMediaType@KTeksturyVideoDirectX@@UAEJPBVCMediaType@@@Z;KTeksturyVideoDirectX::CheckMediaType;0x100670d0;0x57;__thiscall;;long;KTeksturyVideoDirectX*;CMediaType*
?SetMediaType@KTeksturyVideoDirectX@@UAEJPBVCMediaType@@@Z;KTeksturyVideoDirectX::SetMediaType;0x10067130;0xa9;__thiscall;;long;KTeksturyVideoDirectX*;CMediaType*
?DoRenderSample@KTeksturyVideoDirectX@@UAEJPAUIMediaSample@@@Z;KTeksturyVideoDirectX::DoRenderSample;0x100671e0;0xe2;__thiscall;;long;KTeksturyVideoDirectX*;IMediaSample*
?UtworzZPlikuAVI@KTeksturyVideoDirectX@@QAEJPAUIDirect3DDevice8@@PAD@Z;KTeksturyVideoDirectX::UtworzZPlikuAVI;0x100672d0;0x2b0;__thiscall;;long;KTeksturyVideoDirectX*;IDirect3DDevice8*;char*
?SprawdzPetle@KTeksturyVideoDirectX@@QAEXPAVcMagSprite@@@Z;KTeksturyVideoDirectX::SprawdzPetle;0x10067580;0x51;__thiscall;;void;KTeksturyVideoDirectX*;cMagSprite*
;FUN_100675e0;0x100675e0;0xd;__fastcall;;uchar;int*
;FUN_100676c0;0x100676c0;0xa;__stdcall;;uchar
;FUN_100676d0;0x100676d0;0xc;__stdcall;;uchar
;FUN_10067700;0x10067700;0xa;__stdcall;;uchar
;FUN_10067710;0x10067710;0xc;__stdcall;;uchar
;_Java_Billboard_SetPosition@12;0x10067730;0x53;__stdcall;;uchar;uint;uint;uint
;_Java_Billboard_AddFrame@16;0x10067790;0x66;__stdcall;;bool;uint;uint;uint;float
;_Java_Billboard_SetBlendAlpha@12;0x10067800;0x2b;__stdcall;;uchar;uint;uint
;_Java_Billboard_Enable3Axis@12;0x10067830;0x2b;__stdcall;;uchar;uint;uint;char
;_Java_Billboard_EnableFrustum@12;0x10067860;0x2b;__stdcall;;uchar;uint;uint;char
;_Java_Billboard_EnableRendering@12;0x10067890;0x2b;__stdcall;;uchar;uint;uint;char
;_Java_Billboard_GetCurFrame@8;0x100678c0;0x21;__stdcall;;uchar;uint;uint
;_Java_Billboard_SetRotationRoll@12;0x100678f0;0x24;__stdcall;;uchar;uint;uint;uint
;_Java_Billboard_SetRotationPitch@12;0x10067920;0x24;__stdcall;;uchar;uint;uint;uint
;_Java_Billboard_SetUpMode@12;0x10067950;0x2b;__stdcall;;uchar;uint;uint;char
;_Java_Billboard_SetScale@12;0x10067980;0x52;__stdcall;;uchar;uint;uint;uint
;_Java_Billboard_GetRotationRoll@8;0x100679e0;0x20;__stdcall;;float10;uint;uint
;_Java_Billboard_GetRotationPitch@8;0x10067a00;0x20;__stdcall;;float10;uint;uint
;_Java_Billboard_EnableAnim@12;0x10067a20;0x2b;__stdcall;;uchar;uint;uint;char
;_Java_Billboard_SetRotationYaw@12;0x10067a50;0x24;__stdcall;;uchar;uint;uint;uint
;_Java_Billboard_GetRotationYaw@8;0x10067a80;0x20;__stdcall;;float10;uint;uint
;_Java_Billboard_SetAlpha@16;0x10067aa0;0x2b;__stdcall;;uchar;uint;uint;ulong;ulong
??0cMagBillboard@@QAE@XZ;cMagBillboard::cMagBillboard;0x10067ad0;0x159;__thiscall;;uchar;cMagBillboard*
??1cMagBillboard@@UAE@XZ;cMagBillboard::~cMagBillboard;0x10067c30;0x101;__thiscall;;void;cMagBillboard*
?SetTexture@cMagBillboard@@QAEXPAD@Z;cMagBillboard::SetTexture;0x10067d40;0x1d;__thiscall;;void;cMagBillboard*;char*
?Render@cMagBillboard@@QAEXUD3DXMATRIX@@@Z;cMagBillboard::Render;0x10067d60;0x18a;__thiscall;;void;cMagBillboard*
?AddFrame@cMagBillboard@@QAE_NPADM@Z;cMagBillboard::AddFrame;0x10067ef0;0x293;__thiscall;;bool;cMagBillboard*;char*;float
;FUN_10068190;0x10068190;0x1f;__thiscall;;uint*;void*;uchar
?GetCurFrame@cMagBillboard@@QAEHXZ;cMagBillboard::GetCurFrame;0x100681b0;0x73;__thiscall;;int;cMagBillboard*
?EnableRendering@cMagBillboard@@QAEX_N@Z;cMagBillboard::EnableRendering;0x10068230;0xd;__thiscall;;void;cMagBillboard*;bool
?OnUpdate_@cMagBillboard@@UAEXXZ;cMagBillboard::OnUpdate_;0x10068240;0x3c6;__thiscall;;void;cMagBillboard*
?OnRender@cMagBillboard@@UAEXXZ;cMagBillboard::OnRender;0x10068610;0x15b;__thiscall;;void;cMagBillboard*
?EnableAnim@cMagBillboard@@QAEX_N@Z;cMagBillboard::EnableAnim;0x10068770;0x17;__thiscall;;void;cMagBillboard*;bool
?Enable3Axis@cMagBillboard@@QAEX_N@Z;cMagBillboard::Enable3Axis;0x10068790;0xd;__thiscall;;void;cMagBillboard*;bool
?SetUpMode@cMagBillboard@@QAEX_N@Z;cMagBillboard::SetUpMode;0x100687a0;0xd;__thiscall;;void;cMagBillboard*;bool
?SetAlpha@cMagBillboard@@QAEXKK@Z;cMagBillboard::SetAlpha;0x100687b0;0x1e;__thiscall;;void;cMagBillboard*;ulong;ulong
?TestDistance@cMagBillboard@@QAE_NM@Z;CParticleEmitter::TestDistance;0x100687d0;0x80;__thiscall;;bool;CParticleEmitter*;float
?CalculateVectorMinMax@cMagBillboard@@QAEXXZ;cMagBillboard::CalculateVectorMinMax;0x10068850;0xe9;__thiscall;;void;cMagBillboard*
?GetBoundingBox@cMagBillboard@@UAEXAAUD3DXVECTOR3@@0H@Z;cMagBillboard::GetBoundingBox;0x10068940;0x41;__thiscall;;void;cMagBillboard*;uchar;uchar;int
?GetTransformMatrix@cMagBillboard@@UAE?AUD3DXMATRIX@@XZ;cMagBillboard::GetTransformMatrix;0x10068990;0x1a;__thiscall;;uchar;cMagBillboard*;uint*
?EnableZBuffeWrite@cMagBillboard@@QAE_NXZ;cMagBillboard::EnableZBuffeWrite;0x100689b0;0x7;__thiscall;;bool;cMagBillboard*
?EnableZBuffeWrite@cMagBillboard@@QAEX_N@Z;cMagBillboard::EnableZBuffeWrite;0x100689c0;0xd;__thiscall;;void;cMagBillboard*;bool
?SetHandlerObject@cMagBillboard@@QAEXPAVcMagGameObject@@@Z;cMagBillboard::SetHandlerObject;0x100689d0;0xd;__thiscall;;void;cMagBillboard*;cMagGameObject*
;FUN_10068a20;0x10068a20;0xa;__stdcall;;uchar
;FUN_10068a30;0x10068a30;0xc;__stdcall;;uchar
;FUN_10068a60;0x10068a60;0xa;__stdcall;;uchar
;FUN_10068a70;0x10068a70;0xc;__stdcall;;uchar
?ProcessNumber@CParticleEmitterTokenizer@@SA_NAAV?$CMinMax@M@@AAPAVCParticleEmitterToken@@1@Z;CParticleEmitterTokenizer::ProcessNumber;0x10068a90;0x235;__cdecl;;bool;CMinMax<float>*;CParticleEmitterToken**;CParticleEmitterToken**
?ProcessVector@CParticleEmitterTokenizer@@SA_NAAV?$CMinMax@UD3DXVECTOR3@@@@AAPAVCParticleEmitterToken@@1@Z;CParticleEmitterTokenizer::ProcessVector;0x10068cd0;0x258;__cdecl;;bool;CMinMax<struct_D3DXVECTOR3>*;CParticleEmitterToken**;CParticleEmitterToken**
?ProcessColor@CParticleEmitterTokenizer@@SA_NAAV?$CMinMax@UD3DXCOLOR@@@@AAPAVCParticleEmitterToken@@1@Z;CParticleEmitterTokenizer::ProcessColor;0x10068f30;0x2de;__cdecl;;bool;CMinMax<struct_D3DXCOLOR>*;CParticleEmitterToken**;CParticleEmitterToken**
?ProcessAlphaBlendMode@CParticleEmitterTokenizer@@SA_NAAHAAPAVCParticleEmitterToken@@1@Z;CParticleEmitterTokenizer::ProcessAlphaBlendMode;0x10069210;0x178;__cdecl;;bool;int*;CParticleEmitterToken**;CParticleEmitterToken**
?ProcessTime@CParticleEmitterTokenizer@@SA_NAAV?$CMinMax@M@@AA_NMMAAPAVCParticleEmitterToken@@2@Z;CParticleEmitterTokenizer::ProcessTime;0x10069390;0x179;__cdecl;;bool;CMinMax<float>*;bool*;float;float;CParticleEmitterToken**;CParticleEmitterToken**
?DetermineTokenType@CParticleEmitterTokenizer@@AAEXAAVCParticleEmitterToken@@@Z;CParticleEmitterTokenizer::DetermineTokenType;0x10069510;0xdcb;__thiscall;;void;CParticleEmitterTokenizer*;CParticleEmitterToken*
?AddToken@CParticleEmitterTokenizer@@AAEXVCParticleEmitterToken@@@Z;CParticleEmitterTokenizer::AddToken;0x1006a2e0;0xad;__thiscall;;void;CParticleEmitterTokenizer*
?Tokenize@CParticleEmitterTokenizer@@QAEXPBD@Z;CParticleEmitterTokenizer::Tokenize;0x1006a390;0x528;__thiscall;;void;CParticleEmitterTokenizer*;char*
;FUN_1006a8d0;0x1006a8d0;0x11a;__thiscall;;uchar*;void*;uchar*
;FUN_1006a9f0;0x1006a9f0;0xc7;__thiscall;;void*;void*;uint;uchar
;FUN_1006aac0;0x1006aac0;0x82;__thiscall;;uint;void*;char*;uint;uint
;FUN_1006ab50;0x1006ab50;0x3ac;__thiscall;;uchar;void*;cMagGameObject*;uint;cMagUtility*
;FUN_1006af40;0x1006af40;0xa;__stdcall;;uchar
;FUN_1006af50;0x1006af50;0xc;__stdcall;;uchar
;FUN_1006af80;0x1006af80;0xa;__stdcall;;uchar
;FUN_1006af90;0x1006af90;0xc;__stdcall;;uchar
?ProcessPropEqualsValue@CParticleEvent@@SAXAAV?$CMinMax@M@@AAPAVCParticleEmitterToken@@1@Z;CParticleEvent::ProcessPropEqualsValue;0x1006afb0;0x7e;__cdecl;;void;CMinMax<float>*;CParticleEmitterToken**;CParticleEmitterToken**
?ProcessPropEqualsValue@CParticleEvent@@SAXAAV?$CMinMax@UD3DXVECTOR3@@@@AAPAVCParticleEmitterToken@@1@Z;CParticleEvent::ProcessPropEqualsValue;0x1006b030;0x7e;__cdecl;;void;CMinMax<struct_D3DXVECTOR3>*;CParticleEmitterToken**;CParticleEmitterToken**
?ProcessPropEqualsValue@CParticleEvent@@SAXAAV?$CMinMax@UD3DXCOLOR@@@@AAPAVCParticleEmitterToken@@1@Z;CParticleEvent::ProcessPropEqualsValue;0x1006b0b0;0x7e;__cdecl;;void;CMinMax<struct_D3DXCOLOR>*;CParticleEmitterToken**;CParticleEmitterToken**
?ProcessTokenStream@CParticleEvent_Size@@UAE_NAAPAVCParticleEmitterToken@@0@Z;CParticleEvent_Size::ProcessTokenStream;0x1006b130;0xe9;__thiscall;;bool;CParticleEvent_Size*;CParticleEmitterToken**;CParticleEmitterToken**
?ProcessTokenStream@CParticleEvent_Color@@UAE_NAAPAVCParticleEmitterToken@@0@Z;CParticleEvent_Color::ProcessTokenStream;0x1006b220;0xe9;__thiscall;;bool;CParticleEvent_Color*;CParticleEmitterToken**;CParticleEmitterToken**
?ProcessTokenStream@CParticleEvent_RedColor@@UAE_NAAPAVCParticleEmitterToken@@0@Z;CParticleEvent_RedColor::ProcessTokenStream;0x1006b310;0xe9;__thiscall;;bool;CParticleEvent_RedColor*;CParticleEmitterToken**;CParticleEmitterToken**
?ProcessTokenStream@CParticleEvent_GreenColor@@UAE_NAAPAVCParticleEmitterToken@@0@Z;CParticleEvent_GreenColor::ProcessTokenStream;0x1006b400;0xe9;__thiscall;;bool;CParticleEvent_GreenColor*;CParticleEmitterToken**;CParticleEmitterToken**
?ProcessTokenStream@CParticleEvent_BlueColor@@UAE_NAAPAVCParticleEmitterToken@@0@Z;CParticleEvent_BlueColor::ProcessTokenStream;0x1006b4f0;0xe9;__thiscall;;bool;CParticleEvent_BlueColor*;CParticleEmitterToken**;CParticleEmitterToken**
?ProcessTokenStream@CParticleEvent_Alpha@@UAE_NAAPAVCParticleEmitterToken@@0@Z;CParticleEvent_Alpha::ProcessTokenStream;0x1006b5e0;0xe9;__thiscall;;bool;CParticleEvent_Alpha*;CParticleEmitterToken**;CParticleEmitterToken**
?ProcessTokenStream@CParticleEvent_Velocity@@UAE_NAAPAVCParticleEmitterToken@@0@Z;CParticleEvent_Velocity::ProcessTokenStream;0x1006b6d0;0xe9;__thiscall;;bool;CParticleEvent_Velocity*;CParticleEmitterToken**;CParticleEmitterToken**
?ProcessTokenStream@CParticleEvent_VelocityX@@UAE_NAAPAVCParticleEmitterToken@@0@Z;CParticleEvent_VelocityX::ProcessTokenStream;0x1006b7c0;0xe9;__thiscall;;bool;CParticleEvent_VelocityX*;CParticleEmitterToken**;CParticleEmitterToken**
?ProcessTokenStream@CParticleEvent_VelocityY@@UAE_NAAPAVCParticleEmitterToken@@0@Z;CParticleEvent_VelocityY::ProcessTokenStream;0x1006b8b0;0xe9;__thiscall;;bool;CParticleEvent_VelocityY*;CParticleEmitterToken**;CParticleEmitterToken**
?ProcessTokenStream@CParticleEvent_VelocityZ@@UAE_NAAPAVCParticleEmitterToken@@0@Z;CParticleEvent_VelocityZ::ProcessTokenStream;0x1006b9a0;0xe9;__thiscall;;bool;CParticleEvent_VelocityZ*;CParticleEmitterToken**;CParticleEmitterToken**
?ProcessTokenStream@CParticleEvent_EventTimer@@UAE_NAAPAVCParticleEmitterToken@@0@Z;CParticleEvent_EventTimer::ProcessTokenStream;0x1006ba90;0xe9;__thiscall;;bool;CParticleEvent_EventTimer*;CParticleEmitterToken**;CParticleEmitterToken**
?DoItToIt@CParticleEvent_Size@@UAEXAAVCParticle@@@Z;CParticleEvent_Size::DoItToIt;0x1006bb80;0xbf;__thiscall;;void;CParticleEvent_Size*;CParticle*
?DoItToIt@CParticleEvent_Color@@UAEXAAVCParticle@@@Z;CParticleEvent_Color::DoItToIt;0x1006bc40;0x1f0;__thiscall;;void;CParticleEvent_Color*;CParticle*
??0CRect@@QAE@HHHH@Z;CRect::CRect;0x1006be30;0x20;__thiscall;;uchar;CRect*;int;int;int;int
?DoItToIt@CParticleEvent_RedColor@@UAEXAAVCParticle@@@Z;CParticleEvent_RedColor::DoItToIt;0x1006be50;0xbf;__thiscall;;void;CParticleEvent_RedColor*;CParticle*
?DoItToIt@CParticleEvent_GreenColor@@UAEXAAVCParticle@@@Z;CParticleEvent_GreenColor::DoItToIt;0x1006bf10;0xbf;__thiscall;;void;CParticleEvent_GreenColor*;CParticle*
?DoItToIt@CParticleEvent_BlueColor@@UAEXAAVCParticle@@@Z;CParticleEvent_BlueColor::DoItToIt;0x1006bfd0;0xbf;__thiscall;;void;CParticleEvent_BlueColor*;CParticle*
?DoItToIt@CParticleEvent_Alpha@@UAEXAAVCParticle@@@Z;CParticleEvent_Alpha::DoItToIt;0x1006c090;0xbf;__thiscall;;void;CParticleEvent_Alpha*;CParticle*
?DoItToIt@CParticleEvent_Velocity@@UAEXAAVCParticle@@@Z;CParticleEvent_Velocity::DoItToIt;0x1006c150;0x170;__thiscall;;void;CParticleEvent_Velocity*;CParticle*
?DoItToIt@CParticleEvent_VelocityX@@UAEXAAVCParticle@@@Z;CParticleEvent_VelocityX::DoItToIt;0x1006c2c0;0xbf;__thiscall;;void;CParticleEvent_VelocityX*;CParticle*
?DoItToIt@CParticleEvent_VelocityY@@UAEXAAVCParticle@@@Z;CParticleEvent_VelocityY::DoItToIt;0x1006c380;0xbf;__thiscall;;void;CParticleEvent_VelocityY*;CParticle*
?DoItToIt@CParticleEvent_VelocityZ@@UAEXAAVCParticle@@@Z;CParticleEvent_VelocityZ::DoItToIt;0x1006c440;0xbf;__thiscall;;void;CParticleEvent_VelocityZ*;CParticle*
?DoItToIt@CParticleEvent_EventTimer@@UAEXAAVCParticle@@@Z;CParticleEvent_EventTimer::DoItToIt;0x1006c500;0x23;__thiscall;;void;CParticleEvent_EventTimer*;CParticle*
;FUN_1006c570;0x1006c570;0xa;__stdcall;;uchar
;FUN_1006c580;0x1006c580;0xc;__stdcall;;uchar
;FUN_1006c5b0;0x1006c5b0;0xa;__stdcall;;uchar
;FUN_1006c5c0;0x1006c5c0;0xc;__stdcall;;uchar
??0CParticleEventSequence@@QAE@XZ;CParticleEventSequence::CParticleEventSequence;0x1006c5e0;0x1dc;__thiscall;;uchar;CParticleEventSequence*
??1CParticleEventSequence@@UAE@XZ;CParticleEventSequence::~CParticleEventSequence;0x1006c7c0;0xeb;__thiscall;;void;CParticleEventSequence*
?Reset@CParticleEventSequence@@QAEXXZ;CParticleEventSequence::Reset;0x1006c8b0;0x152;__thiscall;;void;CParticleEventSequence*
?SortEvents@CParticleEventSequence@@QAEXXZ;CParticleEventSequence::SortEvents;0x1006ca10;0x245;__thiscall;;void;CParticleEventSequence*
?CreateFadeLists@CParticleEventSequence@@QAEXXZ;CParticleEventSequence::CreateFadeLists;0x1006cc60;0x77;__thiscall;;void;CParticleEventSequence*
?NailDownRandomTimes@CParticleEventSequence@@QAEXXZ;CParticleEventSequence::NailDownRandomTimes;0x1006cce0;0x7b;__thiscall;;void;CParticleEventSequence*
?RestoreDeviceObjects@CParticleEventSequence@@QAEJPAUIDirect3DDevice8@@@Z;CParticleEventSequence::RestoreDeviceObjects;0x1006cd60;0x167;__thiscall;;long;CParticleEventSequence*;IDirect3DDevice8*
?GetShadowType@cMagKernel@@UAEHXZ;cMagGameObject::GetDXVersion;0x1006ced0;0x3;__thiscall;;ulong;cMagGameObject*
?SetTexture@CParticleEventSequence@@QAEXPBD@Z;CParticleEventSequence::SetTexture;0x1006cee0;0xe0;__thiscall;;void;CParticleEventSequence*;char*
?Restore@CParticleEventSequence@@QAEXXZ;CParticleEventSequence::Restore;0x1006cfc0;0x161;__thiscall;;void;CParticleEventSequence*
?CreateNewParticle@CParticleEventSequence@@QAEXUD3DXVECTOR3@@@Z;CParticleEventSequence::CreateNewParticle;0x1006d130;0x131;__thiscall;;void;CParticleEventSequence*;float;float;float
?RunEvents@CParticleEventSequence@@QAEXAAVCParticle@@@Z;CParticleEventSequence::RunEvents;0x1006d270;0x98;__thiscall;;void;CParticleEventSequence*;CParticle*
?Update@CParticleEventSequence@@QAEXMMUD3DXVECTOR3@@0@Z;CParticleEventSequence::Update;0x1006d310;0x37d;__thiscall;;void;CParticleEventSequence*;uint;float;float;float;float;float;float;float
;Catch@1006d67a;0x1006d67a;0xc;__stdcall;;uchar*
;FUN_1006d6b0;0x1006d6b0;0x21;__thiscall;;uchar;void*;float*
;FUN_1006d6e0;0x1006d6e0;0x2a;__thiscall;;uchar;void*;float*
;FUN_1006d710;0x1006d710;0x2d;__thiscall;;uchar;void*;float*;float
;FUN_1006d740;0x1006d740;0x50;__cdecl;;uchar;float*;float;float;float;float;float;float
?SetPosition@CParticleEventSequence@@QAEXUD3DXVECTOR3@@@Z;CParticleEventSequence::SetPosition;0x1006d790;0x57;__thiscall;;void;CParticleEventSequence*;uint;uint;uint
?Render@CParticleEventSequence@@QAEXPAUIDirect3DVertexBuffer8@@HUD3DXMATRIX@@@Z;CParticleEventSequence::Render;0x1006d7f0;0xe74;__thiscall;;void;CParticleEventSequence*
;FUN_1006e670;0x1006e670;0x324;__fastcall;;int;int
;FUN_1006e9a0;0x1006e9a0;0x1e;__thiscall;;uint*;void*;uchar
;CRecyclingArrayDyn<CParticle>::destructor;0x1006e9c0;0x8d;__thiscall;;uchar;CRecyclingArrayDyn<CParticle>*;uint*
;FUN_1006ea80;0x1006ea80;0x138;__cdecl;;uchar;int*;int*;uint
;FUN_1006ebc0;0x1006ebc0;0x59;__cdecl;;int*;int*;int*;int
;FUN_1006ec30;0x1006ec30;0xa;__stdcall;;uchar
;FUN_1006ec40;0x1006ec40;0xc;__stdcall;;uchar
;FUN_1006ec70;0x1006ec70;0xa;__stdcall;;uchar
;FUN_1006ec80;0x1006ec80;0xc;__stdcall;;uchar
;_Java_Particle_Compile@12;0x1006eca0;0x58;__stdcall;;uchar;uint;uint;uint
;_Java_Particle_SetDirection@12;0x1006ed00;0x57;__stdcall;;uchar;uint;uint;uint
;_Java_Particle_Stop@8;0x1006ed60;0x24;__stdcall;;uchar;uint;uint
;_Java_Particle_Pause@8;0x1006ed90;0x24;__stdcall;;uchar;uint;uint
;_Java_Particle_Hide@8;0x1006edc0;0x21;__stdcall;;uchar;uint;uint
;_Java_Particle_Show@8;0x1006edf0;0x21;__stdcall;;uchar;uint;uint
;_Java_Particle_IsRunning@8;0x1006ee20;0x24;__stdcall;;uchar;uint;uint
;_Java_Particle_Start@8;0x1006ee50;0x24;__stdcall;;uchar;uint;uint
;_Java_Particle_SetPosition@12;0x1006ee80;0x57;__stdcall;;uchar;uint;uint;uint
??0CParticleEmitter@@QAE@XZ;CParticleEmitter::CParticleEmitter;0x1006eee0;0x6a7;__thiscall;;uchar;CParticleEmitter*
?Init@CParticleEmitter@@UAEXXZ;CParticleEmitter::Init;0x1006f590;0x14b;__thiscall;;void;CParticleEmitter*
??1CParticleEmitter@@UAE@XZ;CParticleEmitter::~CParticleEmitter;0x1006f6e0;0x199;__thiscall;;void;CParticleEmitter*
?EventFactory@CParticleEmitter@@SAPAVCParticleEvent@@V?$basic_string@DU?$char_traits@D@std@@V?$allocator@D@2@@std@@@Z;CParticleEmitter::EventFactory;0x1006f880;0x54c;__thiscall;;CParticleEvent*;CParticleEmitter*;uint
?ProcessEventSequenceBlock@CParticleEmitter@@QAE_NAAVCParticleEventSequence@@AAPAVCParticleEmitterToken@@1@Z;CParticleEmitter::ProcessEventSequenceBlock;0x1006fdd0;0xf17;__thiscall;;bool;CParticleEmitter*;CParticleEventSequence*;CParticleEmitterToken**;CParticleEmitterToken**
;Catch@10070c4a;0x10070c4a;0x35;__stdcall;;uchar
;Catch@10070c7f;0x10070c7f;0x33;__stdcall;;uchar
;FUN_10070da0;0x10070da0;0x16a;__cdecl;;uchar*;uchar*;uchar*
?ProcessParticleSystemBlock@CParticleEmitter@@QAE_NAAPAVCParticleEmitterToken@@0@Z;CParticleEmitter::ProcessParticleSystemBlock;0x10070f10;0x410;__thiscall;;bool;CParticleEmitter*;CParticleEmitterToken**;CParticleEmitterToken**
?Compile@CParticleEmitter@@UAE_NPBD@Z;CParticleEmitter::Compile;0x10071320;0x275;__thiscall;;bool;CParticleEmitter*;char*
;Catch@10071595;0x10071595;0x6a;__stdcall;;uchar*
;Catch@100715ff;0x100715ff;0x6a;__stdcall;;uchar*
;Catch@10071669;0x10071669;0x7c;__stdcall;;uchar*
?RestoreDeviceObjects@CParticleEmitter@@UAEJPAUIDirect3DDevice8@@@Z;CParticleEmitter::RestoreDeviceObjects;0x10071700;0x4f;__thiscall;;long;CParticleEmitter*;IDirect3DDevice8*
?InvalidateDeviceObjects@CParticleEmitter@@UAEXXZ;CParticleEmitter::InvalidateDeviceObjects;0x10071750;0x43;__thiscall;;void;CParticleEmitter*
?Update@CParticleEmitter@@UAEXMM@Z;CParticleEmitter::Update;0x100717a0;0xa9;__thiscall;;void;CParticleEmitter*;float;float
?SetDirection@CParticleEmitter@@QAEXUD3DXVECTOR3@@@Z;CParticleEmitter::SetDirection;0x10071850;0x1d;__thiscall;;void;CParticleEmitter*;uint;uint;uint
?Render@CParticleEmitter@@UAEJXZ;CParticleEmitter::Render;0x10071870;0xb4;__thiscall;;long;CParticleEmitter*
?Restore@CParticleEmitter@@QAEXXZ;CParticleEmitter::Restore;0x10071930;0x29;__thiscall;;void;CParticleEmitter*
?OnUpdate_@CParticleEmitter@@UAEXXZ;CParticleEmitter::OnUpdate_;0x10071960;0x6c;__thiscall;;void;CParticleEmitter*
?EnableZBuffeWrite@CParticleEmitter@@QAEX_N@Z;CParticleEmitter::EnableZBuffeWrite;0x100719d0;0xd;__thiscall;;void;CParticleEmitter*;bool
?EnableZBuffeWrite@CParticleEmitter@@QAE_NXZ;CParticleEmitter::EnableZBuffeWrite;0x100719e0;0x7;__thiscall;;bool;CParticleEmitter*
?OnRender@CParticleEmitter@@UAEXXZ;CParticleEmitter::OnRender;0x100719f0;0xaf;__thiscall;;void;CParticleEmitter*
?Hide@CParticleEmitter@@QAEXXZ;CParticleEmitter::Hide;0x10071aa0;0x15;__thiscall;;void;CParticleEmitter*
?Show@CParticleEmitter@@QAEXXZ;CParticleEmitter::Show;0x10071ac0;0x20;__thiscall;;void;CParticleEmitter*
?Start@CParticleEmitter@@UAEXXZ;CParticleEmitter::Start;0x10071ae0;0x20;__thiscall;;void;CParticleEmitter*
?SetLoop@CParticleEmitter@@QAEXH@Z;CParticleEmitter::SetLoop;0x10071b00;0x32;__thiscall;;void;CParticleEmitter*;int
?GetLoop@CParticleEmitter@@QAEHXZ;CParticleEmitter::GetLoop;0x10071b40;0x7;__thiscall;;int;CParticleEmitter*
?Pause@CParticleEmitter@@QAEX_N@Z;CParticleEmitter::Pause;0x10071b50;0x26;__thiscall;;void;CParticleEmitter*;bool
?SetPosition@CParticleEmitter@@QAEXUD3DXVECTOR3@@@Z;CParticleEmitter::SetPosition;0x10071b80;0x1d;__thiscall;;void;CParticleEmitter*;uint;uint;uint
?GetPosition@CParticleEmitter@@UAE?AUD3DXVECTOR3@@XZ;CParticleEmitter::GetPosition;0x10071ba0;0x21;__thiscall;;uchar;CParticleEmitter*;uint*
?LoadFileIntoString@CParticleEmitter@@QAE_NPBDAAV?$basic_string@DU?$char_traits@D@std@@V?$allocator@D@2@@std@@@Z;CParticleEmitter::LoadFileIntoString;0x10071bd0;0x228;__thiscall;;bool;CParticleEmitter*;char*;basic_string<char,struct_std::char_traits<char>,class_std::allocator<char>_>*
;Catch@10071df8;0x10071df8;0x6;__stdcall;;uint
?InitAnimFrames@CParticleEmitter@@QAEXPAD@Z;CParticleEmitter::InitAnimFrames;0x10071e00;0xa7;__thiscall;;void;CParticleEmitter*;char*
?DXUtil_Timer@CParticleEmitter@@QAEMW4TIMER_COMMAND@1@@Z;CParticleEmitter::DXUtil_Timer;0x10071eb0;0x2fd;__thiscall;;float;CParticleEmitter*;TIMER_COMMAND
;vector::vector;0x100721b0;0x18;__thiscall;;uchar;vector*;uchar*
;FUN_100721d0;0x100721d0;0x42;__fastcall;;uchar;uint*
;FUN_10072220;0x10072220;0x34;__fastcall;;uchar;uint*
?RandomNumber@@YAHHH@Z;RandomNumber;0x10072290;0x32;__cdecl;;int;int;int
?RandomNumber@@YAMMM@Z;RandomNumber;0x100722d0;0x3f;__cdecl;;float;float;float
;FUN_10072350;0x10072350;0xa;__stdcall;;uchar
;FUN_10072360;0x10072360;0xc;__stdcall;;uchar
;FUN_10072390;0x10072390;0xa;__stdcall;;uchar
;FUN_100723a0;0x100723a0;0xc;__stdcall;;uchar
;FUN_10072400;0x10072400;0xa;__stdcall;;uchar
;FUN_10072410;0x10072410;0xc;__stdcall;;uchar
;FUN_10072440;0x10072440;0xa;__stdcall;;uchar
;FUN_10072450;0x10072450;0xc;__stdcall;;uchar
??0cMagFog@@QAE@XZ;cMagFog::cMagFog;0x10072470;0x82;__thiscall;;uchar;cMagFog*
??1cMagFog@@UAE@XZ;cMagFog::~cMagFog;0x10072500;0x51;__thiscall;;void;cMagFog*
?TypeFog@cMagFog@@QAEXK@Z;cMagFog::TypeFog;0x10072560;0xd;__thiscall;;void;cMagFog*;ulong
?InitFog@cMagFog@@QAEXXZ;cMagFog::InitFog;0x10072570;0x97;__thiscall;;void;cMagFog*
?SetFogRangeNear@cMagFog@@QAEXM@Z;cMagFog::SetFogRangeNear;0x10072610;0xd;__thiscall;;void;cMagFog*;float
?SetFogRangeFar@cMagFog@@QAEXM@Z;cMagSun::SetAnimTextureFPS;0x10072620;0xd;__thiscall;;void;cMagSun*;int
?SetFogDensity@cMagFog@@QAEXM@Z;cMagSun::SetAnimTextureFrameCount;0x10072630;0xd;__thiscall;;void;cMagSun*;int
?SetColorFog@cMagFog@@QAEXEEE@Z;cMagFog::SetColorFog;0x10072640;0x35;__thiscall;;void;cMagFog*;uchar;uchar;uchar
?EnableFog@cMagFog@@QAEXXZ;cMagFog::EnableFog;0x10072680;0x25;__thiscall;;void;cMagFog*
?DisableFog@cMagFog@@QAEXXZ;cMagFog::DisableFog;0x100726b0;0x25;__thiscall;;void;cMagFog*
?SetColorFog@cMagFog@@QAEXK@Z;cMagFog::SetColorFog;0x100726e0;0xd;__thiscall;;void;cMagFog*;ulong
?GetColorFog@cMagFog@@QAEKXZ;cMagFog::GetColorFog;0x100726f0;0x7;__thiscall;;ulong;cMagFog*
?Enable@cMagFog@@QAEX_N@Z;cMagFog::Enable;0x10072700;0x32;__thiscall;;void;cMagFog*;bool
;FUN_10072780;0x10072780;0xa;__stdcall;;uchar
;FUN_10072790;0x10072790;0xc;__stdcall;;uchar
;FUN_100727c0;0x100727c0;0xa;__stdcall;;uchar
;FUN_100727d0;0x100727d0;0xc;__stdcall;;uchar
??0cMagSkyBox@@QAE@XZ;cMagSkyBox::cMagSkyBox;0x100727f0;0xe3;__thiscall;;uchar;cMagSkyBox*
??1cMagSkyBox@@UAE@XZ;cMagSkyBox::~cMagSkyBox;0x100728e0;0x7c;__thiscall;;void;cMagSkyBox*
?CreateSkyBox@cMagSkyBox@@QAEXPAD@Z;cMagSkyBox::CreateSkyBox;0x10072960;0x8b;__thiscall;;void;cMagSkyBox*;char*
;Catch@100729eb;0x100729eb;0x25;__stdcall;;uchar*
;FUN_10072a15;0x10072a15;0xb1;__stdcall;;uchar
?SetPosY@cMagSkyBox@@QAEXM@Z;cMagSkyBox::SetPosY;0x10072ad0;0xd;__thiscall;;void;cMagSkyBox*;float
?SetScale@cMagSkyBox@@QAEXUD3DXVECTOR3@@@Z;cMagSkyBox::SetScale;0x10072ae0;0x54;__thiscall;;void;cMagSkyBox*;D3DXVECTOR3
?Render@cMagSkyBox@@QAEXAAUD3DXMATRIX@@@Z;cMagSkyBox::Render;0x10072b40;0x232;__thiscall;;void;cMagSkyBox*;uchar
?DayDown@cMagSkyBox@@QAEXM@Z;cMagSkyBox::DayDown;0x10072d80;0xaf;__thiscall;;void;cMagSkyBox*;float
?DayUp@cMagSkyBox@@QAEXM@Z;cMagSkyBox::DayUp;0x10072e30;0x5e;__thiscall;;void;cMagSkyBox*;float
?OnRender@cMagSkyBox@@UAEXXZ;cMagSkyBox::OnRender;0x10072e90;0x2f;__thiscall;;void;cMagSkyBox*
?GetBBox@cMagSkyBox@@QAEXAAUD3DXVECTOR3@@0@Z;cMagSkyBox::GetBBox;0x10072ec0;0x61;__thiscall;;void;cMagSkyBox*;uchar;uchar
?AddTexture@cMagSkyBox@@QAEXPAD@Z;cMagSkyBox::AddTexture;0x10072f30;0x1c7;__thiscall;;void;cMagSkyBox*;char*
;FUN_10073140;0x10073140;0xa;__stdcall;;uchar
;FUN_10073150;0x10073150;0xc;__stdcall;;uchar
;FUN_10073180;0x10073180;0xa;__stdcall;;uchar
;FUN_10073190;0x10073190;0xc;__stdcall;;uchar
??0cMagSun@@QAE@XZ;cMagSun::cMagSun;0x100731b0;0x18a;__thiscall;;uchar;cMagSun*
??1cMagSun@@UAE@XZ;cMagSun::~cMagSun;0x10073340;0xc1;__thiscall;;void;cMagSun*
?RestoreSun@cMagSun@@QAEXXZ;cMagSun::RestoreSun;0x10073410;0x4a;__thiscall;;void;cMagSun*
?AddTexture@cMagSun@@QAEPAUIDirect3DTexture8@@PBD@Z;cMagSun::AddTexture;0x10073460;0x3e;__thiscall;;uchar;cMagSun*;char*
?GetPosition@cMagSun@@UAE?AUD3DXVECTOR3@@XZ;cMagSun::GetPosition;0x100734a0;0x1e;__thiscall;;uint;cMagSun*;uint
?Render@cMagSun@@QAEXUD3DXMATRIX@@@Z;cMagSun::Render;0x100734c0;0x51c;__thiscall;;void;cMagSun*
?DeleteQuad@cMagSun@@QAEXXZ;cMagSun::DeleteQuad;0x100739e0;0x1f;__thiscall;;void;cMagSun*
?OnRender@cMagSun@@UAEXXZ;cMagSun::OnRender;0x10073a00;0x5d;__thiscall;;void;cMagSun*
?EnableZBuffer@MagnumMesh@@QAEX_N@Z;cMagSun::EnableRendering;0x10073a60;0xd;__thiscall;;void;cMagSun*;bool
?IsEnabled@cMagSun@@QAE_NXZ;cMagSun::IsEnabled;0x10073a70;0x7;__thiscall;;bool;cMagSun*
?AddAnimTexture@cMagSun@@QAEXPAD@Z;cMagSun::AddAnimTexture;0x10073a80;0x1c7;__thiscall;;void;cMagSun*;char*
?RenderAnimTexture@cMagSun@@QAEXXZ;cMagSun::RenderAnimTexture;0x10073c50;0xdc;__thiscall;;void;cMagSun*
?EnableAnimTexture@cMagSun@@QAEX_N@Z;cMagSun::EnableAnimTexture;0x10073d30;0xd;__thiscall;;void;cMagSun*;bool
?deg2rad@cMagSun@@QAEMM@Z;cMagSun::deg2rad;0x10073d40;0xd;__thiscall;;float;cMagSun*;float
?SetAngleXZ@cMagSun@@QAEXM@Z;cMagSun::SetAngleXZ;0x10073d50;0xd;__thiscall;;void;cMagSun*;float
?SetAngleYZ@cMagSun@@QAEXM@Z;cMagSun::SetAngleYZ;0x10073d60;0xd;__thiscall;;void;cMagSun*;float
?SetDistance@cMagSun@@QAEXM@Z;cMagSun::SetDistance;0x10073d70;0xd;__thiscall;;void;cMagSun*;float
?Update@cMagSun@@QAEXXZ;cMagSun::Update;0x10073d80;0x2e0;__thiscall;;void;cMagSun*
;FUN_100740a0;0x100740a0;0xa;__stdcall;;uchar
;FUN_100740b0;0x100740b0;0xc;__stdcall;;uchar
;FUN_100740e0;0x100740e0;0xa;__stdcall;;uchar
;FUN_100740f0;0x100740f0;0xc;__stdcall;;uchar
?InitDeviceDx@CLensFlare@@QAEXPAVcMagGameObject@@@Z;CLensFlare::InitDeviceDx;0x10074110;0x23;__thiscall;;void;CLensFlare*;cMagGameObject*
??0CLensFlareSpot@@QAE@XZ;CLensFlareSpot::CLensFlareSpot;0x10074140;0x71;__thiscall;;uchar;CLensFlareSpot*
??0CLensFlareSpot@@QAE@PAUIDirect3DTexture8@@MMUD3DXCOLOR@@@Z;CLensFlareSpot::CLensFlareSpot;0x100741c0;0x53;__thiscall;;CLensFlareSpot*;CLensFlareSpot*;IDirect3DTexture8*;float;float;D3DXCOLOR
??1CLensFlareSpot@@UAE@XZ;CLensFlareSpot::~CLensFlareSpot;0x10074220;0xb;__thiscall;;void;CLensFlareSpot*
??0CLensFlare@@QAE@XZ;CLensFlare::CLensFlare;0x10074230;0xce;__thiscall;;uchar;CLensFlare*
??1CLensFlare@@UAE@XZ;CLensFlare::~CLensFlare;0x10074300;0xbe;__thiscall;;void;CLensFlare*
?RestoreDeviceObjects@CLensFlare@@QAEJPAUIDirect3DDevice8@@@Z;CLensFlare::RestoreDeviceObjects;0x100743c0;0x26;__thiscall;;long;CLensFlare*;IDirect3DDevice8*
?RecreateVB@CLensFlare@@IAEJXZ;CLensFlare::RecreateVB;0x100743f0;0x65;__thiscall;;long;CLensFlare*
?InvalidateDeviceObjects@CLensFlare@@QAEXXZ;CLensFlare::InvalidateDeviceObjects;0x10074460;0x24;__thiscall;;void;CLensFlare*
?CalcLightSourceScreenCoords@CLensFlare@@QAEXUD3DXMATRIX@@0UD3DXVECTOR3@@HHAAH22@Z;CLensFlare::CalcLightSourceScreenCoords;0x10074490;0x229;__thiscall;;void;uchar;uchar;uchar;uchar;uchar;uchar;uchar;uchar;uchar;uchar;uint;uint
?Render@CLensFlare@@QAEXAAUD3DXMATRIX@@U2@UD3DXVECTOR3@@HH_N@Z;CLensFlare::Render;0x100746c0;0x112;__thiscall;;void;CLensFlare*
?Render@CLensFlare@@QAEXHHHH_N@Z;CLensFlare::Render;0x100747e0;0xf76;__thiscall;;void;CLensFlare*;int;int;int;int;bool
?DeleteTextures@CLensFlare@@QAEXXZ;CLensFlare::DeleteTextures;0x10075760;0x7a;__thiscall;;void;CLensFlare*
?DeleteSpots@CLensFlare@@QAEXXZ;CLensFlare::DeleteSpots;0x100757e0;0x123;__thiscall;;void;CLensFlare*
?AddTexture@CLensFlare@@QAEPAUIDirect3DTexture8@@PBD@Z;CLensFlare::AddTexture;0x10075910;0x1e0;__thiscall;;uchar;CLensFlare*;char*
?AddSpot@CLensFlare@@QAEXHAAVCLensFlareSpot@@@Z;CLensFlare::AddSpot;0x10075af0;0x1a6;__thiscall;;void;CLensFlare*;int;CLensFlareSpot*
?DeleteSpots@CLensFlare@@QAEXH@Z;CLensFlare::DeleteSpots;0x10075ca0;0x16d;__thiscall;;void;CLensFlare*;int
?SetPosition@CLensFlare@@QAEXUD3DXVECTOR3@@@Z;CLensFlare::SetPosition;0x10075e10;0x1d;__thiscall;;void;CLensFlare*;D3DXVECTOR3
?OnRender@CLensFlare@@UAEXXZ;CLensFlare::OnRender;0x10075e30;0xbd;__thiscall;;void;CLensFlare*
?EnableRendering@CLensFlare@@QAEX_N@Z;CLensFlare::EnableRendering;0x10075ef0;0xd;__thiscall;;void;CLensFlare*;bool
?IsEnabled@CLensFlare@@QAE_NXZ;CLensFlare::IsEnabled;0x10075f00;0x7;__thiscall;;bool;CLensFlare*
?TestVisibility@CLensFlare@@QAE_NXZ;CLensFlare::TestVisibility;0x10075f10;0x118;__thiscall;;bool;CLensFlare*
;FUN_10076030;0x10076030;0x3b;__fastcall;;uchar;int
;FUN_10076070;0x10076070;0x3b1;__thiscall;;void;void*;CLensFlareSpot*;int;CLensFlareSpot*
;FUN_10076470;0x10076470;0xa;__stdcall;;uchar
;FUN_10076480;0x10076480;0xc;__stdcall;;uchar
;FUN_100764b0;0x100764b0;0xa;__stdcall;;uchar
;FUN_100764c0;0x100764c0;0xc;__stdcall;;uchar
??1cFX_Shockwave@@UAE@XZ;cFX_Shockwave::~cFX_Shockwave;0x100764e0;0x64;__thiscall;;void;cFX_Shockwave*
?RestoreDeviceObjects@cFX_Shockwave@@QAEJPBDMMHMM@Z;cFX_Shockwave::RestoreDeviceObjects;0x10076550;0x302;__thiscall;;long;cFX_Shockwave*;char*;float;float;int;float;float
?SetAlpha@cFX_Shockwave@@QAEXH@Z;cFX_Shockwave::SetAlpha;0x10076860;0x60;__thiscall;;void;cFX_Shockwave*;int
?InvalidateDeviceObjects@cFX_Shockwave@@QAEXXZ;cFX_Shockwave::InvalidateDeviceObjects;0x100768c0;0x39;__thiscall;;void;cFX_Shockwave*
?ShockwaveRender@cFX_Shockwave@@QAEXXZ;cFX_Shockwave::ShockwaveRender;0x10076900;0x279;__thiscall;;void;cFX_Shockwave*
;FUN_10076bc0;0x10076bc0;0xa;__stdcall;;uchar
;FUN_10076bd0;0x10076bd0;0xc;__stdcall;;uchar
;FUN_10076c00;0x10076c00;0xa;__stdcall;;uchar
;FUN_10076c10;0x10076c10;0xc;__stdcall;;uchar
??0cGlow@@QAE@ABV0@@Z;cGlow::cGlow;0x10076c30;0xc0;__thiscall;;uchar;cGlow*;cGlow*
??4cGlow@@QAEAAV0@ABV0@@Z;cGlow::operator=;0x10076cf0;0xba;__thiscall;;cGlow*;cGlow*;cGlow*
;cGlow::scalar_destructor;0x10076db0;0x57;__thiscall;;cGlow*;cGlow*;uchar
??0cGlow@@QAE@XZ;cGlow::cGlow;0x10076e10;0xd9;__thiscall;;uchar;cGlow*
??1cGlow@@UAE@XZ;cGlow::~cGlow;0x10076ef0;0x64;__thiscall;;void;cGlow*
?Create@cGlow@@QAEXPAD@Z;cGlow::Create;0x10076f60;0x89;__thiscall;;void;cGlow*;char*
?OnRender@cGlow@@UAEXXZ;cGlow::OnRender;0x10076ff0;0x18d;__thiscall;;void;cGlow*
?RenderGlow@cGlow@@QAEXXZ;cGlow::RenderGlow;0x10077180;0x1e7;__thiscall;;void;cGlow*
?SetScale@cGlow@@QAEXUD3DXVECTOR3@@@Z;cGlow::SetScale;0x10077370;0x1d;__thiscall;;void;cGlow*;uint;uint;uint
?SetPosition@cGlow@@QAEXUD3DXVECTOR3@@@Z;cGlow::SetPosition;0x10077390;0x1d;__thiscall;;void;cGlow*;uint;uint;uint
?SetSize@cGlow@@QAEXM@Z;cGlow::SetSize;0x100773b0;0xd;__thiscall;;void;cGlow*;float
?EnableRendering@cGlow@@QAEX_N@Z;cGlow::EnableRendering;0x100773c0;0xd;__thiscall;;void;cGlow*;bool
?EnableRendering@cGlow@@QAE_NXZ;cGlow::EnableRendering;0x100773d0;0x7;__thiscall;;bool;cGlow*
;FUN_10077420;0x10077420;0xa;__stdcall;;uchar
;FUN_10077430;0x10077430;0xc;__stdcall;;uchar
;FUN_10077460;0x10077460;0xa;__stdcall;;uchar
;FUN_10077470;0x10077470;0xc;__stdcall;;uchar
??0cMagFx@@QAE@XZ;cMagFx::cMagFx;0x10077490;0x317;__thiscall;;uchar;cMagFx*
??1cMagFx@@UAE@XZ;cMagFx::~cMagFx;0x100777b0;0xb;__thiscall;;void;cMagFx*
?SetPosition@cMagFx@@QAEXUD3DXVECTOR3@@@Z;cMagFx::SetPosition;0x100777c0;0x85;__thiscall;;void;cMagFx*;uint;uint;uint
?SetScale@cMagFx@@QAEXUD3DXVECTOR3@@@Z;cMagFx::SetScale;0x10077850;0x85;__thiscall;;void;cMagFx*;uint;uint;uint
?AddTexture@cMagFx@@QAEXPAD@Z;cMagFx::AddTexture;0x100778e0;0x5b;__thiscall;;void;cMagFx*;char*
?Restore@cMagFx@@QAEXXZ;cMagFx::Restore;0x10077940;0x23;__thiscall;;void;cMagFx*
?OnRender@cMagFx@@UAEXXZ;cMagFx::OnRender;0x10077970;0x23c;__thiscall;;void;cMagFx*
?DXUtil_Timer@cMagFx@@QAEMW4TIMER_COMMAND@1@@Z;cMagFx::DXUtil_Timer;0x10077bb0;0x2fd;__thiscall;;float;cMagFx*;TIMER_COMMAND
;FUN_10077ef0;0x10077ef0;0xa;__stdcall;;uchar
;FUN_10077f00;0x10077f00;0xc;__stdcall;;uchar
;FUN_10077f30;0x10077f30;0xa;__stdcall;;uchar
;FUN_10077f40;0x10077f40;0xc;__stdcall;;uchar
??0cPortalEngine@@QAE@XZ;cPortalEngine::cPortalEngine;0x10077f60;0x1fa;__thiscall;;uchar;cPortalEngine*
??1cPortalEngine@@UAE@XZ;cPortalEngine::~cPortalEngine;0x10078160;0x1f4;__thiscall;;void;cPortalEngine*
?CreatePlanePortal@cPortalEngine@@QAEXPAUMesh@@UD3DXMATRIX@@@Z;cPortalEngine::CreatePlanePortal;0x10078360;0x186;__thiscall;;void;cPortalEngine*;Mesh*;D3DXMATRIX
?AssignFacesToTexturesSektor@cPortalEngine@@QAEXXZ;cPortalEngine::AssignFacesToTexturesSektor;0x100784f0;0xa4d;__thiscall;;void;cPortalEngine*
;FUN_10078f40;0x10078f40;0x27;__fastcall;;uchar;int
?CreateTextures@cPortalEngine@@QAEXXZ;cPortalEngine::CreateTextures;0x10078fb0;0x21f;__thiscall;;void;cPortalEngine*
?RenderAllViewSectors@cPortalEngine@@QAEXH@Z;cPortalEngine::RenderAllViewSectors;0x100791d0;0x196;__thiscall;;void;cPortalEngine*;int
?RenderSector@cPortalEngine@@QAEXH@Z;cPortalEngine::RenderSector;0x10079370;0x40e;__thiscall;;void;cPortalEngine*;int
?Render@cPortalEngine@@QAEXXZ;cPortalEngine::Render;0x10079780;0x18;__thiscall;;void;cPortalEngine*
?CreateSector@cPortalEngine@@QAEXPAUMesh@@UD3DXVECTOR3@@1@Z;cPortalEngine::CreateSector;0x100797a0;0x2cc;__thiscall;;void;cPortalEngine*;int;float;float;float;float;float;float
?AddPortal@cPortalEngine@@QAEXUD3DXVECTOR3@@0UD3DXMATRIX@@V?$vector@HV?$allocator@H@std@@@std@@@Z;cPortalEngine::AddPortal;0x10079a70;0x334;__thiscall;;void;cPortalEngine*;float;float;float;float;float;float
?Is_inside@cPortalEngine@@QAE_NUD3DXVECTOR3@@00@Z;cMagPortal::Is_inside;0x10079db0;0x64;__thiscall;;ushort;cMagPortal*;float;float;float;float;float;float;float;float;float
?GetNumberSector@cPortalEngine@@QAEHXZ;cPortalEngine::GetNumberSector;0x10079e20;0xcf;__thiscall;;int;cPortalEngine*
?SectorIsRendering@cPortalEngine@@QAE_NUD3DXVECTOR3@@@Z;cPortalEngine::SectorIsRendering;0x10079ef0;0x3f;__thiscall;;uint;cPortalEngine*;float;float;float
?GetIndexSector@cPortalEngine@@QAEHUD3DXVECTOR3@@@Z;cPortalEngine::GetIndexSector;0x10079f30;0x90;__thiscall;;uint;cPortalEngine*;float;float;float
?AssignPortalToSector@cPortalEngine@@QAEXXZ;cPortalEngine::AssignPortalToSector;0x10079fc0;0x18d;__thiscall;;void;cPortalEngine*
;FUN_1007a150;0x1007a150;0x13;__fastcall;;int;int
;FUN_1007a170;0x1007a170;0x38;__fastcall;;uchar;int
;FUN_1007a1b0;0x1007a1b0;0xe;__stdcall;;uchar;uchar*
;FUN_1007a1c0;0x1007a1c0;0x13;__fastcall;;int;int
;FUN_1007a1e0;0x1007a1e0;0x21;__stdcall;;uchar;int;int
;FUN_1007a210;0x1007a210;0x38;__stdcall;;uint*;uint*;uint*;uint*
;FUN_1007a250;0x1007a250;0x1f9;__thiscall;;int;void*;uint*;uint*
;FUN_1007a450;0x1007a450;0x21;__fastcall;;int;int
;FUN_1007a480;0x1007a480;0x21;__stdcall;;uchar;int;int
;FUN_1007a4b0;0x1007a4b0;0x38;__stdcall;;uint*;uint*;uint*;uint*
;FUN_1007a4f0;0x1007a4f0;0x29;__stdcall;;uchar;uint*;int;uint*
;FUN_1007a520;0x1007a520;0x29;__stdcall;;uchar;uint*;int;uint*
;FUN_1007a550;0x1007a550;0x1a5;__cdecl;;uchar;uint*;uint*;uint*
;FUN_1007a700;0x1007a700;0x1ac;__cdecl;;uint*;uint*;uint*;uint*
;FUN_1007a8b0;0x1007a8b0;0x1c5;__cdecl;;uchar;uint*;uint*;uint*
;FUN_1007aa80;0x1007aa80;0x1d8;__cdecl;;uint*;uint*;uint*;uint*
??0pgTerrainPatch@@QAE@ABV0@@Z;pgTerrainPatch::pgTerrainPatch;0x1007ac90;0x2d3;__thiscall;;uchar;pgTerrainPatch*;pgTerrainPatch*
??4pgTerrainPatch@@QAEAAV0@ABV0@@Z;pgTerrainPatch::operator=;0x1007af70;0x2c2;__thiscall;;pgTerrainPatch*;pgTerrainPatch*;pgTerrainPatch*
;FUN_1007b250;0x1007b250;0xa;__stdcall;;uchar
;FUN_1007b260;0x1007b260;0xc;__stdcall;;uchar
;FUN_1007b290;0x1007b290;0xa;__stdcall;;uchar
;FUN_1007b2a0;0x1007b2a0;0xc;__stdcall;;uchar
??0pgTerrainPatch@@QAE@PAVpgTerrain@@HH@Z;pgTerrainPatch::pgTerrainPatch;0x1007b2c0;0x3e;__thiscall;;uchar;pgTerrainPatch*;pgTerrain*;int;int
?init@pgTerrainPatch@@UAEXXZ;pgTerrainPatch::init;0x1007b300;0x21;__thiscall;;void;pgTerrainPatch*
?deinit@pgTerrainPatch@@UAEXXZ;pgTerrainPatch::deinit;0x1007b330;0x11;__thiscall;;void;pgTerrainPatch*
?restoreDeviceObjects@pgTerrainPatchBase@@UAE_NXZ;pgTerrainPatch::restoreDeviceObjects;0x1007b350;0x6;__thiscall;;bool;pgTerrainPatch*
?updateTessellation@pgTerrainPatch@@UAE_NXZ;pgTerrainPatch::updateTessellation;0x1007b360;0x13;__thiscall;;bool;pgTerrainPatch*
?updateTessellation2@pgTerrainPatch@@UAE_NPAUIDirect3DDevice8@@@Z;pgTerrainPatch::updateTessellation2;0x1007b380;0x8c;__thiscall;;bool;pgTerrainPatch*;uchar
?updateTessellation3@pgTerrainPatch@@UAE_NXZ;pgTerrainPatch::updateTessellation3;0x1007b410;0x7;__thiscall;;bool;pgTerrainPatch*
?render@pgTerrainPatch@@UAEHPAUIDirect3DDevice8@@@Z;pgTerrainPatch::render;0x1007b420;0x8b;__thiscall;;int;pgTerrainPatch*;uchar
?checkBorders@pgTerrainPatch@@IAE_NXZ;pgTerrainPatch::checkBorders;0x1007b4b0;0x2c6;__thiscall;;bool;pgTerrainPatch*
?fillBuffers@pgTerrainPatch@@IAE_NPAUIDirect3DDevice8@@@Z;pgTerrainPatch::fillBuffers;0x1007b780;0xe5;__thiscall;;bool;pgTerrainPatch*;uchar
?checkBuffers@pgTerrainPatch@@IAE_NPAUIDirect3DDevice8@@@Z;pgTerrainPatch::checkBuffers;0x1007b870;0x11a;__thiscall;;bool;pgTerrainPatch*;uchar
;FUN_1007b9d0;0x1007b9d0;0xa;__stdcall;;uchar
;FUN_1007b9e0;0x1007b9e0;0xc;__stdcall;;uchar
;FUN_1007ba10;0x1007ba10;0xa;__stdcall;;uchar
;FUN_1007ba20;0x1007ba20;0xc;__stdcall;;uchar
??0pgTerrainPatchBase@@QAE@PAVpgTerrain@@HH@Z;pgTerrainPatchBase::pgTerrainPatchBase;0x1007ba40;0x171;__thiscall;;uchar;pgTerrainPatchBase*;pgTerrain*;int;int
?setNeighbors@pgTerrainPatchBase@@QAEXPBV1@000@Z;pgTerrainPatchBase::setNeighbors;0x1007bbc0;0x2b;__thiscall;;void;pgTerrainPatchBase*;pgTerrainPatchBase*;pgTerrainPatchBase*;pgTerrainPatchBase*;pgTerrainPatchBase*
?init@pgTerrainPatchBase@@UAEXXZ;pgTerrainPatchBase::init;0x1007bbf0;0xb9;__thiscall;;void;pgTerrainPatchBase*
?deinit@pgTerrainPatchBase@@UAEXXZ;pgTerrainPatchBase::deinit;0x1007bcb0;0x68;__thiscall;;void;pgTerrainPatchBase*
?addToActiveList@pgTerrainPatchBase@@QAEXXZ;pgTerrainPatchBase::addToActiveList;0x1007bd20;0x2e;__thiscall;;void;pgTerrainPatchBase*
?removeFromActiveList@pgTerrainPatchBase@@QAEXXZ;pgTerrainPatchBase::removeFromActiveList;0x1007bd50;0x4e;__thiscall;;void;pgTerrainPatchBase*
?fillBaseVertices@pgTerrainPatchBase@@UAEHPAUPATCHVERTEX@1@@Z;pgTerrainPatchBase::fillBaseVertices;0x1007bda0;0x33;__thiscall;;int;pgTerrainPatchBase*;PATCHVERTEX*
?setScale@pgTerrainPatchBase@@QAEXABVpgVec3@@@Z;pgTerrainPatchBase::setScale;0x1007bde0;0x21;__thiscall;;void;pgTerrainPatchBase*;pgVec3*
?setHeightMapPosition@pgTerrainPatchBase@@QAEXHH@Z;pgTerrainPatchBase::setHeightMapPosition;0x1007be10;0x17;__thiscall;;void;pgTerrainPatchBase*;int;int
?setRealTessellation@pgTerrainPatchBase@@QAEXH@Z;pgTerrainPatchBase::setRealTessellation;0x1007be30;0x19;__thiscall;;void;pgTerrainPatchBase*;int
?updateTessellation@pgTerrainPatchBase@@UAE_NXZ;pgTerrainPatchBase::updateTessellation;0x1007be50;0x140;__thiscall;;bool;pgTerrainPatchBase*
?updateTessellation3@pgTerrainPatchBase@@UAE_NXZ;pgTerrainPatchMorphHW::setupVertexShader;0x1007bf90;0x3;__cdecl;;bool
?checkVisibility@pgTerrainPatchBase@@QAE_NPBUD3DXMATRIX@@QBVpgPlane@@@Z;pgTerrainPatchBase::checkVisibility;0x1007bfa0;0x28;__thiscall;;bool;pgTerrainPatchBase*;uchar;pgPlane*
?setVisible@pgTerrainPatchBase@@QAEX_N@Z;pgTerrainPatchBase::setVisible;0x1007bfd0;0x2f;__thiscall;;void;pgTerrainPatchBase*;bool
?updateVisibility@pgTerrainPatchBase@@QAEXPBUD3DXMATRIX@@QBVpgPlane@@@Z;pgTerrainPatchBase::updateVisibility;0x1007c000;0x31c;__thiscall;;void;pgTerrainPatchBase*;uchar;pgPlane*
?calcMinMaxY@pgTerrainPatchBase@@QAEXXZ;pgTerrainPatchBase::calcMinMaxY;0x1007c320;0x98;__thiscall;;void;pgTerrainPatchBase*
?calcMinMax@pgTerrainPatchBase@@QAEXXZ;pgTerrainPatchBase::calcMinMax;0x1007c3c0;0x114;__thiscall;;void;pgTerrainPatchBase*
?updateProjectedErrors@pgTerrainPatchBase@@QAEXPBUD3DXMATRIX@@@Z;pgTerrainPatchBase::updateProjectedErrors;0x1007c4e0;0xf1;__thiscall;;void;pgTerrainPatchBase*;uchar
?calcErrors@pgTerrainPatchBase@@QAEXXZ;pgTerrainPatchBase::calcErrors;0x1007c5e0;0x17;__thiscall;;void;pgTerrainPatchBase*
?calcError@pgTerrainPatchBase@@QAEXH@Z;pgTerrainPatchBase::calcError;0x1007c600;0x2f9;__thiscall;;void;pgTerrainPatchBase*;int
?getExactTessellation@pgTerrainPatchBase@@QBEMXZ;pgTerrainPatchBase::getExactTessellation;0x1007c900;0x36;__thiscall;;float;pgTerrainPatchBase*
?getPowerTwo@pgTerrainPatchBase@@SAHH@Z;pgTerrainPatchBase::getPowerTwo;0x1007c940;0x3b;__cdecl;;int;int
?createTessellation@pgTerrainPatchBase@@QAEXHHHHH@Z;pgTerrainPatchBase::createTessellation;0x1007c9a0;0xeb;__thiscall;;void;pgTerrainPatchBase*;int;int;int;int;int
?reduceShapeTo@pgTerrainPatchBase@@QAEXHPAUPATCHVERTEX@1@@Z;pgTerrainPatchBase::reduceShapeTo;0x1007ca90;0x2d;__thiscall;;void;pgTerrainPatchBase*;int;PATCHVERTEX*
?makeBordersSimpler@pgTerrainPatchBase@@QAEXPAUPATCHVERTEX@1@@Z;pgTerrainPatchBase::makeBordersSimpler;0x1007cac0;0x36b;__thiscall;;void;pgTerrainPatchBase*;PATCHVERTEX*
?makeSimpler@pgTerrainPatchBase@@QAEXHPAUPATCHVERTEX@1@@Z;pgTerrainPatchBase::makeSimpler;0x1007ce30;0x5a;__thiscall;;void;pgTerrainPatchBase*;int;PATCHVERTEX*
?calculateInbetweenVertex@pgTerrainPatchBase@@QAEXHHHHHPAUPATCHVERTEX@1@@Z;pgTerrainPatchBase::calculateInbetweenVertex;0x1007ce90;0x6b;__thiscall;;void;pgTerrainPatchBase*;int;int;int;int;int;PATCHVERTEX*
?calculateDiagonalVertices@pgTerrainPatchBase@@QAEHHHHHHPAUPATCHVERTEX@1@AAMAAH12@Z;pgTerrainPatchBase::calculateDiagonalVertices;0x1007cf00;0x168;__thiscall;;int;pgTerrainPatchBase*;int;int;int;int;int;PATCHVERTEX*;float*;int*;float*;int*
?addTriangleRow@pgTerrainPatchBase@@QAEXHH_N000@Z;pgTerrainPatchBase::addTriangleRow;0x1007d080;0x318;__thiscall;;void;pgTerrainPatchBase*;int;int;bool;bool;bool;bool
?addTriangleBottomRow@pgTerrainPatchBase@@QAEXH_N0@Z;pgTerrainPatchBase::addTriangleBottomRow;0x1007d3a0;0x373;__thiscall;;void;pgTerrainPatchBase*;int;bool;bool
?addTriangleTopRow@pgTerrainPatchBase@@QAEXH_N0@Z;pgTerrainPatchBase::addTriangleTopRow;0x1007d720;0x384;__thiscall;;void;pgTerrainPatchBase*;int;bool;bool
?addLevel4PatchTriangles@pgTerrainPatchBase@@QAEX_N000@Z;pgTerrainPatchBase::addLevel4PatchTriangles;0x1007dab0;0xa2e;__thiscall;;void;pgTerrainPatchBase*;bool;bool;bool;bool
?getHeight@pgTerrainPatchBase@@QBEMHH@Z;pgTerrainPatchBase::getHeight;0x1007e520;0x48;__thiscall;;float;pgTerrainPatchBase*;int;int
?getVertex@pgTerrainPatchBase@@QBEXHHAAVpgVec3@@@Z;pgTerrainPatchBase::getVertex;0x1007e570;0x82;__thiscall;;void;pgTerrainPatchBase*;int;int;pgVec3*
?getTexCoord@pgTerrainPatchBase@@QBEXHHAAVpgVec2@@@Z;pgTerrainPatchBase::getTexCoord;0x1007e600;0x52;__thiscall;;void;pgTerrainPatchBase*;int;int;pgVec2*
?getNormal@pgTerrainPatchBase@@QBEXHHAAVpgVec3@@@Z;pgTerrainPatchBase::getNormal;0x1007e660;0x42;__thiscall;;void;pgTerrainPatchBase*;int;int;pgVec3*
?getIndex@pgTerrainPatchBase@@QAEGHH@Z;pgTerrainPatchBase::getIndex;0x1007e6b0;0x13a;__thiscall;;ushort;pgTerrainPatchBase*;int;int
?getNewTessellationSafe@pgTerrainPatchBase@@QBEHXZ;pgTerrainPatchBase::getNewTessellationSafe;0x1007e7f0;0x1f;__thiscall;;int;pgTerrainPatchBase*
??0pgTerrainPatchMorphHW@@QAE@ABV0@@Z;pgTerrainPatchMorphHW::pgTerrainPatchMorphHW;0x1007e840;0x1e9;__thiscall;;uchar;pgTerrainPatchMorphHW*;pgTerrainPatchMorphHW*
??4pgTerrainPatchMorphHW@@QAEAAV0@ABV0@@Z;pgTerrainPatchMorphHW::operator=;0x1007ea30;0x1dd;__thiscall;;pgTerrainPatchMorphHW*;pgTerrainPatchMorphHW*;pgTerrainPatchMorphHW*
;FUN_1007ec20;0x1007ec20;0xa;__stdcall;;uchar
;FUN_1007ec30;0x1007ec30;0xc;__stdcall;;uchar
;FUN_1007ec60;0x1007ec60;0xa;__stdcall;;uchar
;FUN_1007ec70;0x1007ec70;0xc;__stdcall;;uchar
??0pgTerrainPatchMorphHW@@QAE@PAVpgTerrain@@HH@Z;pgTerrainPatchMorphHW::pgTerrainPatchMorphHW;0x1007ec90;0x25;__thiscall;;uchar;pgTerrainPatchMorphHW*;pgTerrain*;int;int
?init@pgTerrainPatchMorphHW@@UAEXXZ;pgTerrainPatchMorphHW::init;0x1007ecc0;0x5;__thiscall;;void;pgTerrainPatchMorphHW*
?deinit@pgTerrainPatchMorphHW@@UAEXXZ;pgTerrainPatchMorphHW::deinit;0x1007ecd0;0x5;__thiscall;;void;pgTerrainPatchMorphHW*
?render@pgTerrainPatchMorphHW@@UAEHXZ;pgTerrainPatchMorphHW::render;0x1007ece0;0x290;__thiscall;;int;pgTerrainPatchMorphHW*
?deleteDeviceObjects@pgTerrainPatchMorphHW@@UAEXXZ;pgTerrainPatchMorphHW::deleteDeviceObjects;0x1007ef70;0x5;__thiscall;;void;pgTerrainPatchMorphHW*
?restoreDeviceObjects@pgTerrainPatchMorphHW@@UAE_NXZ;pgTerrainPatchMorphHW::restoreDeviceObjects;0x1007ef80;0x5;__thiscall;;bool;pgTerrainPatchMorphHW*
?fillBuffers@pgTerrainPatchMorphHW@@MAE_NXZ;pgTerrainPatchMorphHW::fillBuffers;0x1007ef90;0x291;__thiscall;;bool;pgTerrainPatchMorphHW*
?checkBuffers@pgTerrainPatchMorphHW@@IAE_NXZ;pgTerrainPatchMorphHW::checkBuffers;0x1007f230;0x10e;__thiscall;;bool;pgTerrainPatchMorphHW*
;FUN_1007f380;0x1007f380;0xa;__stdcall;;uchar
;FUN_1007f390;0x1007f390;0xc;__stdcall;;uchar
;FUN_1007f3c0;0x1007f3c0;0xa;__stdcall;;uchar
;FUN_1007f3d0;0x1007f3d0;0xc;__stdcall;;uchar
??0pgTerrainPatchMorphSW@@QAE@PAVpgTerrain@@HH@Z;pgTerrainPatchMorphSW::pgTerrainPatchMorphSW;0x1007f3f0;0xc8;__thiscall;;uchar;pgTerrainPatchMorphSW*;pgTerrain*;int;int
?init@pgTerrainPatchMorphSW@@UAEXXZ;pgTerrainPatchMorphSW::init;0x1007f4c0;0x136;__thiscall;;void;pgTerrainPatchMorphSW*
?deinit@pgTerrainPatchMorphSW@@UAEXXZ;pgTerrainPatchMorphSW::deinit;0x1007f600;0x10f;__thiscall;;void;pgTerrainPatchMorphSW*
?deleteDeviceObjects@pgTerrainPatchMorphSW@@UAEXXZ;pgTerrainPatch::deleteDeviceObjects;0x1007f710;0x39;__thiscall;;void;pgTerrainPatch*
?updateTessellation@pgTerrainPatchMorphSW@@UAE_NXZ;pgTerrainPatchMorphSW::updateTessellation;0x1007f750;0xa9;__thiscall;;bool;pgTerrainPatchMorphSW*
?updateTessellation2@pgTerrainPatchMorphSW@@UAE_NXZ;pgTerrainPatchMorphSW::updateTessellation2;0x1007f800;0x227;__thiscall;;bool;pgTerrainPatchMorphSW*
?updateTessellation3@pgTerrainPatchMorphSW@@UAE_NXZ;pgTerrainPatchMorphSW::updateTessellation3;0x1007fa30;0x76;__thiscall;;bool;pgTerrainPatchMorphSW*
?render@pgTerrainPatchMorphSW@@UAEHXZ;pgTerrainPatchMorphSW::render;0x1007fab0;0xa1;__thiscall;;int;pgTerrainPatchMorphSW*
?fillMorphVertices@pgTerrainPatchMorphSW@@IAEXXZ;pgTerrainPatchMorphSW::fillMorphVertices;0x1007fb60;0xa7;__thiscall;;void;pgTerrainPatchMorphSW*
?checkBorderLeft@pgTerrainPatchMorphSW@@IAEXXZ;pgTerrainPatchMorphSW::checkBorderLeft;0x1007fc10;0x3ca;__thiscall;;void;pgTerrainPatchMorphSW*
?checkBorderRight@pgTerrainPatchMorphSW@@IAEXXZ;pgTerrainPatchMorphSW::checkBorderRight;0x1007ffe0;0x412;__thiscall;;void;pgTerrainPatchMorphSW*
?checkBorderBottom@pgTerrainPatchMorphSW@@IAEXXZ;pgTerrainPatchMorphSW::checkBorderBottom;0x10080400;0x3c2;__thiscall;;void;pgTerrainPatchMorphSW*
?checkBorderTop@pgTerrainPatchMorphSW@@IAEXXZ;pgTerrainPatchMorphSW::checkBorderTop;0x100807d0;0x3fe;__thiscall;;void;pgTerrainPatchMorphSW*
?fillBuffers@pgTerrainPatchMorphSW@@MAE_NXZ;pgTerrainPatchMorphSW::fillBuffers;0x10080bd0;0x366;__thiscall;;bool;pgTerrainPatchMorphSW*
?checkBuffers@pgTerrainPatchMorphSW@@IAE_NXZ;pgTerrainPatchMorphSW::checkBuffers;0x10080f40;0x114;__thiscall;;bool;pgTerrainPatchMorphSW*
??0pgTerrainPVS@@QAE@XZ;pgTerrainPVS::pgTerrainPVS;0x10081090;0x13;__thiscall;;uchar;pgTerrainPVS*
??1pgTerrainPVS@@QAE@XZ;pgTerrainPVS::~pgTerrainPVS;0x100810b0;0xf;__thiscall;;void;pgTerrainPVS*
?calc@pgTerrainPVS@@QAEXPBE0IIII@Z;pgTerrainPVS::calc;0x100810c0;0x266;__thiscall;;void;pgTerrainPVS*;uchar*;uchar*;uint;uint;uint;uint
?shrink@pgTerrainPVS@@QAEXXZ;pgTerrainPVS::shrink;0x10081330;0x1ed;__thiscall;;void;pgTerrainPVS*
?save@pgTerrainPVS@@QAE_NPBD@Z;pgTerrainPVS::save;0x10081520;0x96;__thiscall;;bool;pgTerrainPVS*;char*
?load@pgTerrainPVS@@QAE_NPBD@Z;pgTerrainPVS::load;0x100815c0;0xe5;__thiscall;;bool;pgTerrainPVS*;char*
?setVisible@pgTerrainPVS@@AAEXHHHHH_N@Z;pgTerrainPVS::setVisible;0x100816b0;0x52;__thiscall;;void;pgTerrainPVS*;int;int;int;int;int;bool
?isVisible@pgTerrainPVS@@QBE_NHHHHH@Z;pgTerrainPVS::isVisible;0x10081710;0x80;__thiscall;;bool;pgTerrainPVS*;int;int;int;int;int
?getIdx@pgTerrainPVS@@ABEIHHHHH@Z;pgTerrainPVS::getIdx;0x10081790;0x2c;__thiscall;;uint;pgTerrainPVS*;int;int;int;int;int
?cosine@pgVec2@@SAMABV1@W4Axis@1@@Z;pgVec2::cosine;0x100817c0;0x4a;__cdecl;;float;pgVec2*;Axis
?cosine@pgVec2@@SAMABV1@0@Z;pgVec2::cosine;0x10081810;0x4b;__cdecl;;float;pgVec2*;pgVec2*
?distance@pgVec2@@QBEMABV1@@Z;pgVec2::distance;0x10081860;0x21;__thiscall;;float;pgVec2*;pgVec2*
?length@pgVec2@@QBEMXZ;pgVec2::length;0x10081890;0x16;__thiscall;;float;pgVec2*
?normalize@pgVec2@@QAEMXZ;pgVec2::normalize;0x100818b0;0x47;__thiscall;;float;pgVec2*
;FUN_10081900;0x10081900;0x21;__fastcall;;float10;float*
;FUN_10081930;0x10081930;0x33;__fastcall;;uchar;float*
;FUN_10081b90;0x10081b90;0x57;__thiscall;;uchar;void*;float;float;float
??0pgImage@@QAE@XZ;pgImage::pgImage;0x10081bf0;0x13;__thiscall;;uchar;pgImage*
??0pgImage@@QAE@HHW4FORMAT@0@ABVpgString@@PAE_N@Z;pgImage::pgImage;0x10081c10;0xcb;__thiscall;;uchar;pgImage*;int;int;FORMAT;pgString*;uchar*;bool
?getPixelSize@pgImage@@QBEHXZ;pgImage::getPixelSize;0x10081ce0;0xd;__thiscall;;int;pgImage*
?getPixelSize@pgImage@@SAHW4FORMAT@1@@Z;pgImage::getPixelSize;0x10081cf0;0x36;__cdecl;;int;FORMAT
?getFormatString@pgImage@@SA?AVpgString@@W4_D3DFORMAT@@@Z;pgImage::getFormatString;0x10081d60;0x21;__cdecl;;pgString*;pgString*;int
?getFormatString@pgImage@@SA?AVpgString@@W4FORMAT@1@@Z;pgImage::getFormatString;0x10081d90;0x1ad;__cdecl;;pgString*;pgString*;FORMAT
?isCompressed@pgImage@@SA_NW4FORMAT@1@@Z;pgImage::isCompressed;0x10081f80;0x32;__cdecl;;bool;FORMAT
?hasAlpha@pgImage@@SA_NW4FORMAT@1@@Z;pgImage::hasAlpha;0x10081fc0;0x4b;__cdecl;;bool;FORMAT
;MagTerrain::loadImage;0x10082010;0x1d0;__stdcall;;pgImage*;char*;int;int;FORMAT
??0pgString@@QAE@ABV0@@Z;pgString::pgString;0x100821e0;0x19;__thiscall;;uchar;pgString*;pgString*
??0pgString@@QAE@PBD@Z;pgString::pgString;0x10082200;0x59;__thiscall;;uchar;pgString*;char*
??1pgString@@QAE@XZ;pgString::~pgString;0x10082260;0xe;__thiscall;;void;pgString*
?set@pgString@@QAAAAV1@PBDZZ;pgString::set;0x10082270;0x94;__thiscall;varargs;pgString*;pgString*;char*
?cat@pgString@@QAEAAV1@PBD@Z;pgString::cat;0x10082310;0xd2;__thiscall;;pgString*;pgString*;char*
?length@pgString@@QBEHXZ;pgString::length;0x100823f0;0x19;__thiscall;;int;pgString*
?consistsJustOf@pgString@@QBE_NABV1@@Z;pgString::consistsJustOf;0x10082410;0x71;__thiscall;;bool;pgString*;pgString*
?getIndex@pgString@@QBEHD_N@Z;pgString::getIndex;0x10082490;0x36;__thiscall;;int;pgString*;char;bool
?getIndex@pgString@@QBEHHD_N@Z;pgString::getIndex;0x100824d0;0x7c;__thiscall;;int;pgString*;int;char;bool
?getIndexNot@pgString@@QBEHD_N@Z;pgString::getIndexNot;0x10082550;0x36;__thiscall;;int;pgString*;char;bool
?getIndexNot@pgString@@QBEHHD_N@Z;pgString::getIndexNot;0x10082590;0x7c;__thiscall;;int;pgString*;int;char;bool
?getIndex@pgString@@QBEHABV1@_N@Z;pgString::getIndex;0x10082610;0x37;__thiscall;;int;pgString*;pgString*;bool
?getIndex@pgString@@QBEHHABV1@_N@Z;pgString::getIndex;0x10082650;0xe2;__thiscall;;int;pgString*;int;pgString*;bool
?getCNum@pgString@@QBEHD@Z;pgString::getCNum;0x10082740;0x42;__thiscall;;int;pgString*;char
?getSubString@pgString@@QBE?AV1@HH@Z;pgString::getSubString;0x10082790;0xc0;__thiscall;;pgString*;pgString*;pgString;int;int
?toLower@pgString@@QAEAAV1@XZ;pgString::toLower;0x10082850;0x37;__thiscall;;pgString*;pgString*
?toUpper@pgString@@QAEAAV1@XZ;pgString::toUpper;0x10082890;0x37;__thiscall;;pgString*;pgString*
?toLower@pgString@@SADD@Z;pgString::toLower;0x100828d0;0x2b;__cdecl;;char;char
?toUpper@pgString@@SADD@Z;pgString::toUpper;0x10082900;0x2b;__cdecl;;char;char
?cutC@pgString@@QAEAAV1@D_N@Z;pgString::cutC;0x10082930;0xf1;__thiscall;;pgString*;pgString*;char;bool
?cut@pgString@@QAEAAV1@D@Z;pgString::cut;0x10082a30;0x21;__thiscall;;pgString*;pgString*;char
?cutS@pgString@@QAEAAV1@ABV1@_N@Z;pgString::cutS;0x10082a60;0x116;__thiscall;;pgString*;pgString*;pgString*;bool
?cut@pgString@@QAEAAV1@ABV1@@Z;pgString::cut;0x10082b80;0x21;__thiscall;;pgString*;pgString*;pgString*
?find@pgString@@QAEHABV1@@Z;pgString::find;0x10082bb0;0x34;__thiscall;;int;pgString*;pgString*
??MpgString@@QBE_NABV0@@Z;pgString::operator<;0x10082bf0;0x63;__thiscall;;bool;pgString*;pgString*
??OpgString@@QBE_NABV0@@Z;pgString::operator>;0x10082c60;0x63;__thiscall;;bool;pgString*;pgString*
??8pgString@@QBE_NABV0@@Z;pgString::operator==;0x10082cd0;0x68;__thiscall;;bool;pgString*;pgString*
??8pgString@@QBE_NPBD@Z;pgString::operator==;0x10082d40;0x64;__thiscall;;bool;pgString*;char*
??9pgString@@QBE_NABV0@@Z;pgString::operator!=;0x10082db0;0x68;__thiscall;;bool;pgString*;pgString*
??9pgString@@QBE_NPBD@Z;pgString::operator!=;0x10082e20;0x64;__thiscall;;bool;pgString*;char*
??4pgString@@QAEAAV0@ABV0@@Z;pgString::operator=;0x10082e90;0x65;__thiscall;;pgString*;pgString*;pgString*
??YpgString@@QAEAAV0@ABV0@@Z;pgString::operator+=;0x10082f00;0x20;__thiscall;;pgString*;pgString*;pgString*
?setBuffer@pgString@@QAEXPAD@Z;pgString::setBuffer;0x10082f20;0x26;__thiscall;;void;pgString*;char*
;FUN_10082f60;0x10082f60;0xa;__stdcall;;uchar
;FUN_10082f70;0x10082f70;0xc;__stdcall;;uchar
;FUN_10082fa0;0x10082fa0;0xa;__stdcall;;uchar
;FUN_10082fb0;0x10082fb0;0xc;__stdcall;;uchar
;_Java_Terrain_GetHeigh@12;0x10082fd0;0x21;__stdcall;;float10;uint;uint
;FUN_10083010;0x10083010;0x1d;__fastcall;;uchar;uint
;FUN_10083030;0x10083030;0xc;__stdcall;;uchar
;FUN_10083090;0x10083090;0x1d;__fastcall;;uchar;uint
;FUN_100830b0;0x100830b0;0xc;__stdcall;;uchar
??0MagTerrain@@QAE@XZ;MagTerrain::MagTerrain;0x10083100;0xac;__thiscall;;uchar;MagTerrain*
??1MagTerrain@@UAE@XZ;MagTerrain::~MagTerrain;0x100831b0;0x98;__thiscall;;void;MagTerrain*
?Build@MagTerrain@@QAEXXZ;MagTerrain::Build;0x10083250;0x1e0;__thiscall;;void;MagTerrain*
?Update@MagTerrain@@QAEXUD3DXMATRIX@@@Z;MagTerrain::Update;0x10083430;0xc7;__thiscall;;void;MagTerrain*;uchar
?Render@MagTerrain@@QAEXXZ;MagTerrain::Render;0x10083500;0x5c;__thiscall;;void;MagTerrain*
?OnRender@MagTerrain@@UAEXXZ;MagTerrain::OnRender;0x10083560;0x17c;__thiscall;;void;MagTerrain*
?EnableRendering@MagTerrain@@QAE_NXZ;MagTerrain::EnableRendering;0x100836e0;0x7;__thiscall;;bool;MagTerrain*
?EnableRendering@MagTerrain@@QAEX_N@Z;MagTerrain::EnableRendering;0x100836f0;0xd;__thiscall;;void;MagTerrain*;bool
?SetLODRadius@MagTerrain@@QAEXM@Z;MagTerrain::SetLODRadius;0x10083700;0xd;__thiscall;;void;MagTerrain*;float
?GetLODRadius@MagTerrain@@QAEMXZ;MagTerrain::GetLODRadius;0x10083710;0x7;__thiscall;;float;MagTerrain*
?SetDetailTile@MagTerrain@@QAEXM@Z;MagTerrain::SetDetailTile;0x10083720;0xd;__thiscall;;void;MagTerrain*;float
?GetDetailTile@MagTerrain@@QAEMXZ;MagTerrain::GetDetailTile;0x10083730;0x7;__thiscall;;float;MagTerrain*
?GetMapSize@MagTerrain@@QAE?AUD3DXVECTOR3@@XZ;MagTerrain::GetMapSize;0x10083740;0x21;__thiscall;;uchar;MagTerrain*;uint*
?SetHeighMap@MagTerrain@@QAE_NPAD@Z;MagTerrain::SetHeighMap;0x10083770;0x57;__thiscall;;bool;MagTerrain*;char*
?SetDetailMap@MagTerrain@@QAEXPAD@Z;MagTerrain::SetDetailMap;0x100837d0;0x4b;__thiscall;;void;MagTerrain*;char*
?SetColorMap@MagTerrain@@QAEXPAD@Z;MagTerrain::SetColorMap;0x10083820;0x4b;__thiscall;;void;MagTerrain*;char*
?GetHeigh@MagTerrain@@QAE_NUD3DXVECTOR3@@AAM@Z;MagTerrain::GetHeigh;0x10083870;0x74;__thiscall;;uint;MagTerrain*;uint;uint;uint;uint*
?GetNormal@MagTerrain@@QAE?AUD3DXVECTOR3@@U2@@Z;MagTerrain::GetNormal;0x100838f0;0xae;__thiscall;;uchar;MagTerrain*;uint*
?ShowWireframe@MagTerrain@@QAEX_N@Z;MagTerrain::ShowWireframe;0x100839a0;0xd;__thiscall;;void;MagTerrain*;bool
?ShowWireframe@MagTerrain@@QAE_NXZ;MagTerrain::ShowWireframe;0x100839b0;0x7;__thiscall;;bool;MagTerrain*
?SetScale@MagTerrain@@QAEXUD3DXVECTOR3@@@Z;MagTerrain::SetMapSize;0x100839c0;0x1d;__thiscall;;void;MagTerrain*;uint;uint;uint
?GetWorldMatrix@MagTerrain@@QAE?AUD3DXMATRIX@@XZ;MagTerrain::GetWorldMatrix;0x100839e0;0x16;__thiscall;;D3DXMATRIX*;MagTerrain*;D3DXMATRIX*
?SetGrassMap@MagTerrain@@QAEXPAD@Z;MagTerrain::SetGrassMap;0x10083a00;0x44;__thiscall;;void;MagTerrain*;char*
?GetColorGrassMap@MagTerrain@@QAEHHH@Z;MagTerrain::GetColorGrassMap;0x10083a50;0x1c;__thiscall;;int;MagTerrain*;int;int
?GetPositionGrassMap@MagTerrain@@QAE_NHHAAUD3DXVECTOR3@@@Z;MagTerrain::GetPositionGrassMap;0x10083a70;0xb8;__thiscall;;bool;MagTerrain*;int;int;uchar
?GetNumTris@MagTerrain@@QAEHXZ;MagTerrain::GetNumTris;0x10083b30;0x1b;__thiscall;;int;MagTerrain*
?Pick@MagTerrain@@QAE_NUD3DXVECTOR3@@0PAMPAU2@PAUD3DXMATRIX@@@Z;MagTerrain::Pick;0x10083b50;0x62;__thiscall;;uint;MagTerrain*;float;float;float;float;float;float;float*;uint;int
;FUN_10083c00;0x10083c00;0xa;__stdcall;;uchar
;FUN_10083c10;0x10083c10;0xc;__stdcall;;uchar
;FUN_10083c40;0x10083c40;0xa;__stdcall;;uchar
;FUN_10083c50;0x10083c50;0xc;__stdcall;;uchar
??0pgTerrain@@QAE@XZ;pgTerrain::pgTerrain;0x10083c90;0x16e;__thiscall;;uchar;pgTerrain*
??1pgTerrain@@QAE@XZ;pgTerrain::~pgTerrain;0x10083e00;0xed;__thiscall;;void;pgTerrain*
?setHeightMap@pgTerrain@@QAEXPAVpgImage@@@Z;pgTerrain::setHeightMap;0x10083ef0;0x1f;__thiscall;;void;pgTerrain*;pgImage*
?setGrassMap@pgTerrain@@QAEXPAVpgImage@@@Z;pgTerrain::setGrassMap;0x10083f10;0x3e;__thiscall;;void;pgTerrain*;pgImage*
?GetColorGrassMap@pgTerrain@@QAEHHH@Z;pgTerrain::GetColorGrassMap;0x10083f50;0x43;__thiscall;;int;pgTerrain*;int;int
?setPatchSize@pgTerrain@@QAEXMMM@Z;pgTerrain::setPatchSize;0x10083fa0;0x21;__thiscall;;void;pgTerrain*;float;float;float
?build@pgTerrain@@QAEXXZ;pgTerrain::build;0x10083fd0;0x20d;__thiscall;;void;pgTerrain*
?createPatch@pgTerrain@@QAEPAVpgTerrainPatchBase@@HH@Z;pgTerrain::createPatch;0x100841e0;0x6e;__thiscall;;pgTerrainPatchBase*;pgTerrain*;int;int
?update@pgTerrain@@QAEXUD3DXMATRIX@@@Z;pgTerrain::update;0x10084250;0xced;__thiscall;;void;pgTerrain*;uchar
?setVec3FromVecD3D@pgTerrain@@QAEXAAVpgVec3@@ABU_D3DVECTOR@@@Z;pgTerrain::setD3DVecFromVec3;0x10084f40;0x1b;__thiscall;;void;pgTerrain*;_D3DVECTOR*;pgVec3*
?createClippingPlanes@pgTerrain@@QAEXQAVpgPlane@@@Z;pgTerrain::createClippingPlanes;0x10084f60;0x1f1;__thiscall;;void;pgTerrain*;pgPlane*
;FUN_10085160;0x10085160;0x6f;__fastcall;;uchar;float*
?renderSplit@pgTerrain@@QAEXXZ;pgTerrain::renderSplit;0x100851d0;0x56b;__thiscall;;void;pgTerrain*
?checkBuffers@pgTerrain@@QAEXXZ;pgTerrain::checkBuffers;0x10085740;0xf5;__thiscall;;void;pgTerrain*
?addPass@pgTerrain@@QAEXMM@Z;pgTerrain::addPass;0x10085840;0x1bf;__thiscall;;void;pgTerrain*;float;float
?fillPassInfo@pgTerrain@@QAEXPAUMultiPassInfo@1@MM@Z;pgTerrain::fillPassInfo;0x10085a00;0x5c;__thiscall;;void;pgTerrain*;MultiPassInfo*;float;float
?CreateFrustumCull@pgTerrain@@QAEXXZ;pgTerrain::CreateFrustumCull;0x10085a60;0x66;__thiscall;;void;pgTerrain*
?projectDown@pgTerrain@@QAE_NABVpgVec3@@AAV2@@Z;pgTerrain::projectDown;0x10085ad0;0x1f0;__thiscall;;bool;pgTerrain*;pgVec3*;pgVec3*
?getHeightDif@pgTerrain@@QAEMHHHH@Z;pgTerrain::getHeightDif;0x10085cc0;0x5c;__thiscall;;float;pgTerrain*;int;int;int;int
?createNormals@pgTerrain@@QAEXXZ;pgTerrain::createNormals;0x10085d20;0x329;__thiscall;;void;pgTerrain*
?Pick@pgTerrain@@QAE_NUD3DXVECTOR3@@0PAMPAU2@PAUD3DXMATRIX@@@Z;pgTerrain::Pick;0x10086050;0x542;__thiscall;;uint;pgTerrain*;float;float;float;float;float;float;float*;uint;int
;FUN_100865a0;0x100865a0;0x25;__stdcall;;uchar;uint*;int;uint*
;FUN_10086610;0x10086610;0xa;__stdcall;;uchar
;FUN_10086620;0x10086620;0xc;__stdcall;;uchar
;FUN_10086650;0x10086650;0xa;__stdcall;;uchar
;FUN_10086660;0x10086660;0xc;__stdcall;;uchar
??0MagTextureMgr@@QAE@XZ;MagTextureMgr::MagTextureMgr;0x10086680;0xa9;__thiscall;;uchar;MagTextureMgr*
??1MagTextureMgr@@UAE@XZ;MagTextureMgr::~MagTextureMgr;0x10086730;0x2d;__thiscall;;void;MagTextureMgr*
?RestoreTextures@MagTextureMgr@@QAEXXZ;MagTextureMgr::RestoreTextures;0x10086760;0xad;__thiscall;;void;MagTextureMgr*
?GetTexture@MagTextureMgr@@QAEPAUIDirect3DTexture8@@PADAAU_D3DXIMAGE_INFO@@@Z;MagTextureMgr::GetTexture;0x10086810;0x18d;__thiscall;;uchar;MagTextureMgr*;char*;_D3DXIMAGE_INFO*
?GetTexture@MagTextureMgr@@QAEPAUIDirect3DTexture8@@PAD@Z;MagTextureMgr::GetTexture;0x100869a0;0x173;__thiscall;;IDirect3DTexture8*;MagTextureMgr*;char*
?GetTextureMesh@MagTextureMgr@@QAEPAUIDirect3DTexture8@@PAD@Z;MagTextureMgr::GetTextureMesh;0x10086b20;0xde;__thiscall;;uchar;MagTextureMgr*;char*
?GetID@MagTextureMgr@@QAEHXZ;MagTextureMgr::GetID;0x10086c00;0x4;__thiscall;;int;MagTextureMgr*
?ReplaceTexture@MagTextureMgr@@QAEPAUIDirect3DTexture8@@PAD0@Z;MagTextureMgr::ReplaceTexture;0x10086c10;0xc4;__thiscall;;uchar;MagTextureMgr*;char*;char*
?DeleteTexture@MagTextureMgr@@QAEXPAD@Z;MagTextureMgr::DeleteTexture;0x10086ce0;0x82;__thiscall;;void;MagTextureMgr*;char*
?IsTexture@MagTextureMgr@@QAE_NPADAAH@Z;MagTextureMgr::IsTexture;0x10086d70;0x6b;__thiscall;;bool;MagTextureMgr*;char*;int*
?LoadTexture@MagTextureMgr@@QAEPAUIDirect3DTexture8@@PADAAU_D3DXIMAGE_INFO@@H@Z;MagTextureMgr::LoadTexture;0x10086de0;0x4b0;__thiscall;;uchar;MagTextureMgr*;char*;_D3DXIMAGE_INFO*;int
?LoadTextureMesh@MagTextureMgr@@QAEPAUIDirect3DTexture8@@PADAAU_D3DXIMAGE_INFO@@H@Z;MagTextureMgr::LoadTextureMesh;0x10087290;0x491;__thiscall;;uchar;MagTextureMgr*;char*;_D3DXIMAGE_INFO*;int
?GetBuforSize@MagTextureMgr@@QAEHXZ;MagTextureMgr::GetBuforSize;0x10087730;0x21;__thiscall;;int;MagTextureMgr*
?LoadTextureA@MagTextureMgr@@QAEPAUIDirect3DTexture8@@PADAAU_D3DXIMAGE_INFO@@@Z;MagTextureMgr::LoadTextureA;0x10087760;0x166;__thiscall;;uchar;MagTextureMgr*;char*;_D3DXIMAGE_INFO*
?GetTextureA@MagTextureMgr@@QAEPAUIDirect3DTexture8@@PAD@Z;MagTextureMgr::GetTextureA;0x100878d0;0x63;__thiscall;;uchar;MagTextureMgr*;char*
?Clear@MagTextureMgr@@QAEXXZ;MagTextureMgr::Clear;0x10087940;0x8d;__thiscall;;void;MagTextureMgr*
?LoadTextureFullPath@MagTextureMgr@@QAEPAUIDirect3DTexture8@@PADAAU_D3DXIMAGE_INFO@@0H@Z;MagTextureMgr::LoadTextureFullPath;0x100879d0;0x432;__thiscall;;uchar;MagTextureMgr*;char*;_D3DXIMAGE_INFO*;char*;int
?SetAlfaGreatereQual@MagTextureMgr@@QAEXK@Z;MagTextureMgr::SetAlfaGreatereQual;0x10087e10;0xa;__thiscall;;void;MagTextureMgr*;ulong
?BeginAlphaTexture@MagTextureMgr@@QAEXXZ;MagTextureMgr::BeginAlphaTexture;0x10087e20;0x42;__thiscall;;void;MagTextureMgr*
?EndAlphaTexture@MagTextureMgr@@QAEXXZ;MagTextureMgr::EndAlphaTexture;0x10087e70;0x2c;__thiscall;;void;MagTextureMgr*
?BeginFilterTexture@MagTextureMgr@@QAEXXZ;MagTextureMgr::BeginFilterTexture;0x10087ea0;0x90;__thiscall;;void;MagTextureMgr*
?BeginFilterVertexColorTexture@MagTextureMgr@@QAEXXZ;MagTextureMgr::BeginFilterVertexColorTexture;0x10087f30;0xa9;__thiscall;;void;MagTextureMgr*
?ComputeBumpMap@MagTextureMgr@@QAEPAUIDirect3DTexture8@@PAD@Z;MagTextureMgr::ComputeBumpMap;0x10087fe0;0x209;__thiscall;;uchar;MagTextureMgr*;char*
?GetTextureBoundingBox@MagTextureMgr@@QAEPAUIDirect3DTexture8@@XZ;MagTextureMgr::GetTextureBoundingBox;0x100881f0;0x1c;__thiscall;;uchar;MagTextureMgr*
?GetTextureGird@MagTextureMgr@@QAEPAUIDirect3DTexture8@@XZ;MagTextureMgr::GetTextureGird;0x10088210;0x1c;__thiscall;;uchar;MagTextureMgr*
;FUN_10088230;0x10088230;0x32;__stdcall;;uchar;uint*;int;uint*
;FUN_100882b0;0x100882b0;0xa;__stdcall;;uchar
;FUN_100882c0;0x100882c0;0xc;__stdcall;;uchar
;FUN_100882f0;0x100882f0;0xa;__stdcall;;uchar
;FUN_10088300;0x10088300;0xc;__stdcall;;uchar
??0cMagEngineMgr@@QAE@XZ;cMagEngineMgr::cMagEngineMgr;0x10088320;0x15;__thiscall;;uchar;cMagEngineMgr*
??1cMagEngineMgr@@QAE@XZ;cMagEngineMgr::~cMagEngineMgr;0x10088340;0x58;__thiscall;;void;cMagEngineMgr*
?SetDataPath@cMagEngineMgr@@QAEXPAD@Z;cMagEngineMgr::SetDataPath;0x100883a0;0xa;__thiscall;;void;cMagEngineMgr*;char*
?GetDataPath@cMagEngineMgr@@QAEXPAD0@Z;cMagEngineMgr::GetDataPath;0x100883b0;0x3c;__thiscall;;void;cMagEngineMgr*;char*;char*
?CreateFrustumCull@cMagEngineMgr@@QAEXXZ;cMagEngineMgr::CreateFrustumCull;0x100883f0;0x63;__thiscall;;void;cMagEngineMgr*
;FUN_10088460;0x10088460;0xb;__stdcall;;uchar
??0cMagAudio@@QAE@XZ;cMagAudio::cMagAudio;0x100884a0;0x1d;__thiscall;;uchar;cMagAudio*
??1cMagAudio@@UAE@XZ;cMagAudio::~cMagAudio;0x100884c0;0x7;__thiscall;;void;cMagAudio*
?Setup@cMagAudio@@QAEJXZ;cMagAudio::Setup;0x100884d0;0x6c;__thiscall;;long;cMagAudio*
?Kill@cMagAudio@@QAEXXZ;cMagAudio::Kill;0x10088540;0x7d;__thiscall;;void;cMagAudio*
;Catch@100885bd;0x100885bd;0x1a;__fastcall;;uint;cMagLog*
??0cMagSound@@QAE@XZ;cMagSound::cMagSound;0x100885e0;0x2c;__thiscall;;uchar;cMagSound*
??1cMagSound@@UAE@XZ;cMagSound::~cMagSound;0x10088610;0x7;__thiscall;;void;cMagSound*
?Setup@cMagSound@@QAEJPADPAUIDirectMusicPerformance8@@PAUIDirectMusicLoader8@@@Z;cMagSound::Setup;0x10088620;0x16d;__thiscall;;long;cMagSound*;char*;uchar;uchar
?Kill@cMagSound@@QAEXXZ;cMagSound::Kill;0x10088790;0x7c;__thiscall;;void;cMagSound*
;Catch@1008880c;0x1008880c;0x1c;__fastcall;;uint;cMagLog*
?Play@cMagSound@@QAEJ_N@Z;cMagSound::Play;0x10088830;0x4d;__thiscall;;long;cMagSound*;bool
?IsPlaying@cMagSound@@QAE_NXZ;cMagSound::IsPlaying;0x10088880;0x16;__thiscall;;bool;cMagSound*
?SetVolume@cMagSound@@QAEXH@Z;cMagSound::SetVolume;0x100888a0;0x46;__thiscall;;void;cMagSound*;int
?Stop@cMagSound@@QAEJXZ;cMagSound::Stop;0x100888f0;0x1e;__thiscall;;long;cMagSound*
?Set3DSoundParams@cMagSound@@QAEXMMMM@Z;cMagSound::Set3DSoundParams;0x10088910;0x4f;__thiscall;;void;cMagSound*;float;float;float;float
?SetPosition@cMagSound@@QAEJMMM@Z;cMagSound::SetPosition;0x10088960;0x33;__thiscall;;long;cMagSound*;float;float;float
?setListenerPos@cMagSound@@QAEJMMM@Z;cMagSound::setListenerPos;0x100889a0;0x33;__thiscall;;long;cMagSound*;float;float;float
;FUN_100889f0;0x100889f0;0xa;__stdcall;;uchar
;FUN_10088a00;0x10088a00;0xc;__stdcall;;uchar
;FUN_10088a30;0x10088a30;0xa;__stdcall;;uchar
;FUN_10088a40;0x10088a40;0xc;__stdcall;;uchar
??0cVideoPlayer@@QAE@XZ;cVideoPlayer::cVideoPlayer;0x10088a60;0x3f;__thiscall;;uchar;cVideoPlayer*
??1cVideoPlayer@@UAE@XZ;cVideoPlayer::~cVideoPlayer;0x10088aa0;0x4f;__thiscall;;void;cVideoPlayer*
?Cleanup@cVideoPlayer@@QAEXXZ;cVideoPlayer::Cleanup;0x10088af0;0x87;__thiscall;;void;cVideoPlayer*
?Load@cVideoPlayer@@QAEXPAD@Z;cVideoPlayer::Load;0x10088b80;0xf8;__thiscall;;void;cVideoPlayer*;char*
?Play@cVideoPlayer@@QAEXXZ;cVideoPlayer::Play;0x10088c80;0x17;__thiscall;;void;cVideoPlayer*
?Pause@cVideoPlayer@@QAEXXZ;cVideoPlayer::Pause;0x10088ca0;0x17;__thiscall;;void;cVideoPlayer*
?Stop@cVideoPlayer@@QAEXXZ;cVideoPlayer::Stop;0x10088cc0;0x17;__thiscall;;void;cVideoPlayer*
?SetVolume@cVideoPlayer@@QAEXJ@Z;cVideoPlayer::SetVolume;0x10088ce0;0x6f;__thiscall;;void;cVideoPlayer*;long
?Rewind@cVideoPlayer@@QAEXXZ;cVideoPlayer::Rewind;0x10088d50;0x47;__thiscall;;void;cVideoPlayer*
?boCompleted@cVideoPlayer@@QAE_NXZ;cVideoPlayer::boCompleted;0x10088da0;0x5b;__thiscall;;bool;cVideoPlayer*
;FUN_10088e00;0x10088e00;0x25;__stdcall;;uchar
??0cMp3Player@@QAE@XZ;cMp3Player::cMp3Player;0x10088e30;0x25;__thiscall;;uchar;cMp3Player*
??1cMp3Player@@UAE@XZ;cMp3Player::~cMp3Player;0x10088e60;0xb;__thiscall;;void;cMp3Player*
?Cleanup@cMp3Player@@QAEXXZ;cMp3Player::Cleanup;0x10088e70;0x56;__thiscall;;void;cMp3Player*
?Load@cMp3Player@@QAEXPAD@Z;cMp3Player::Load;0x10088ed0;0x86;__thiscall;;void;cMp3Player*;char*
?Play@cMp3Player@@QAEXXZ;cMp3Player::Play;0x10088f60;0x11;__thiscall;;void;cMp3Player*
?Pause@cMp3Player@@QAEXXZ;cMp3Player::Pause;0x10088f80;0x11;__thiscall;;void;cMp3Player*
?Stop@cMp3Player@@QAEXXZ;cMp3Player::Stop;0x10088fa0;0x11;__thiscall;;void;cMp3Player*
?SetVolume@cMp3Player@@QAEXM@Z;cMp3Player::SetVolume;0x10088fc0;0x8c;__thiscall;;uchar;cMp3Player*;float
?Rewind@cMp3Player@@QAEXXZ;cMp3Player::Rewind;0x10089050;0x41;__thiscall;;void;cMp3Player*
?boCompleted@cMp3Player@@QAE_NXZ;cMp3Player::boCompleted;0x100890a0;0x58;__thiscall;;bool;cMp3Player*
??0MagRelayMachine@@QAE@XZ;MagRelayMachine::MagRelayMachine;0x10089100;0x54;__thiscall;;uchar;MagRelayMachine*
??1MagRelayMachine@@UAE@XZ;MagRelayMachine::~MagRelayMachine;0x10089160;0x59;__thiscall;;void;MagRelayMachine*
?SendMsg@MagRelayMachine@@QAEXH@Z;MagRelayMachine::SendMsg;0x100891c0;0x1d4;__thiscall;;void;MagRelayMachine*;int
;vector_size_8;0x100893a0;0x13;__fastcall;;int;int
;FUN_100893c0;0x100893c0;0x2b;__stdcall;;uchar;uint*;int;uint*
;FUN_10089400;0x10089400;0xa;__stdcall;;uchar
;FUN_10089410;0x10089410;0xc;__stdcall;;uchar
;FUN_10089440;0x10089440;0xa;__stdcall;;uchar
;FUN_10089450;0x10089450;0xc;__stdcall;;uchar
??0MagState@@QAE@XZ;MagState::MagState;0x10089470;0x42;__thiscall;;uchar;MagState*
??1MagState@@UAE@XZ;MagState::~MagState;0x100894c0;0x93;__thiscall;;void;MagState*
?RouteMessage@MagState@@QAEXPAUMsgObject@@@Z;MagState::RouteMessage;0x10089560;0xec;__thiscall;;void;MagState*;MsgObject*
?RouteMessageHelper@MagState@@QAE_NPAUStateObject_Str@@HPAUMsgObject@@@Z;MagState::RouteMessageHelper;0x10089650;0x24;__thiscall;;bool;MagState*;StateObject_Str*;int;MsgObject*
?StoreDelayedMessage@MagState@@QAEXPAUMsgObject@@@Z;MagState::StoreDelayedMessage;0x10089680;0x3b;__thiscall;;void;MagState*;MsgObject*
?PushBackDelayedMessage@MagState@@QAEXPAUDelayedMessage_Str@1@@Z;MagState::PushBackDelayedMessage;0x100896c0;0x52;__thiscall;;void;MagState*;DelayedMessage_Str*
?InitDelayedMessages@MagState@@QAEXXZ;MagState::InitDelayedMessages;0x10089720;0xd;__thiscall;;void;MagState*
?GODBGetGOFromName@MagState@@QAEPAUStateObject_Str@@PAD@Z;MagState::GODBGetGOFromName;0x10089730;0x66;__thiscall;;StateObject_Str*;MagState*;char*
?GODBGetGO@MagState@@QAEPAUStateObject_Str@@H@Z;MagState::GODBGetGO;0x100897a0;0x27;__thiscall;;StateObject_Str*;MagState*;int
?OnUpdateStateMachine@MagState@@UAEXXZ;MagState::OnUpdateStateMachine;0x100897d0;0x17;__thiscall;;void;MagState*
?OnPreUpdateStateMachine@MagState@@UAEXXZ;MagState::OnPreUpdateStateMachine;0x100897f0;0xce;__thiscall;;void;MagState*
?GOUpdate@MagState@@QAEXPAUStateObject_Str@@@Z;MagState::GOUpdate;0x100898c0;0x3b;__thiscall;;void;MagState*;StateObject_Str*
?SendMsg@MagState@@QAEXH@Z;MagState::SendMsg;0x10089900;0x13;__thiscall;;void;MagState*;int
?GOUpdateRelay@MagState@@QAEXPAUStateObject_Str@@@Z;MagState::GOUpdateRelay;0x10089920;0x7e;__thiscall;;void;MagState*;StateObject_Str*
?SendOnAnimEnd@MagState@@QAEXXZ;MagState::SendOnAnimEnd;0x100899a0;0x2b;__thiscall;;void;MagState*
;FUN_10089a10;0x10089a10;0xa;__stdcall;;uchar
;FUN_10089a20;0x10089a20;0xc;__stdcall;;uchar
;FUN_10089a50;0x10089a50;0xa;__stdcall;;uchar
;FUN_10089a60;0x10089a60;0xc;__stdcall;;uchar
??0cMagFrustumCull@@QAE@XZ;cMagFrustumCull::cMagFrustumCull;0x10089a80;0xd6;__thiscall;;uchar;cMagFrustumCull*
??1cMagFrustumCull@@UAE@XZ;cMagFrustumCull::~cMagFrustumCull;0x10089b60;0xe8;__thiscall;;void;cMagFrustumCull*
?ComputeBoundingBox@cMagFrustumCull@@QAEJUD3DXVECTOR3@@0@Z;cMagFrustumCull::ComputeBoundingBox;0x10089c50;0x334;__thiscall;;uint;cMagFrustumCull*;float;float;float;float;float;float
?UpdateBB@cMagFrustumCull@@QAEXUD3DXVECTOR3@@0AAUD3DXMATRIX@@@Z;cMagFrustumCull::UpdateBB;0x10089f90;0x208;__thiscall;;void;cMagFrustumCull*;float;float;float;uint*;float;float
?DrawBoundingBox@cMagFrustumCull@@QAEXUD3DXMATRIX@@0@Z;cMagFrustumCull::DrawBoundingBox;0x1008a1a0;0x62;__thiscall;;void;cMagFrustumCull*;uchar;uchar;uchar;uchar;uchar;uchar;uchar;uchar;uchar;uchar
?CreateBox@cMagFrustumCull@@QAEXXZ;cMagFrustumCull::CreateBox;0x1008a210;0x546;__thiscall;;void;cMagFrustumCull*
?CullObjects@cMagFrustumCull@@QAEXXZ;cMagFrustumCull::CullObjects;0x1008a760;0x29;__thiscall;;void;cMagFrustumCull*
?CullObject@cMagFrustumCull@@QAE?AW4CULLSTATE@@PAUCULLINFO@@PAUD3DXVECTOR3@@PAUD3DXPLANE@@@Z;cMagFrustumCull::CullObject;0x1008a790;0xdcf;__thiscall;;CULLSTATE;cMagFrustumCull*;CULLINFO*;uchar;D3DXPLANE*
?EdgeIntersectsFace@cMagFrustumCull@@QAEHPAUD3DXVECTOR3@@0PAUD3DXPLANE@@@Z;cMagFrustumCull::EdgeIntersectsFace;0x1008b560;0x276;__thiscall;;int;cMagFrustumCull*;uchar;uchar;D3DXPLANE*
?UpdateCullInfo@cMagFrustumCull@@QAEXPAUCULLINFO@@PAUD3DXMATRIX@@1@Z;cMagFrustumCull::UpdateCullInfo;0x1008b7e0;0x259;__thiscall;;void;cMagFrustumCull*;CULLINFO*;uchar;uchar
?UpdateCull@cMagFrustumCull@@QAEXPAUD3DXMATRIX@@0@Z;cMagFrustumCull::UpdateCull;0x1008ba40;0x16;__thiscall;;void;cMagFrustumCull*;uchar;uchar
?UpdatePlaneVBs@cMagFrustumCull@@QAEJXZ;cMagFrustumCull::UpdatePlaneVBs;0x1008ba60;0x386;__thiscall;;long;cMagFrustumCull*
?GetCenterBox@cMagFrustumCull@@QAE?AUD3DXVECTOR3@@XZ;cMagFrustumCull::GetCenterBox;0x1008be00;0x25;__thiscall;;uchar;cMagFrustumCull*;uint*
?AddLine@cMagFrustumCull@@QAEXUD3DXVECTOR3@@0@Z;cMagFrustumCull::AddLine;0x1008be30;0x224;__thiscall;;void;cMagFrustumCull*;uchar;uchar;uchar;uint;uint;uint
?InitLine@cMagFrustumCull@@QAEXXZ;cMagFrustumCull::InitLine;0x1008c060;0xb9;__thiscall;;void;cMagFrustumCull*
?RenderLines@cMagFrustumCull@@QAEXXZ;cMagFrustumCull::RenderLines;0x1008c120;0x1a7;__thiscall;;void;cMagFrustumCull*
;FUN_1008c300;0x1008c300;0x7;__stdcall;;float10
;GetTimeFromStartup;0x1008c310;0x23;__stdcall;;float10
;FUN_1008c350;0x1008c350;0xa;__stdcall;;uchar
;FUN_1008c360;0x1008c360;0xc;__stdcall;;uchar
;FUN_1008c390;0x1008c390;0xa;__stdcall;;uchar
;FUN_1008c3a0;0x1008c3a0;0xc;__stdcall;;uchar
??0MagProfile@@QAE@XZ;MagProfile::MagProfile;0x1008c3c0;0xc0;__thiscall;;uchar;MagProfile*
??0MagProfile@@QAE@PAD@Z;MagProfile::MagProfile;0x1008c480;0x9b;__thiscall;;uchar;MagProfile*;char*
??1MagProfile@@UAE@XZ;MagProfile::~MagProfile;0x1008c520;0x39;__thiscall;;void;MagProfile*
?ProfileInit@MagProfile@@QAEXXZ;MagProfile::ProfileInit;0x1008c560;0x73;__thiscall;;void;MagProfile*
?ProfileBegin@MagProfile@@QAEXPAD@Z;MagProfile::ProfileBegin;0x1008c5e0;0x187;__thiscall;;void;MagProfile*;char*
?ProfileEnd@MagProfile@@QAEXPAD@Z;MagProfile::ProfileEnd;0x1008c770;0x1bb;__thiscall;;void;MagProfile*;char*
?ProfileDumpOutputToBuffer@MagProfile@@QAEXXZ;MagProfile::ProfileDumpOutputToBuffer;0x1008c930;0x4f5;__thiscall;;void;MagProfile*
?StoreProfileInHistory@MagProfile@@QAEXPADM@Z;MagProfile::StoreProfileInHistory;0x1008ce30;0x1c6;__thiscall;;void;MagProfile*;char*;float
?GetProfileFromHistory@MagProfile@@QAEXPADPAM11@Z;MagProfile::GetProfileFromHistory;0x1008d000;0xc5;__thiscall;;void;MagProfile*;char*;float*;float*;float*
?EnableProfile@MagProfile@@QAEXXZ;MagProfile::EnableProfile;0x1008d0d0;0x5a;__thiscall;;void;MagProfile*
?ProfileDumpOutputToFile@MagProfile@@QAEXXZ;MagProfile::ProfileDumpOutputToFile;0x1008d130;0x7d;__thiscall;;void;MagProfile*
?ProfileLoadBegin@MagProfile@@QAEXPAD@Z;MagProfile::ProfileLoadBegin;0x1008d1b0;0x5f;__thiscall;;void;MagProfile*;char*
?ProfileLoadEnd@MagProfile@@QAEXXZ;MagProfile::ProfileLoadEnd;0x1008d210;0xca;__thiscall;;void;MagProfile*
?ProfileDumpLoadResultToFile@MagProfile@@QAEXXZ;MagProfile::ProfileDumpLoadResultToFile;0x1008d2e0;0x5f;__thiscall;;void;MagProfile*
;FUN_1008d340;0x1008d340;0x327;__thiscall;;uint*;void*;uint*;uint;uint*
??0cMagTime@@QAE@XZ;cMagTime::cMagTime;0x1008d6a0;0x2f;__thiscall;;uchar;cMagTime*
??1cMagTime@@UAE@XZ;cMagTime::~cMagTime;0x1008d6d0;0x7;__thiscall;;void;cMagTime*
?InitTimer@cMagTime@@QAEXXZ;cMagTime::InitTimer;0x1008d6e0;0x6b;__thiscall;;void;cMagTime*
?GetPerformanceCounterTime@cMagTime@@AAEMXZ;cMagTime::GetPerformanceCounterTime;0x1008d750;0x35;__thiscall;;float;cMagTime*
?GetMMTime@cMagTime@@AAEMXZ;cMagTime::GetMMTime;0x1008d790;0x2a;__thiscall;;float;cMagTime*
?UpdateTimer@cMagTime@@QAEXXZ;cMagTime::UpdateTimer;0x1008d7c0;0x19;__thiscall;;void;cMagTime*
?ResetTimer@cMagTime@@QAEXXZ;cMagTime::ResetTimer;0x1008d7e0;0x16;__thiscall;;void;cMagTime*
??0cMagLight@@QAE@XZ;cMagLight::cMagLight;0x1008d800;0x59;__thiscall;;uchar;cMagLight*
??1cMagLight@@UAE@XZ;cMagLight::~cMagLight;0x1008d860;0x5e;__thiscall;;void;cMagLight*
?GetDynamicLight@cMagLight@@QAE_NHAAU_D3DLIGHT8@@@Z;cMagLight::GetDynamicLight;0x1008d8c0;0x52;__thiscall;;bool;cMagLight*;int;uchar
?AddDynamicLight@cMagLight@@QAEHU_D3DLIGHT8@@@Z;cMagLight::AddDynamicLight;0x1008d920;0x264;__thiscall;;int;cMagLight*;D3DLIGHT8
?ClearDynamicLights@cMagLight@@QAEXXZ;cMagLight::ClearDynamicLights;0x1008db90;0x46;__thiscall;;void;cMagLight*
;FUN_1008dbe0;0x1008dbe0;0x21;__fastcall;;int;int
;FUN_1008dc10;0x1008dc10;0x30;__stdcall;;uchar;uint*;int;uint*
?CheckHasRDTSC@CCPUTicker@@KAHXZ;CCPUTicker::CheckHasRDTSC;0x1008dc40;0x40;__cdecl;;int
;FUN_1008dc92;0x1008dc92;0x5e;__stdcall;;uint
?IsAvailable@CCPUTicker@@QBEHXZ;CCPUTicker::IsAvailable;0x1008dd00;0x6;__thiscall;;int;CCPUTicker*
??0CCPUTicker@@QAE@XZ;CCPUTicker::CCPUTicker;0x1008dd10;0x4f;__thiscall;;uchar;CCPUTicker*
;CCPUTicker::scalar_destructor;0x1008dd60;0x57;__thiscall;;CCPUTicker*;CCPUTicker*;uchar
??0CCPUTicker@@QAE@ABV0@@Z;CCPUTicker::CCPUTicker;0x1008ddc0;0x1b;__thiscall;;uchar;CCPUTicker*;CCPUTicker*
??4CCPUTicker@@QAEAAV0@ABV0@@Z;CCPUTicker::operator=;0x1008dde0;0x15;__thiscall;;CCPUTicker*;CCPUTicker*;CCPUTicker*
?RunningOnNT@CCPUTicker@@KAHXZ;CCPUTicker::RunningOnNT;0x1008de00;0x76;__cdecl;;int
?Measure@CCPUTicker@@QAEXXZ;CCPUTicker::Measure;0x1008de80;0xb9;__thiscall;;void;CCPUTicker*
?GetCPUFrequency@CCPUTicker@@SAHAAN0KI@Z;CCPUTicker::GetCPUFrequency;0x1008df40;0x3b6;__cdecl;;int;double*;double*;ulong;uint
?GetTickCountAsSeconds@CCPUTicker@@QBENXZ;CCPUTicker::GetTickCountAsSeconds;0x1008e300;0x46;__thiscall;;double;CCPUTicker*
??1CCPUTicker@@UAE@XZ;CCPUTicker::~CCPUTicker;0x1008e350;0x7;__thiscall;;void;CCPUTicker*
?WriteRegistry@CCPUTicker@@SA_NPAD0@Z;CCPUTicker::WriteRegistry;0x1008e360;0x74;__cdecl;;bool;char*;char*
?Installed@CCPUTicker@@SA_NXZ;CCPUTicker::Installed;0x1008e3e0;0x34;__cdecl;;bool
?GetRegistryValue@CCPUTicker@@SAPADPAD@Z;CCPUTicker::GetRegistryValue;0x1008e420;0x6f;__cdecl;;char*;char*
?DeleteRegistryKey@CCPUTicker@@SAXXZ;CCPUTicker::DeleteRegistryKey;0x1008e490;0x11;__cdecl;;void
?GetAverageTime@CCPUTicker@@QBENXZ;CCPUTicker::GetAverageTime;0x1008e4b0;0x34;__thiscall;;double;CCPUTicker*
?Reset@CCPUTicker@@QAEXXZ;CCPUTicker::Reset;0x1008e4f0;0xf;__thiscall;;void;CCPUTicker*
;FUN_1008e510;0x1008e510;0xa;__stdcall;;uchar
;FUN_1008e520;0x1008e520;0xc;__stdcall;;uchar
;FUN_1008e550;0x1008e550;0xa;__stdcall;;uchar
;FUN_1008e560;0x1008e560;0xc;__stdcall;;uchar
??0CClientServer@@QAE@ABV0@@Z;CClientServer::CClientServer;0x1008e580;0x3f;__thiscall;;uchar;CClientServer*;CClientServer*
??4CClientServer@@QAEAAV0@ABV0@@Z;CClientServer::operator=;0x1008e5c0;0x39;__thiscall;;CClientServer*;CClientServer*;CClientServer*
;CClientServer::scalar_destructor;0x1008e600;0x54;__thiscall;;CClientServer*;CClientServer*;uchar
??0CClientServer@@QAE@XZ;CClientServer::CClientServer;0x1008e680;0x28;__thiscall;;uchar;CClientServer*
??0CClientServer@@QAE@PAVCGame@@@Z;CClientServer::CClientServer;0x1008e6b0;0x2e;__thiscall;;CClientServer*;CClientServer*;CGame*
??1CClientServer@@UAE@XZ;CClientServer::~CClientServer;0x1008e6e0;0x7;__thiscall;;void;CClientServer*
;FUN_1008e6f0;0x1008e6f0;0x2eb;__stdcall;;int;uint;uint;int
;DirectPlayMessageHandler;0x1008ea00;0x4a9;__stdcall;;uint;void*;dword;void*
?InitServer@CClientServer@@QAE_NXZ;CClientServer::InitServer;0x1008eed0;0x5f;__thiscall;;bool;CClientServer*
?StartServer@CClientServer@@QAEJXZ;CClientServer::StartServer;0x1008ef30;0x215;__thiscall;;long;CClientServer*
?StopServer@CClientServer@@QAEXXZ;CClientServer::StopServer;0x1008f150;0x7e;__thiscall;;void;CClientServer*
;FUN_1008f1d0;0x1008f1d0;0x76;__cdecl;;uint;int;uint
;FUN_1008f250;0x1008f250;0xff;__cdecl;;int;int
;FUN_1008f350;0x1008f350;0x4b;__cdecl;;uint;int
?StartClient@CClientServer@@QAEJXZ;CClientServer::StartClient;0x1008f3a0;0x78;__thiscall;;long;CClientServer*
?InitDirectPlay@CClientServer@@QAEJXZ;CClientServer::InitDirectPlay;0x1008f420;0xc3;__thiscall;;long;CClientServer*
?SessionsDlgEnumHosts@CClientServer@@QAEJXZ;CClientServer::SessionsDlgEnumHosts;0x1008f4f0;0x219;__thiscall;;long;CClientServer*
;FUN_1008f710;0x1008f710;0x1bc;__stdcall;;int
?SetSessionName@CClientServer@@QAEXPAD@Z;CClientServer::SetSessionName;0x1008f8d0;0x2b;__thiscall;;void;CClientServer*;char*
?SetPlayerName@CClientServer@@QAEXPAD@Z;CClientServer::SetPlayerName;0x1008f900;0x2b;__thiscall;;void;CClientServer*;char*
?SetPort@CClientServer@@QAEXH@Z;CClientServer::SetPort;0x1008f930;0xc;__thiscall;;void;CClientServer*;int
?SetIP@CClientServer@@QAEXPAD@Z;CClientServer::SetIP;0x1008f940;0x2b;__thiscall;;void;CClientServer*;char*
?SendPositionToServerPlayer@CClientServer@@QAEXUD3DXVECTOR3@@0@Z;CClientServer::SendPositionToServerPlayer;0x1008f970;0x77;__thiscall;;void;CClientServer*;D3DXVECTOR3;D3DXVECTOR3
?PositionToAllPlayers@CClientServer@@QAEXUD3DXVECTOR3@@0@Z;CClientServer::PositionToAllPlayers;0x1008f9f0;0x75;__thiscall;;void;CClientServer*;D3DXVECTOR3;D3DXVECTOR3
?SendStateIdle@CClientServer@@QAEXUD3DXVECTOR3@@0@Z;CClientServer::SendStateIdle;0x1008fa70;0xe3;__thiscall;;void;CClientServer*;uint;uint;uint;uint;uint*;uint
;FUN_1008fb60;0x1008fb60;0x23;__cdecl;;uchar;int
;FUN_1008fb90;0x1008fb90;0x38;__cdecl;;uint;int;uint*
;FUN_1008fc10;0x1008fc10;0xa;__stdcall;;uchar
;FUN_1008fc20;0x1008fc20;0xc;__stdcall;;uchar
;FUN_1008fc50;0x1008fc50;0xa;__stdcall;;uchar
;FUN_1008fc60;0x1008fc60;0xc;__stdcall;;uchar
;CClientServerPlayer::CClientServerPlayer;0x1008fc80;0x1c;__thiscall;;CClientServerPlayer*;CClientServerPlayer*
;FUN_1008fca0;0x1008fca0;0x1e;__thiscall;;cMagMeshObject*;void*;uchar
;CClientServerPlayer::~CClientServerPlayer;0x1008fcc0;0xb;__thiscall;;void;CClientServerPlayer*
;FUN_1008fcd0;0x1008fcd0;0x168;__fastcall;;uchar;cMagMeshObject*
;CClientServerPlayer::SetStateIdle;0x1008fe40;0xac;__thiscall;;void;CClientServerPlayer*;D3DXVECTOR3;D3DXVECTOR3
;CClientServerPlayer::SetPosition;0x1008fef0;0xe7;__thiscall;;uchar;CClientServerPlayer*;D3DXVECTOR3;D3DXVECTOR3
;FUN_1008ffe0;0x1008ffe0;0x1e;__thiscall;;CState*;void*;uchar
;FUN_10090010;0x10090010;0x135;__fastcall;;uchar;cMagMeshObject*
;FUN_10090160;0x10090160;0x4f;__fastcall;;uchar;int
;FUN_100901b0;0x100901b0;0xd9;__fastcall;;uchar;int
;FUN_10090290;0x10090290;0x6d;__fastcall;;uchar;CState*
;FUN_10090300;0x10090300;0x1d;__stdcall;;uchar;int*
;FUN_10090320;0x10090320;0x15;__stdcall;;uchar;uchar*
;FUN_10090340;0x10090340;0x55;__fastcall;;uchar;int
;FUN_100903e0;0x100903e0;0xa;__stdcall;;uchar
;FUN_100903f0;0x100903f0;0xc;__stdcall;;uchar
;FUN_10090420;0x10090420;0xa;__stdcall;;uchar
;FUN_10090430;0x10090430;0xc;__stdcall;;uchar
??4CSplineControlPoint@@QAEAAV0@ABV0@@Z;CSplineControlPoint::operator=;0x10090450;0x16;__thiscall;;CSplineControlPoint*;CSplineControlPoint*;CSplineControlPoint*
??0CSplineCamera@@QAE@ABV0@@Z;CSplineCamera::CSplineCamera;0x10090470;0x293;__thiscall;;uchar;CSplineCamera*;CSplineCamera*
??4CSplineCamera@@QAEAAV0@ABV0@@Z;CSplineCamera::operator=;0x10090710;0x2da;__thiscall;;CSplineCamera*;CSplineCamera*;CSplineCamera*
;CSplineCamera::scalar_destructor;0x100909f0;0x57;__thiscall;;bool*;CSplineCamera*;uchar
??0CTrack@@QAE@ABV0@@Z;CTrack::CTrack;0x10090a50;0x2fa;__thiscall;;uchar;CTrack*;CTrack*
??4CTrack@@QAEAAV0@ABV0@@Z;CTrack::operator=;0x10090d50;0x345;__thiscall;;CTrack*;CTrack*;CTrack*
;CTrack::scalar_destructor;0x100910a0;0x57;__thiscall;;CTrack*;CTrack*;uchar
;_Java_Game_SetLoadLevelBackground@12;0x10091100;0x15;__stdcall;;uchar;uint;uint;int
;_Java_Game_SetProgressBarBackgroundPos@12;0x10091120;0x3f;__stdcall;;uchar;uint;uint;uint
;_Java_Game_SetProgressBarPos@12;0x10091160;0x3f;__stdcall;;uchar;uint;uint;uint
;_Java_Game_UpdateProgress@12;0x100911a0;0x15;__stdcall;;uchar;uint;uint;float
;_Java_Game_ShowLoadLevelBackground@8;0x100911c0;0xf;__stdcall;;uchar
;FUN_100911e0;0x100911e0;0x1d;__fastcall;;uchar;uint
;FUN_10091200;0x10091200;0xc;__stdcall;;uchar
;FUN_10091240;0x10091240;0x1e;__thiscall;;uint*;void*;uchar
;FUN_10091270;0x10091270;0xa;__stdcall;;uchar
;FUN_10091280;0x10091280;0xc;__stdcall;;uchar
;FUN_100912b0;0x100912b0;0x1d;__fastcall;;uchar;uint
;FUN_100912d0;0x100912d0;0xc;__stdcall;;uchar
;FUN_10091340;0x10091340;0x409;__stdcall;;uchar
??0CGame@@QAE@XZ;CGame::CGame;0x10091750;0x559;__thiscall;;uchar;CGame*
;CLevelsManager::scalar_destructor;0x10091cb0;0x1e;__thiscall;;uint*;CLevelsManager*;uchar
??0CGame@@QAE@PAUHINSTANCE__@@@Z;CGame::CGame;0x10091cd0;0x1c9;__thiscall;;uchar;CGame*;HINSTANCE__*
??1CGame@@UAE@XZ;CGame::~CGame;0x10091ea0;0x15e;__thiscall;;void;CGame*
?CreateLevelObject@CGame@@IAEPAVCLevel@@PAU_iobuf@@@Z;CGame::CreateLevelObject;0x10092000;0xb7;__thiscall;;CLevel*;CGame*;_iobuf*
?SetLoadLevelBackground@CGame@@QAEXPAD@Z;CGame::SetLoadLevelBackground;0x100920c0;0xd;__thiscall;;void;CGame*;char*
?SetLoadLevelBackground@CGame@@QAEXH@Z;CGame::SetLoadLevelBackground;0x100920d0;0x5d;__thiscall;;void;CGame*;int
?LoadLevel@CGame@@QAEXPAD@Z;CGame::LoadLevel;0x10092130;0x173;__thiscall;;void;CGame*;char*
;Catch@100922a3;0x100922a3;0x21;__fastcall;;uchar*;cMagLog*
;FUN_100922c7;0x100922c7;0x170;__stdcall;;uchar
?LoadBackgroundSettings@CGame@@QAEXPAD@Z;CGame::LoadBackgroundSettings;0x10092440;0x1d0;__thiscall;;void;CGame*;char*
?SetProgressBarPos@CGame@@QAEXUD3DXVECTOR2@@@Z;CGame::SetProgressBarPos;0x10092610;0x5a;__thiscall;;void;CGame*;D3DXVECTOR2
?SetProgressBarBackgroundPos@CGame@@QAEXUD3DXVECTOR2@@@Z;CGame::SetProgressBarBackgroundPos;0x10092670;0x5d;__thiscall;;void;CGame*;D3DXVECTOR2
?Restore@CGame@@QAEXXZ;CGame::Restore;0x100926d0;0x10;__thiscall;;void;CGame*
?LoadLevel@CGame@@QAEXXZ;CGame::LoadLevel;0x100926e0;0x22;__thiscall;;void;CGame*
?ShowLoadLevelBackground@CGame@@QAEXXZ;CGame::ShowLoadLevelBackground;0x10092710;0xb5;__thiscall;;void;CGame*
?UpdateProgress@CGame@@QAEXM@Z;CGame::UpdateProgress;0x100927d0;0x2e;__thiscall;;void;CGame*;float
?ShowProgressBar@CGame@@QAEX_N@Z;CGame::ShowProgressBar;0x10092800;0x59;__thiscall;;void;CGame*;bool
?LoadLevel_@CGame@@IAEPAVCLevel@@PAD@Z;CGame::LoadLevel_;0x10092860;0x45c;__thiscall;;CLevel*;CGame*;char*
?OnLoadChunk@CGame@@IAEXU_ED_CHUNK@@PAU_iobuf@@@Z;CGame::OnLoadChunk;0x10092cc0;0x624;__thiscall;;void;CGame*;_ED_CHUNK;_iobuf*
?LoadMeshObject@CGame@@IAEXPAU_iobuf@@@Z;CGame::LoadMeshObject;0x100932f0;0x367;__thiscall;;void;CGame*;_iobuf*
?LoadBaseMeshObject@CGame@@IAEXPAU_iobuf@@@Z;CGame::LoadBaseMeshObject;0x10093660;0x2fa;__thiscall;;void;CGame*;_iobuf*
?LoadSun@CGame@@IAEXPAU_iobuf@@@Z;CGame::LoadSun;0x10093960;0x129;__thiscall;;void;CGame*;_iobuf*
?FindTexture@CGame@@IAEPAUIDirect3DTexture8@@H@Z;CGame::FindTexture;0x10093a90;0x38;__thiscall;;IDirect3DTexture8*;CGame*;int
?LoadFlare@CGame@@IAEXPAU_iobuf@@@Z;CGame::LoadFlare;0x10093ad0;0x305;__thiscall;;void;CGame*;_iobuf*
?LoadTerrain@CGame@@IAEXPAU_iobuf@@@Z;CGame::LoadTerrain;0x10093de0;0x301;__thiscall;;void;CGame*;_iobuf*
?LoadSky_Old@CGame@@IAEXPAU_iobuf@@@Z;CGame::LoadSky_Old;0x100940f0;0x123;__thiscall;;void;CGame*;_iobuf*
?LoadSky@CGame@@IAEXPAU_iobuf@@@Z;CGame::LoadSky;0x10094220;0x23e;__thiscall;;void;CGame*;_iobuf*
?LoadLight@CGame@@QAEXPAU_iobuf@@U_ED_CHUNK@@@Z;CGame::LoadLight;0x10094460;0x1fa;__thiscall;;void;CGame*;_iobuf*;_ED_CHUNK
?CreateDLLFunctionName@CGame@@QAEXPAU_iobuf@@QADPAD@Z;CGame::CreateDLLFunctionName;0x10094660;0x100;__thiscall;;void;CGame*;_iobuf*;char*;char*
?ClearLevel@CGame@@QAEXXZ;CGame::ClearLevel;0x10094760;0x12d;__thiscall;;void;CGame*
?LoadFog@CGame@@QAEXPAU_iobuf@@@Z;CGame::LoadFog;0x10094890;0x116;__thiscall;;void;CGame*;_iobuf*
?LoadEDCameraProperties@CGame@@QAEXPAU_iobuf@@@Z;CGame::LoadEDCameraProperties;0x100949b0;0x6d;__thiscall;;void;CGame*;_iobuf*
?LoadBillboard@CGame@@QAEXPAU_iobuf@@@Z;CGame::LoadBillboard;0x10094a20;0x1db;__thiscall;;void;CGame*;_iobuf*
?LoadMeshExtension@CGame@@QAEXU_ED_CHUNK@@PAU_iobuf@@@Z;CGame::LoadMeshExtension;0x10094c00;0x238;__thiscall;;void;CGame*;_ED_CHUNK;_iobuf*
?GetActiveLevel@CGame@@QAEPAVCLevel@@XZ;CGame::GetActiveLevel;0x10094e40;0x7;__thiscall;;CLevel*;CGame*
?ActivateLevel@CGame@@QAEXXZ;CGame::ActivateLevel;0x10094e50;0x163;__thiscall;;void;CGame*
?LinkMeshToSectorMesh@CGame@@QAEXXZ;CGame::LinkMeshToSectorMesh;0x10094fc0;0xcd;__thiscall;;void;CGame*
?Statistics@CGame@@QAEXXZ;CGame::Statistics;0x10095090;0x9d;__thiscall;;void;CGame*
?ClearList@CGame@@QAEXXZ;CGame::ClearList;0x10095130;0x645;__thiscall;;void;CGame*
;Catch@10095775;0x10095775;0x1a;__stdcall;;uchar*
;FUN_10095792;0x10095792;0x3c;__stdcall;;uchar
?GetTerrain@CGame@@QAEPAVMagTerrain@@XZ;CGame::GetTerrain;0x100957d0;0x7;__thiscall;;MagTerrain*;CGame*
?AddCollisionObject@CGame@@QAEXPAVcMagMeshObject@@@Z;CGame::AddCollisionObject;0x100957e0;0x67;__thiscall;;void;CGame*;cMagMeshObject*
?RemoveCollisionObject@CGame@@QAEXPAVcMagMeshObject@@@Z;CGame::RemoveCollisionObject;0x10095860;0x13;__thiscall;;void;CGame*;cMagMeshObject*
?Initialize@CGame@@QAE_NPAUHINSTANCE__@@_NHHHPAD21@Z;CGame::Initialize;0x10095880;0x88;__thiscall;;bool;CGame*;HINSTANCE__*;bool;int;int;int;char*;char*;bool
?StartServer@CGame@@QAEXXZ;CGame::StartServer;0x10095910;0xf7;__thiscall;;void;CGame*
?StartClient@CGame@@QAEXXZ;CGame::StartClient;0x10095a10;0xf7;__thiscall;;void;CGame*
?LoadPhysicsCollision@CGame@@QAEXU_ED_CHUNK@@PAU_iobuf@@H@Z;CGame::LoadPhysicsCollision;0x10095b10;0x261;__thiscall;;void;CGame*;_ED_CHUNK;_iobuf*;int
?GetLevelDirectory@CGame@@QAEPADXZ;CGame::GetLevelDirectory;0x10095d80;0x7;__thiscall;;char*;CGame*
?GetLevelFileName@CGame@@QAEPADXZ;CGame::GetLevelFileName;0x10095d90;0xae;__thiscall;;char*;CGame*
?LoadPathProperties@CGame@@QAEXU_ED_CHUNK@@PAU_iobuf@@@Z;CGame::LoadPathProperties;0x10095e40;0x18a;__thiscall;;void;CGame*;_ED_CHUNK;_iobuf*
?LoadPatrolPoint@CGame@@QAEXPAVcMagMeshObject@@U_ED_CHUNK@@PAU_iobuf@@@Z;CGame::LoadPatrolPoint;0x10095fd0;0x1b6;__thiscall;;void;CGame*;cMagMeshObject*;_ED_CHUNK;_iobuf*
?GetFreeMemory@CMemoryManager@@QAEKXZ;CGame::GetFreeMemory;0x10096190;0x1e;__thiscall;;ulong;CGame*
?LoadPortalExt@CGame@@QAEXU_ED_CHUNK@@@Z;CGame::LoadPortalExt;0x100961b0;0x358;__thiscall;;void;CGame*;_ED_CHUNK
?ConvertPortals@CGame@@QAEXXZ;CGame::ConvertPortals;0x10096510;0x1dc;__thiscall;;void;CGame*
?LoadLevelStatistics@CGame@@QAEXXZ;CGame::LoadLevelStatistics;0x100966f0;0x15;__thiscall;;void;CGame*
?OnPercentageLoadLevel@CGame@@UAEXMH@Z;CGame::OnPercentageLoadLevel;0x10096710;0x3c;__thiscall;;void;CGame*;float;int
?UpdateStatistics@CGame@@QAEXXZ;CGame::UpdateStatistics;0x10096750;0x4d;__thiscall;;void;CGame*
?LoadSplineCamera@CGame@@QAEXXZ;CGame::LoadSplineCamera;0x100967a0;0x270;__thiscall;;void;CGame*
?InitializeJVM@CGame@@QAEXPAUHINSTANCE__@@_NHHHPADPAUJNIEnv_@@@Z;CGame::InitializeJVM;0x10096a10;0x17c;__thiscall;;void;CGame*;HINSTANCE__*;bool;int;int;int;char*;JNIEnv_*
?LoadJavaMeshExtension@CGame@@QAEXU_ED_CHUNK@@PAVcMagGameObject@@@Z;CGame::LoadJavaMeshExtension;0x10096b90;0x27;__thiscall;;void;CGame*;_ED_CHUNK;cMagMeshObject*
?Clean@CGame@@QAEXXZ;CGame::Clean;0x10096bc0;0x32;__thiscall;;void;CGame*
?FrameTime@CGame@@QAEXXZ;CGame::FrameTime;0x10096c00;0x56;__thiscall;;void;CGame*
?GetFrameTime@CGame@@QAEMXZ;CGame::GetFrameTime;0x10096c60;0x7;__thiscall;;float;CGame*
?LoadTextureProperties@CGame@@QAEXU_ED_CHUNK@@@Z;CGame::LoadTextureProperties;0x10096c70;0x42f;__thiscall;;void;CGame*;_ED_CHUNK
?LoadRenderOptions@CGame@@QAEXU_ED_CHUNK@@@Z;CGame::LoadRenderOptions;0x100970a0;0x248;__thiscall;;void;CGame*;_ED_CHUNK
?LoadSectorsList@CGame@@QAEXPAU_iobuf@@@Z;CGame::LoadSectorsList;0x100972f0;0x1f1;__thiscall;;void;CGame*;_iobuf*
?LoadParent@CGame@@QAEXU_ED_CHUNK@@@Z;CGame::LoadParent;0x100974f0;0xef;__thiscall;;void;CGame*;_ED_CHUNK
?LinkObjects@CGame@@QAEXXZ;CGame::LinkObjects;0x100975e0;0xc5;__thiscall;;void;CGame*
?LoadTrack@CGame@@QAEXXZ;CGame::LoadTrack;0x100976b0;0x6d;__thiscall;;void;CGame*
?PausePhysics@CGame@@QAEX_N@Z;CGame::PausePhysics;0x10097720;0x42;__thiscall;;void;CGame*;bool
;Catch@10097762;0x10097762;0x6;__stdcall;;uchar*
;FUN_10097770;0x10097770;0xa9;__stdcall;;uchar
;Catch@100977a2;0x100977a2;0x6;__stdcall;;uchar*
;Catch@100977e0;0x100977e0;0x6;__stdcall;;uchar*
;Catch@1009781e;0x1009781e;0x6;__stdcall;;uint
?_PausePhysics@CGame@@QAEX_N@Z;CGame::_PausePhysics;0x10097840;0x17;__thiscall;;void;CGame*;bool
?CreateState@CGame@@QAEPAVCState@@PAD@Z;CGame::CreateState;0x10097860;0x35;__thiscall;;CState*;CGame*;char*
?ReadSettingsClientServer@CGame@@QAEXPAD@Z;CGame::ReadSettingsClientServer;0x100978a0;0x20f;__thiscall;;void;CGame*;char*
?SetServerName@CGame@@QAEXPAD@Z;CGame::SetServerName;0x10097ab0;0x2e;__thiscall;;void;CGame*;char*
?SetPlayerName@CGame@@QAEXPAD@Z;CGame::SetPlayerName;0x10097ae0;0x2e;__thiscall;;void;CGame*;char*
?SetIP@CGame@@QAEXPAD@Z;CGame::SetIP;0x10097b10;0x2e;__thiscall;;void;CGame*;char*
?SetPort@CGame@@QAEXPAD@Z;CGame::SetPort;0x10097b40;0x1a;__thiscall;;void;CGame*;char*
?MULTIPLAY_CreateClientPalayer@CGame@@QAEXXZ;CGame::MULTIPLAY_CreateClientPalayer;0x10097b60;0x106;__thiscall;;void;CGame*
?MULTIPLAY_SetPosition@CGame@@QAEXUD3DXVECTOR3@@0@Z;CGame::MULTIPLAY_SetPosition;0x10097c70;0x44;__thiscall;;void;CGame*;D3DXVECTOR3;D3DXVECTOR3
?MULTIPLAY_CreateServerPalayer@CGame@@QAEXXZ;CGame::MULTIPLAY_CreateServerPalayer;0x10097cc0;0x106;__thiscall;;void;CGame*
?MULTIPLAY_SetServerPosition@CGame@@QAEXUD3DXVECTOR3@@0@Z;CGame::MULTIPLAY_SetServerPosition;0x10097dd0;0x44;__thiscall;;void;CGame*;D3DXVECTOR3;D3DXVECTOR3
?MULTIPLAY_SetServerStateIdle@CGame@@QAEXUD3DXVECTOR3@@0@Z;CGame::MULTIPLAY_SetServerStateIdle;0x10097e20;0x44;__thiscall;;void;CGame*;D3DXVECTOR3;D3DXVECTOR3
?MULTIPLAY_SetClientStateIdle@CGame@@QAEXUD3DXVECTOR3@@0@Z;CGame::MULTIPLAY_SetClientStateIdle;0x10097e70;0x44;__thiscall;;void;CGame*;D3DXVECTOR3;D3DXVECTOR3
?GetClientServer@CGame@@QAEPAVCClientServer@@XZ;CGame::GetClientServer;0x10097ec0;0x7;__thiscall;;CClientServer*;CGame*
;FUN_10097ed0;0x10097ed0;0x38;__fastcall;;uchar;int
;FUN_10097f10;0x10097f10;0x1fe;__thiscall;;int;void*;int
;FUN_10098110;0x10098110;0x46;__fastcall;;uchar;int
;FUN_10098160;0x10098160;0x23;__fastcall;;int;int
;FUN_10098190;0x10098190;0x13;__fastcall;;int;int
;FUN_100981b0;0x100981b0;0x21;__stdcall;;uchar;CSplineControlPoint*;CSplineControlPoint*
;FUN_100981e0;0x100981e0;0x3a;__stdcall;;uint*;uint*;uint*;uint*
;FUN_10098220;0x10098220;0x21;__fastcall;;int;int
;FUN_10098250;0x10098250;0x21;__fastcall;;int;int
;FUN_10098280;0x10098280;0x21;__stdcall;;uchar;int;int
;FUN_100982b0;0x100982b0;0xa6;__fastcall;;uchar;int
;FUN_10098360;0x10098360;0x38;__stdcall;;uint*;uint*;uint*;uint*
;FUN_100983a0;0x100983a0;0x25;__stdcall;;uchar;uint*;uint*
;FUN_100983d0;0x100983d0;0x2f6;__thiscall;;uint*;void*;uint*;uint;uint*
;FUN_100986d0;0x100986d0;0x29f;__thiscall;;uchar;void*;uint*;uint;uint*
;FUN_10098970;0x10098970;0x3b8;__thiscall;;uchar;void*;uint*;uint*;uint*
;FUN_10098d30;0x10098d30;0x241;__thiscall;;uchar;void*;uint*;uint;uint*
;FUN_10098f80;0x10098f80;0x32;__stdcall;;uchar;uint*;int;uint*
;FUN_10098fc0;0x10098fc0;0x3e;__stdcall;;uint*;uint*;uint*;uint*
;FUN_10099000;0x10099000;0x2c;__stdcall;;uchar;uint*;int;uint*
;FUN_10099030;0x10099030;0x32;__cdecl;;uint*;uint*;uint*;uint*
;FUN_10099070;0x10099070;0x1fa;__cdecl;;uint*;uint*;uint*;uint*
;FUN_10099270;0x10099270;0x18;__cdecl;;uchar;uint*;uint*
;FUN_10099290;0x10099290;0x15e;__cdecl;;uchar;uint*;uint*
;FUN_100993f0;0x100993f0;0xac;__cdecl;;uchar;int;int;int
;FUN_100994a0;0x100994a0;0xb2;__cdecl;;int;int;int;int
;FUN_10099560;0x10099560;0x79;__cdecl;;uchar;uint*;uint*
;FUN_100995e0;0x100995e0;0x1e9;__thiscall;;uint*;void*;uint*
;FUN_100997d0;0x100997d0;0x1e;__thiscall;;CSplineControlPoint*;void*;uchar
;FUN_100997f0;0x100997f0;0x1e;__thiscall;;uchar*;void*;uchar
;FUN_10099810;0x10099810;0x8b;__thiscall;;uchar;void*;int
;FUN_100998d0;0x100998d0;0xc;__stdcall;;uchar
;FUN_100998e0;0x100998e0;0xc;__stdcall;;uchar
;FUN_10099910;0x10099910;0xfe;__cdecl;;uchar;uchar*
;Catch@10099a09;0x10099a09;0x6;__stdcall;;uchar*
;FUN_10099a1a;0x10099a1a;0xa4;__stdcall;;uchar
;FUN_10099ac0;0x10099ac0;0x57;__fastcall;;uchar;uint*
;FUN_10099b20;0x10099b20;0x9b;__fastcall;;uchar;CSplineControlPoint*
;FUN_10099bc0;0x10099bc0;0x67;__thiscall;;uchar;void*;uint
;FUN_10099c30;0x10099c30;0x171;__thiscall;;uint;void*;int*
;FUN_10099db0;0x10099db0;0x2b;__thiscall;;uchar;void*;int
;FUN_10099de0;0x10099de0;0x64;__cdecl;;uchar;int;uchar*
;FUN_10099e50;0x10099e50;0xf;__stdcall;;uint;uint
;FUN_10099e60;0x10099e60;0xc;__fastcall;;uint;uint
;FUN_10099e70;0x10099e70;0x46;__stdcall;;uint
;FUN_10099ec0;0x10099ec0;0x2d;__stdcall;;uchar
;FUN_10099ef0;0x10099ef0;0x3d;__cdecl;;ushort*;char*
;FUN_10099f30;0x10099f30;0x35;__cdecl;;char*;char*
;FUN_10099f70;0x10099f70;0x48;__cdecl;;uchar;uchar*
;FUN_10099fc0;0x10099fc0;0x154;__stdcall;;ushort*;uint
;FUN_1009a120;0x1009a120;0x160;__cdecl;;uchar*;uint;char
;FUN_1009a280;0x1009a280;0x3a;__cdecl;;uchar;uint;ushort
;FUN_1009a2d0;0x1009a2d0;0xa;__stdcall;;uchar
;FUN_1009a2e0;0x1009a2e0;0xc;__stdcall;;uchar
;FUN_1009a310;0x1009a310;0xa;__stdcall;;uchar
;FUN_1009a320;0x1009a320;0xc;__stdcall;;uchar
??0CMemoryManager@@QAE@XZ;CMemoryManager::CMemoryManager;0x1009a340;0x29;__thiscall;;uchar;CMemoryManager*
??1CMemoryManager@@UAE@XZ;CMemoryManager::~CMemoryManager;0x1009a370;0x60;__thiscall;;void;CMemoryManager*
?Reset@CMemoryManager@@QAEXXZ;CMemoryManager::Reset;0x1009a3d0;0x45;__thiscall;;void;CMemoryManager*
?Begin@CMemoryManager@@QAEXXZ;CMemoryManager::Begin;0x1009a420;0xd;__thiscall;;void;CMemoryManager*
?End@CMemoryManager@@QAEXPAD@Z;CMemoryManager::End;0x1009a430;0x184;__thiscall;;void;CMemoryManager*;char*
?End@CMemoryManager@@QAEXPAD0@Z;CMemoryManager::End;0x1009a5c0;0x186;__thiscall;;void;CMemoryManager*;char*;char*
?GenerateReport@CMemoryManager@@QAEXPAD@Z;CMemoryManager::GenerateReport;0x1009a750;0x229;__thiscall;;void;CMemoryManager*;char*
?GetTotalMemory@CMemoryManager@@QAEKXZ;CMemoryManager::GetTotalMemory;0x1009a980;0x45;__thiscall;;ulong;CMemoryManager*
?GetTotalItems@CMemoryManager@@QAEKXZ;CMemoryManager::GetTotalItems;0x1009a9d0;0x45;__thiscall;;ulong;CMemoryManager*
;FUN_1009aa20;0x1009aa20;0x4d;__stdcall;;uchar;void*
;FUN_1009aaa0;0x1009aaa0;0xc;__stdcall;;uchar
;FUN_1009aab0;0x1009aab0;0xc;__stdcall;;uchar
??0CMusicManager@@QAE@XZ;CMusicManager::CMusicManager;0x1009aac0;0x1f;__thiscall;;CMusicManager*;CMusicManager*
??1CMusicManager@@QAE@XZ;CMusicManager::~CMusicManager;0x1009aae0;0x59;__thiscall;;void;CMusicManager*
?Initialize@CMusicManager@@QAEJPAUHWND__@@KK@Z;CMusicManager::Initialize;0x1009ab40;0x73;__thiscall;;long;CMusicManager*;HWND__*;ulong;ulong
?SetSearchDirectory@CMusicManager@@QAEJPBD@Z;CMusicManager::SetSearchDirectory;0x1009abc0;0x55;__thiscall;;long;CMusicManager*;char*
?GetDefaultAudioPath@CMusicManager@@QAEPAUIDirectMusicAudioPath@@XZ;CMusicManager::GetDefaultAudioPath;0x1009ac20;0x26;__thiscall;;uchar;CMusicManager*
?CollectGarbage@CMusicManager@@QAEXXZ;CMusicManager::CollectGarbage;0x1009ac50;0xe;__thiscall;;void;CMusicManager*
?CreateSegmentFromFile@CMusicManager@@QAEJPAPAVCMusicSegment@@PADHH@Z;CMusicManager::CreateSegmentFromFile;0x1009ac60;0x11a;__thiscall;;long;CMusicManager*;CMusicSegment**;char*;int;int
?CreateSegmentFromResource@CMusicManager@@QAEJPAPAVCMusicSegment@@PAD1HH@Z;CMusicManager::CreateSegmentFromResource;0x1009ad80;0x19e;__thiscall;;long;CMusicManager*;CMusicSegment**;char*;char*;int;int
?CreateScriptFromFile@CMusicManager@@QAEJPAPAVCMusicScript@@PAD@Z;CMusicManager::CreateScriptFromFile;0x1009af20;0xd7;__thiscall;;long;CMusicManager*;CMusicScript**;char*
?CreateChordMapFromFile@CMusicManager@@QAEJPAPAUIDirectMusicChordMap@@PAD@Z;CMusicManager::CreateChordMapFromFile;0x1009b000;0x47;__thiscall;;long;CMusicManager*;IDirectMusicChordMap**;char*
?CreateStyleFromFile@CMusicManager@@QAEJPAPAUIDirectMusicStyle8@@PAD@Z;CMusicManager::CreateStyleFromFile;0x1009b050;0x47;__thiscall;;long;CMusicManager*;IDirectMusicStyle8**;char*
?GetMotifFromStyle@CMusicManager@@QAEJPAPAUIDirectMusicSegment8@@PAD1@Z;CMusicManager::GetMotifFromStyle;0x1009b0a0;0xaa;__thiscall;;long;CMusicManager*;uchar;char*;char*
??0CMusicSegment@@QAE@PAUIDirectMusicPerformance8@@PAUIDirectMusicLoader8@@PAUIDirectMusicSegment8@@@Z;CMusicSegment::CMusicSegment;0x1009b150;0x6f;__thiscall;;CMusicSegment*;CMusicSegment*;IDirectMusicPerformance8*;IDirectMusicLoader8*;IDirectMusicSegment8*
??1CMusicSegment@@UAE@XZ;CMusicSegment::~CMusicSegment;0x1009b1c0;0x69;__thiscall;;void;CMusicSegment*
?Play@CMusicSegment@@QAEJKPAUIDirectMusicAudioPath@@@Z;CMusicSegment::Play;0x1009b230;0x59;__thiscall;;long;CMusicSegment*;ulong;uchar
?Download@CMusicSegment@@QAEJPAUIDirectMusicAudioPath@@@Z;CMusicSegment::Download;0x1009b290;0x44;__thiscall;;long;CMusicSegment*;IDirectMusicAudioPath*
?Unload@CMusicSegment@@QAEJPAUIDirectMusicAudioPath@@@Z;CMusicSegment::Unload;0x1009b2e0;0x44;__thiscall;;long;CMusicSegment*;uchar
?SetVolume@CMusicSegment@@QAEJHPAUIDirectMusicAudioPath@@@Z;CMusicSegment::SetVolume;0x1009b330;0x6f;__thiscall;;long;CMusicSegment*;int;IDirectMusicAudioPath*
?IsPlaying@CMusicSegment@@QAEHXZ;CMusicSegment::IsPlaying;0x1009b3a0;0x23;__thiscall;;int;CMusicSegment*
?Stop@CMusicSegment@@QAEJK@Z;CMusicSegment::Stop;0x1009b3d0;0x2b;__thiscall;;long;CMusicSegment*;ulong
?SetRepeats@CMusicSegment@@QAEJK@Z;CMusicSegment::SetRepeats;0x1009b400;0x1d;__thiscall;;long;CMusicSegment*;ulong
?GetStyle@CMusicSegment@@QAEJPAPAUIDirectMusicStyle8@@K@Z;CMusicSegment::GetStyle;0x1009b420;0x21;__thiscall;;long;CMusicSegment*;IDirectMusicStyle8**;ulong
??0CMusicScript@@QAE@PAUIDirectMusicPerformance8@@PAUIDirectMusicLoader8@@PAUIDirectMusicScript@@@Z;CMusicScript::CMusicScript;0x1009b450;0x20;__thiscall;;void;CMusicScript*;IDirectMusicPerformance8*;IDirectMusicLoader8*;uchar
??1CMusicScript@@UAE@XZ;CMusicScript::~CMusicScript;0x1009b470;0x36;__thiscall;;void;CMusicScript*
?CallRoutine@CMusicScript@@QAEJPAD@Z;CMusicScript::CallRoutine;0x1009b4b0;0x37;__thiscall;;long;CMusicScript*;char*
?SetVariableNumber@CMusicScript@@QAEJPADJ@Z;CMusicScript::SetVariableNumber;0x1009b4f0;0x3f;__thiscall;;long;CMusicScript*;char*;long
?GetVariableNumber@CMusicScript@@QAEJPADPAJ@Z;CMusicScript::GetVariableNumber;0x1009b530;0x3f;__thiscall;;long;CMusicScript*;char*;long*
;FUN_1009b570;0x1009b570;0x9;__fastcall;;uchar;uint*
;FUN_1009b580;0x1009b580;0x17;__fastcall;;uchar;int*
;FUN_1009b5a0;0x1009b5a0;0x5d;__thiscall;;uint;void*;uint;uint
;FUN_1009b600;0x1009b600;0xd6;__fastcall;;int;int*
;FUN_1009b6e0;0x1009b6e0;0x225;__thiscall;;int;void*;uint*;char*;uint;uint;uint;uint;uint;uint
;FUN_1009b910;0x1009b910;0x7b;__thiscall;;uint*;void*;int;uint;uint;uint
;FUN_1009b990;0x1009b990;0x1e;__thiscall;;uint*;void*;uchar
;FUN_1009b9b0;0x1009b9b0;0x6d;__fastcall;;uchar;uint*
;FUN_1009ba20;0x1009ba20;0x168;__thiscall;;int;void*;int*
;FUN_1009bb90;0x1009bb90;0x72;__stdcall;;int;int*;uint*
;FUN_1009bc10;0x1009bc10;0x1e;__thiscall;;int;void*;uint
;FUN_1009bc30;0x1009bc30;0x58;__fastcall;;uint;int
;FUN_1009bc90;0x1009bc90;0x19;__fastcall;;uchar;uint*
;FUN_1009bcb0;0x1009bcb0;0x29;__fastcall;;uchar;uint*
;FUN_1009bce0;0x1009bce0;0x1ee;__thiscall;;uint;void*;char*;short*;int
;FUN_1009bed0;0x1009bed0;0x190;__fastcall;;uint;int*
;FUN_1009c060;0x1009c060;0xb6;__fastcall;;uint;int
;FUN_1009c120;0x1009c120;0x17d;__thiscall;;uint;void*;uint*;uint;uint*
;FUN_1009c2a0;0x1009c2a0;0x14c;__fastcall;;uint;uint
;FUN_1009c3f0;0x1009c3f0;0x167;__thiscall;;uint;void*;short*
;FUN_1009c560;0x1009c560;0x47;__cdecl;;uchar;wchar_t*;char*;uint
;FUN_1009c5b0;0x1009c5b0;0x47;__cdecl;;uchar;char*;wchar_t*;int
;FUN_1009c600;0x1009c600;0x24;__cdecl;;uchar;wchar_t*;char*;uint
;FUN_1009c630;0x1009c630;0x24;__cdecl;;uchar;char*;wchar_t*;int
;FUN_1009c670;0x1009c670;0xa;__stdcall;;uchar
;FUN_1009c680;0x1009c680;0xc;__stdcall;;uchar
;FUN_1009c6b0;0x1009c6b0;0xa;__stdcall;;uchar
;FUN_1009c6c0;0x1009c6c0;0xc;__stdcall;;uchar
;_Java_Matrix_Inverse__@8;0x1009c6e0;0x1a;__stdcall;;uchar;uint;uint
;_Java_Matrix_Inverse__LMatrix_2@12;0x1009c700;0x1f;__stdcall;;uchar;uint;uint;uint
;_Java_Matrix_Inverse__LMatrix_2LMatrix_2@16;0x1009c720;0x1f;__stdcall;;uchar;uint;uint;uint;uint
;_Java_Vector_Rotate__LVector_2F@16;0x1009c740;0x24;__stdcall;;uchar;uint;uint;uint;uint
;_Java_Vector_Rotate__LVector_2LVector_2F@20;0x1009c770;0x29;__stdcall;;uchar;uint;uint;uint;uint;uint
;_Java_Vector_Rotate__LVector_2LVector_2LVector_2F@24;0x1009c7a0;0x29;__stdcall;;uchar;uint;uint;uint;uint;uint;uint
;FUN_1009c7d0;0x1009c7d0;0x28f;__thiscall;;uint*;void*;int*
;FUN_1009ca60;0x1009ca60;0x1e;__thiscall;;uint*;void*;uchar
;FUN_1009ca80;0x1009ca80;0x183;__fastcall;;uchar;uint*
;cMagGameObject::FUN_1009cc10;0x1009cc10;0xc3;__thiscall;;uint;cMagGameObject*;char*
;FUN_1009cce0;0x1009cce0;0x1a;__cdecl;;uchar;int*;uint;uint
;FUN_1009cd00;0x1009cd00;0x69;__fastcall;;uchar;void*
;FUN_1009cd70;0x1009cd70;0x11fa;__thiscall;;uchar;void*;uchar*
;cMagGameObject::CreateObject;0x1009df70;0x8f2;__thiscall;;int;cMagGameObject*;char*
;FUN_1009e870;0x1009e870;0x6c;__thiscall;;uchar;void*;uint;uint
;FUN_1009e8e0;0x1009e8e0;0x78;__thiscall;;uint;void*;uchar*
;FUN_1009e960;0x1009e960;0x18;__thiscall;;uchar;void*;uint
;FUN_1009e980;0x1009e980;0x68;__fastcall;;uchar;int
;FUN_1009e9f0;0x1009e9f0;0x77;__fastcall;;uchar;void*
;FUN_1009ea70;0x1009ea70;0xa7;__thiscall;;uchar;void*;int
;FUN_1009eb20;0x1009eb20;0x3d;__fastcall;;uchar;int;uchar;uint;uint;uint
;FUN_1009eb60;0x1009eb60;0xdf;__thiscall;;uint*;void*;uint;uint
;FUN_1009ec40;0x1009ec40;0x1e;__thiscall;;uint*;void*;uchar
;FUN_1009ec60;0x1009ec60;0x14;__thiscall;;uchar;void*;uint
;FUN_1009ec80;0x1009ec80;0x220;__thiscall;;uchar;void*;int;uchar*;float;int
;FUN_1009eea0;0x1009eea0;0x192;__thiscall;;uchar;void*;int;uchar*
;FUN_1009f040;0x1009f040;0x234;__thiscall;;uchar;void*;int
;FUN_1009f280;0x1009f280;0xdf;__fastcall;;uchar;int
;FUN_1009f360;0x1009f360;0x5d;__thiscall;;uchar;void*;float*;uint
;FUN_1009f3c0;0x1009f3c0;0x72;__fastcall;;uint;int;uchar;uint
;FUN_1009f440;0x1009f440;0x9e;__thiscall;;uint;void*;uint
;FUN_1009f4e0;0x1009f4e0;0x9e;__thiscall;;uint;void*;uint;uint
;FUN_1009f580;0x1009f580;0x11a;__thiscall;;uint;void*;uint;uint
;FUN_1009f6a0;0x1009f6a0;0x11e;__thiscall;;uint;void*;uint;uint;uint
;FUN_1009f7c0;0x1009f7c0;0x51;__thiscall;;uint;void*;uint;uint
;FUN_1009f820;0x1009f820;0x8c;unknown;;uchar;uint
;FUN_1009f8b0;0x1009f8b0;0xb3;__thiscall;;uint;void*;int
;FUN_1009f970;0x1009f970;0x10e;__thiscall;;uint*;void*;uint;uint
;FUN_1009fa80;0x1009fa80;0x103;__thiscall;;uint;void*;uint;int;uint;uint
;FUN_1009fb90;0x1009fb90;0x94;__thiscall;;uchar;void*;uint;uint*
;FUN_1009fc30;0x1009fc30;0x73;__thiscall;;uint;void*;uchar;uchar;uchar;uint;uint
;FUN_1009fcb0;0x1009fcb0;0x2a1;__thiscall;;uchar;void*;uint;uint
;FUN_1009ff60;0x1009ff60;0x114;__fastcall;;uchar;int
;FUN_100a0080;0x100a0080;0x1d;__cdecl;;uchar;int*;uint;uint
;FUN_100a00e0;0x100a00e0;0xa;__stdcall;;uchar
;FUN_100a00f0;0x100a00f0;0xc;__stdcall;;uchar
;FUN_100a0120;0x100a0120;0xa;__stdcall;;uchar
;FUN_100a0130;0x100a0130;0xc;__stdcall;;uchar
;FUN_100a0150;0x100a0150;0x29;__fastcall;;uint*;uint*
;FUN_100a0180;0x100a0180;0x1e;__thiscall;;uint*;void*;uchar
;FUN_100a01a0;0x100a01a0;0x14;__fastcall;;uchar;uint*
;FUN_100a01c0;0x100a01c0;0xd5;__fastcall;;uchar;int
;FUN_100a02e0;0x100a02e0;0xa;__stdcall;;uchar
;FUN_100a02f0;0x100a02f0;0xc;__stdcall;;uchar
;FUN_100a0320;0x100a0320;0xa;__stdcall;;uchar
;FUN_100a0330;0x100a0330;0xc;__stdcall;;uchar
;CColFaceTree::CColFaceTree;0x100a0350;0x115;__thiscall;;CColFaceTree*;CColFaceTree*
;FUN_100a0470;0x100a0470;0x1e;__thiscall;;uint*;void*;uchar
;CColFaceTree::~CColFaceTree;0x100a0490;0x61;__thiscall;;void;CColFaceTree*
;FUN_100a0500;0x100a0500;0x51;__fastcall;;uchar;int
;FUN_100a0560;0x100a0560;0xa4;__thiscall;;uchar;void*;int;float;float;float;float;float;float
;FUN_100a0610;0x100a0610;0x2e;__thiscall;;uchar;void*;void*;float*;float*;int
;FUN_100a0640;0x100a0640;0x2e;__thiscall;;uchar;void*;void*;float*;float*;int
;FUN_100a0670;0x100a0670;0x29;__thiscall;;uchar;void*;void*;float;uint*
;FUN_100a06a0;0x100a06a0;0x29;__thiscall;;uchar;void*;void*;int;uint*
;FUN_100a0710;0x100a0710;0xa;__stdcall;;uchar
;FUN_100a0720;0x100a0720;0xc;__stdcall;;uchar
;FUN_100a0750;0x100a0750;0xa;__stdcall;;uchar
;FUN_100a0760;0x100a0760;0xc;__stdcall;;uchar
;FUN_100a0780;0x100a0780;0x1e;__thiscall;;uint*;void*;uchar
;collision::~collision;0x100a07a0;0x26d;__thiscall;;collision*;collision*
;FUN_100a0a10;0x100a0a10;0x46f;__stdcall;;uchar;cMagMeshObject*
;FUN_100a0e80;0x100a0e80;0x155;__thiscall;;uchar;void*;int
;FUN_100a0fe0;0x100a0fe0;0x27a;__fastcall;;uchar;int
;FUN_100a1260;0x100a1260;0xd;__thiscall;;uchar;void*;int
;FUN_100a1270;0x100a1270;0x1e2;__stdcall;;ushort;float*;float;float;float;float*;float;float;uint;float*
;FUN_100a1460;0x100a1460;0x15e2;__thiscall;;uchar;void*;CRay*;int;void*
;FUN_100a2a50;0x100a2a50;0x23;__thiscall;;uchar;void*;float*;float*
;FUN_100a2a80;0x100a2a80;0x1d;__cdecl;;float10;float*;float*
;FUN_100a2aa0;0x100a2aa0;0x5b;__cdecl;;uchar;float*;float*;float*
;FUN_100a2b00;0x100a2b00;0x142;__stdcall;;uchar;uint;float*;float*;float*
;FUN_100a2c50;0x100a2c50;0x68;__thiscall;;uchar;void*;float*
;FUN_100a2cc0;0x100a2cc0;0xf;__fastcall;;int;int
;FUN_100a2cd0;0x100a2cd0;0x8;__fastcall;;uchar;int
;FUN_100a2ce0;0x100a2ce0;0x311;__stdcall;;uint;void*;uchar
;FUN_100a3000;0x100a3000;0xd6;__stdcall;;uint;float*;int
;FUN_100a30e0;0x100a30e0;0x5a;__stdcall;;uint;float*;float*;float*
;FUN_100a3140;0x100a3140;0x19fd;__thiscall;;uint*;void*;uint;uint;int;int
;FUN_100a4b40;0x100a4b40;0x99;__thiscall;;uchar;void*;uint*
;FUN_100a4be0;0x100a4be0;0x461;__thiscall;;uint*;void*;uint*;int
;FUN_100a5050;0x100a5050;0x903;__thiscall;;ulong;void*;int
;FUN_100a5960;0x100a5960;0x1e;__thiscall;;uint*;void*;uchar
;FUN_100a5980;0x100a5980;0x170;__fastcall;;uchar;int
;FUN_100a5af0;0x100a5af0;0x2cf;__fastcall;;uchar;void*
;FUN_100a5dc0;0x100a5dc0;0x236;__thiscall;;uchar;void*;cMagMeshObject*
;FUN_100a6000;0x100a6000;0x111;__fastcall;;uchar;int
;FUN_100a6120;0x100a6120;0x1d6;__thiscall;;uchar;void*;int
;FUN_100a6300;0x100a6300;0x302;__thiscall;;uint;void*;uchar;uchar;uchar;uchar;uchar;uchar;uint;uint;uint
;FUN_100a6610;0x100a6610;0x385;__thiscall;;float*;void*;float*;int;float*;int
;FUN_100a69a0;0x100a69a0;0x223;__thiscall;;float*;void*;float*;float;float;float;float;float;float;float;float;float;uint
;FUN_100a6bd0;0x100a6bd0;0xd;__thiscall;;uchar;void*;uint
;FUN_100a6be0;0x100a6be0;0xc3;__thiscall;;uchar;void*;float
;FUN_100a6cb0;0x100a6cb0;0x1e;__stdcall;;ulong
;FUN_100a6cd0;0x100a6cd0;0x79;__fastcall;;uchar;cMagLog*
;FUN_100a6d50;0x100a6d50;0xb;__stdcall;;uchar
;FUN_100a6d60;0x100a6d60;0x2a;__fastcall;;uchar;int
;FUN_100a6d90;0x100a6d90;0x35;__thiscall;;uchar;void*;uchar;int
;FUN_100a6dd0;0x100a6dd0;0x2a8;__thiscall;;uchar;void*;int;uint*
;FUN_100a7080;0x100a7080;0x20f;__fastcall;;uchar;int
;FUN_100a7290;0x100a7290;0x303;__fastcall;;uchar;int
;FUN_100a75a0;0x100a75a0;0x88;__thiscall;;uchar;void*;int
;FUN_100a7630;0x100a7630;0x220;__thiscall;;uchar;void*;void*;float;float;float;float;float;float
;FUN_100a7850;0x100a7850;0x53d;__thiscall;;uint*;void*;uchar;uchar;uchar;uint
;FUN_100a7d90;0x100a7d90;0x30b;__thiscall;;uchar;void*;uint;int
;FUN_100a80a0;0x100a80a0;0x2f;__thiscall;;uint;void*;uint*
;FUN_100a80d0;0x100a80d0;0x2c5;__thiscall;;uint;void*;uint*
;collision::FUN_100a83a0;0x100a83a0;0xfa;__thiscall;;void;collision*
;FUN_100a84a0;0x100a84a0;0x323;__thiscall;;uint*;void*;uint;int
;FUN_100a87d0;0x100a87d0;0x3d;__thiscall;;void;void*;bool
;collision::collision;0x100a8810;0x4ac;__thiscall;;collision*;collision*
;FUN_100a8cc0;0x100a8cc0;0x3d;__thiscall;;uchar;void*;char
;collision::LoadSettings;0x100a8d00;0xa0;__thiscall;;uchar;collision*;char*
;FUN_100a8da0;0x100a8da0;0xe1;__thiscall;;uchar;void*;uint
;FUN_100a8e90;0x100a8e90;0x128;__fastcall;;uchar;int
;FUN_100a8fc0;0x100a8fc0;0x38;__fastcall;;uchar;int
;FUN_100a9000;0x100a9000;0x21;__fastcall;;int;int
;FUN_100a9030;0x100a9030;0xed;__fastcall;;uchar;int
;FUN_100a9120;0x100a9120;0x9b;__thiscall;;uchar;void*;uint
;FUN_100a91c0;0x100a91c0;0x22;__fastcall;;uchar;int
;FUN_100a91f0;0x100a91f0;0x21;__fastcall;;int;int
;FUN_100a9220;0x100a9220;0x13c;__thiscall;;uint*;void*;uint*;uint*
;FUN_100a9360;0x100a9360;0x38;__stdcall;;uint*;uint*;uint*;uint*
;FUN_100a93a0;0x100a93a0;0x1f9;__thiscall;;int;void*;uint*;uint*
;FUN_100a95a0;0x100a95a0;0x107;__thiscall;;uint*;void*;uint*;uint*
;FUN_100a96b0;0x100a96b0;0x21;__stdcall;;uchar;int;int
;FUN_100a96e0;0x100a96e0;0x38;__stdcall;;uint*;uint*;uint*;uint*
;FUN_100a9720;0x100a9720;0x3;__stdcall;;void;int*;int*
;FUN_100a9730;0x100a9730;0x29;__stdcall;;uchar;uint*;int;uint*
;FUN_100a9760;0x100a9760;0xcd;__cdecl;;uint*;uint*;uint*;uint*
;FUN_100a9830;0x100a9830;0xad;__cdecl;;uchar;uint*;uint*
;FUN_100a98e0;0x100a98e0;0xbf;__cdecl;;uchar;uint*;uint*;uint*
;FUN_100a99a0;0x100a99a0;0xcd;__cdecl;;int;int;int;int
;FUN_100a9a70;0x100a9a70;0xa8;__cdecl;;uchar;uint*;uint*
;FUN_100a9b20;0x100a9b20;0xc1;__thiscall;;uchar;void*;int
;FUN_100a9c30;0x100a9c30;0xa;__stdcall;;uchar
;FUN_100a9c40;0x100a9c40;0xc;__stdcall;;uchar
;FUN_100a9c70;0x100a9c70;0xa;__stdcall;;uchar
;FUN_100a9c80;0x100a9c80;0xc;__stdcall;;uchar
??0Collision@@QAE@XZ;Collision::Collision;0x100a9ca0;0xc;__thiscall;;uchar;Collision*
??0Collision@@QAE@UD3DXVECTOR3@@0@Z;Collision::Collision;0x100a9cb0;0x3c;__thiscall;;Collision*;Collision*;D3DXVECTOR3;D3DXVECTOR3
??0Collision@@QAE@UD3DXVECTOR3@@0PAVcMagMeshObject@@@Z;Collision::Collision;0x100a9cf0;0x43;__thiscall;;Collision*;Collision*;D3DXVECTOR3;D3DXVECTOR3;cMagMeshObject*
?GetTextureName@Collision@@QAEPADXZ;Collision::GetTextureName;0x100a9d40;0x53;__thiscall;;char*;Collision*
?Init@Collision@@AAEXXZ;Collision::Init;0x100a9da0;0xe;__thiscall;;void;Collision*
;FUN_100a9df0;0x100a9df0;0xa;__stdcall;;uchar
;FUN_100a9e00;0x100a9e00;0xc;__stdcall;;uchar
;FUN_100a9e30;0x100a9e30;0xa;__stdcall;;uchar
;FUN_100a9e40;0x100a9e40;0xc;__stdcall;;uchar
;ColObject::ColObject;0x100a9e60;0x92;__thiscall;;ColObject*;ColObject*
;FUN_100a9f00;0x100a9f00;0x1e;__thiscall;;uint*;void*;uchar
;ColObject::~ColObject;0x100a9f20;0xe7;__thiscall;;void;ColObject*
;FUN_100aa010;0x100aa010;0xac4;__thiscall;;uchar;void*;float
;FUN_100aaae0;0x100aaae0;0x24a;__thiscall;;uchar;void*;float*
;ColObject::FUN_100aad30;0x100aad30;0x1bf;__thiscall;;void;ColObject*;ColObject*
;FUN_100aaef0;0x100aaef0;0x6b;__thiscall;;uchar;void*;int
;FUN_100aaf60;0x100aaf60;0xf2;__thiscall;;uchar;void*;int
;FUN_100ab060;0x100ab060;0xd9;__thiscall;;uchar;void*;int
;FUN_100ab140;0x100ab140;0x2c2;__thiscall;;uchar;void*;int
;FUN_100ab410;0x100ab410;0x1d;__thiscall;;uchar;void*;uint;uint;uint
;FUN_100ab430;0x100ab430;0x1cc;__thiscall;;uchar;void*;float*
;FUN_100ab640;0x100ab640;0xa;__stdcall;;uchar
;FUN_100ab650;0x100ab650;0xc;__stdcall;;uchar
;FUN_100ab680;0x100ab680;0xa;__stdcall;;uchar
;FUN_100ab690;0x100ab690;0xc;__stdcall;;uchar
;FUN_100ab6b0;0x100ab6b0;0xc56;__cdecl;;uint;float*;int;int;int;int;int;int
;FUN_100ac310;0x100ac310;0xf63;__cdecl;;uint;float*;float*;float*;float*;float*;float*;int*;float*;float*
;FUN_100ad280;0x100ad280;0xe3;__cdecl;;uchar;float*;float*;float*;float;float;float;float;float;float;float*;float*;float*;float*
;CColTreeNode::CColTreeNode;0x100ad370;0x8f;__thiscall;;CColTreeNode*;CColTreeNode*
;CColTreeNode::FUN_100ad400;0x100ad400;0x1e;__thiscall;;uint*;CColTreeNode*;uchar
;CColTreeNode::CColTreeNode2;0x100ad420;0x93;__thiscall;;CColTreeNode*;CColTreeNode*;uint
;CColTreeNode::~CColTreeNode;0x100ad4c0;0x114;__thiscall;;CColTreeNode*;CColTreeNode*
;Catch@100ad524;0x100ad524;0x6;__stdcall;;uchar*
;FUN_100ad5f0;0x100ad5f0;0x20f;__thiscall;;uchar;void*;uint;float*;float*
;FUN_100ad820;0x100ad820;0x267;__thiscall;;uchar;void*;int;float;float;float;float;float;float;void*;uint
;FUN_100ada90;0x100ada90;0x2d3;__thiscall;;uchar;void*;int;float;float;float;float;float;float
;FUN_100add70;0x100add70;0x41e;__thiscall;;uchar;void*;void*;int;float*;float*;int
;FUN_100ae190;0x100ae190;0x585;__thiscall;;uchar;void*;void*;void*;float*;float*;int
;FUN_100ae720;0x100ae720;0x3be;__stdcall;;float10;float*;float*;float*;float*
;FUN_100aeae0;0x100aeae0;0x256;__thiscall;;uchar;void*;void*;int;float;uint*
;FUN_100aed40;0x100aed40;0x5b9;__thiscall;;uint;void*;float
;FUN_100af300;0x100af300;0x2ea;__thiscall;;uchar;void*;int;void*;int;uint*
;FUN_100af5f0;0x100af5f0;0x1e3;__thiscall;;int;void*;uint*;uint*
;FUN_100af7e0;0x100af7e0;0x3a7;__thiscall;;uchar;void*;uint*;uint;uint*
;FUN_100afb90;0x100afb90;0x29;__stdcall;;uchar;uint*;int;uint*
;FUN_100afbc0;0x100afbc0;0xea;__cdecl;;uchar;int;int;int
;FUN_100afcb0;0x100afcb0;0x102;__cdecl;;int;int;int;int
;FUN_100afe00;0x100afe00;0xa;__stdcall;;uchar
;FUN_100afe10;0x100afe10;0xc;__stdcall;;uchar
;FUN_100afe40;0x100afe40;0xa;__stdcall;;uchar
;FUN_100afe50;0x100afe50;0xc;__stdcall;;uchar
;FUN_100afe70;0x100afe70;0x1e;__thiscall;;uint*;void*;uchar
;CDynObjCol::CDynObjCol;0x100afe90;0x190;__thiscall;;uint*;CDynObjCol*;int
;CDynObjCol::~CDynObjCol;0x100b0020;0x100;__thiscall;;void;CDynObjCol*
;FUN_100b0120;0x100b0120;0x430;__thiscall;;uchar;void*;int
;FUN_100b0550;0x100b0550;0x568;__thiscall;;float10;int;float*;float*;float*
;FUN_100b0ac0;0x100b0ac0;0x5db;__thiscall;;bool;void*;int
;FUN_100b10a0;0x100b10a0;0x3d4;__fastcall;;uchar;void*
;FUN_100b1480;0x100b1480;0x1ee;__thiscall;;uint;void*;void*
;FUN_100b1670;0x100b1670;0x4ec;__fastcall;;uchar;void*
;FUN_100b1b60;0x100b1b60;0x1d;__thiscall;;uchar;void*;uint;uint;uint
;FUN_100b1b80;0x100b1b80;0x89;__fastcall;;uchar;int
;FUN_100b1c10;0x100b1c10;0xf5;__fastcall;;uchar;int
;FUN_100b1d10;0x100b1d10;0x1d;__thiscall;;uchar;void*;uint;uint;uint
;FUN_100b1d30;0x100b1d30;0x211;__thiscall;;uchar;void*;int
;FUN_100b1f50;0x100b1f50;0x46;__fastcall;;uchar;int
;FUN_100b1fe0;0x100b1fe0;0xa;__stdcall;;uchar
;FUN_100b1ff0;0x100b1ff0;0xc;__stdcall;;uchar
;FUN_100b2020;0x100b2020;0xa;__stdcall;;uchar
;FUN_100b2030;0x100b2030;0xc;__stdcall;;uchar
;FUN_100b2050;0x100b2050;0x77;__fastcall;;uint*;uint*
;FUN_100b20d0;0x100b20d0;0x1e;__thiscall;;uint*;void*;uchar
;FUN_100b20f0;0x100b20f0;0x70;__fastcall;;uchar;uint*
;FUN_100b21a0;0x100b21a0;0xa;__stdcall;;uchar
;FUN_100b21b0;0x100b21b0;0xc;__stdcall;;uchar
;FUN_100b21e0;0x100b21e0;0xa;__stdcall;;uchar
;FUN_100b21f0;0x100b21f0;0xc;__stdcall;;uchar
;FUN_100b2250;0x100b2250;0xa;__stdcall;;uchar
;FUN_100b2260;0x100b2260;0xc;__stdcall;;uchar
;FUN_100b2290;0x100b2290;0xa;__stdcall;;uchar
;FUN_100b22a0;0x100b22a0;0xc;__stdcall;;uchar
;CPhysics::CPhysics;0x100b22c0;0x1c;__thiscall;;uint*;CPhysics*
;FUN_100b22e0;0x100b22e0;0x7;__fastcall;;uchar;uint*
;FUN_100b2330;0x100b2330;0xa;__stdcall;;uchar
;FUN_100b2340;0x100b2340;0xc;__stdcall;;uchar
;FUN_100b2370;0x100b2370;0xa;__stdcall;;uchar
;FUN_100b2380;0x100b2380;0xc;__stdcall;;uchar
;FUN_100b23a0;0x100b23a0;0x1e;__thiscall;;uint*;void*;uchar
;FUN_100b23c0;0x100b23c0;0x59;__thiscall;;uint*;void*;uint
;FUN_100b2420;0x100b2420;0x68;__fastcall;;uchar;uint*
;FUN_100b2810;0x100b2810;0xe6;__fastcall;;uchar;int
;FUN_100b2900;0x100b2900;0x2a;__thiscall;;uchar;void*;float
;FUN_100b2930;0x100b2930;0x731;__thiscall;;float*;void*;float;float
;FUN_100b3070;0x100b3070;0xe8;__fastcall;;uchar;int
;FUN_100b31a0;0x100b31a0;0xa;__stdcall;;uchar
;FUN_100b31b0;0x100b31b0;0xc;__stdcall;;uchar
;FUN_100b31e0;0x100b31e0;0xa;__stdcall;;uchar
;FUN_100b31f0;0x100b31f0;0xc;__stdcall;;uchar
??0CPhysicsMotorboat@@QAE@XZ;CPhysicsMotorboat::CPhysicsMotorboat;0x100b3210;0x6d;__thiscall;;uchar;CPhysicsMotorboat*
??1CPhysicsMotorboat@@UAE@XZ;CPhysicsMotorboat::~CPhysicsMotorboat;0x100b3280;0xb;__thiscall;;void;CPhysicsMotorboat*
?UpdateMove@CPhysicsMotorboat@@UAEXM@Z;CPhysicsMotorboat::UpdateMove;0x100b3290;0x487;__thiscall;;void;CPhysicsMotorboat*;float
?Update4Wheels@CPhysicsMotorboat@@QAEXPAVColObject@@HM@Z;CPhysicsMotorboat::Update4Wheels;0x100b3720;0x61;__thiscall;;void;CPhysicsMotorboat*;ColObject*;int;float
?Init@CPhysicsMotorboat@@UAEXXZ;CPhysicsMotorboat::Init;0x100b3790;0x77;__thiscall;;void;CPhysicsMotorboat*
?SetEngineMesh@CPhysicsMotorboat@@QAEXPAVcMagMeshObject@@@Z;CPhysicsMotorboat::SetEngineMesh;0x100b3810;0x29;__thiscall;;void;CPhysicsMotorboat*;cMagMeshObject*
?SetDriverMesh@CPhysicsMotorboat@@QAEXPAVcMagMeshObject@@@Z;CPhysicsMotorboat::SetDriverMesh;0x100b3840;0x29;__thiscall;;void;CPhysicsMotorboat*;cMagMeshObject*
?UpdatePosition@CPhysicsMotorboat@@QAEXXZ;CPhysicsMotorboat::UpdatePosition;0x100b3870;0xb1;__thiscall;;void;CPhysicsMotorboat*
?UpdateEngineRotation@CPhysicsMotorboat@@QAEXM@Z;CPhysicsMotorboat::UpdateEngineRotation;0x100b3930;0x101;__thiscall;;void;CPhysicsMotorboat*;float
?RotateEngine@CPhysicsMotorboat@@QAEXMMN@Z;CPhysicsMotorboat::RotateEngine;0x100b3a40;0x96;__thiscall;;void;CPhysicsMotorboat*;float;float;double
?RotateBoat@CPhysicsMotorboat@@QAEXM@Z;CPhysicsMotorboat::RotateBoat;0x100b3ae0;0x3eb;__thiscall;;void;CPhysicsMotorboat*;float
?AngSpeedFromVelocity@CPhysicsMotorboat@@QAEMMM@Z;CPhysicsMotorboat::AngSpeedFromVelocity;0x100b3ed0;0x33;__thiscall;;float;CPhysicsMotorboat*;float;float
?UpdateSpeed@CPhysicsMotorboat@@QAE?AUD3DXVECTOR3@@M@Z;CPhysicsMotorboat::UpdateSpeed;0x100b3f10;0x19a;__thiscall;;uchar;CPhysicsMotorboat*
?Breake@CPhysicsMotorboat@@QAEMMM@Z;CPhysicsMotorboat::Breake;0x100b40b0;0x26;__thiscall;;float;CPhysicsMotorboat*;float;float
?Crash@CPhysicsMotorboat@@QAEXMM@Z;CPhysicsMotorboat::Crash;0x100b40e0;0x9d;__thiscall;;void;CPhysicsMotorboat*;float;float
?SetWaterMesh@CPhysicsMotorboat@@QAEXPAD@Z;CPhysicsMotorboat::SetWaterMesh;0x100b4180;0x2e;__thiscall;;void;CPhysicsMotorboat*;char*
?SetCrashMinSpeed@CPhysicsMotorboat@@QAEXM@Z;CPhysicsMotorboat::SetCrashMinSpeed;0x100b41b0;0xa;__thiscall;;void;CPhysicsMotorboat*;float
?SetPosition@CPhysicsMotorboat@@QAEXUD3DXVECTOR3@@@Z;CPhysicsMotorboat::SetPosition;0x100b41c0;0x49;__thiscall;;void;CPhysicsMotorboat*;D3DXVECTOR3
?SetRotationMatrix@CPhysicsMotorboat@@QAEXUD3DXMATRIX@@@Z;CPhysicsMotorboat::SetRotationMatrix;0x100b4210;0x2f;__thiscall;;void;CPhysicsMotorboat*;D3DXMATRIX
;FUN_100b4280;0x100b4280;0xa;__stdcall;;uchar
;FUN_100b4290;0x100b4290;0xc;__stdcall;;uchar
;FUN_100b42c0;0x100b42c0;0xa;__stdcall;;uchar
;FUN_100b42d0;0x100b42d0;0xc;__stdcall;;uchar
;FUN_100b42f0;0x100b42f0;0x162;__thiscall;;uint*;void*;int
;FUN_100b4460;0x100b4460;0x1e;__thiscall;;uint*;void*;uchar
;FUN_100b4480;0x100b4480;0x63;__fastcall;;uchar;uint*
;FUN_100b44f0;0x100b44f0;0x3f6;__thiscall;;uchar;void*;float
;FUN_100b4930;0x100b4930;0xa;__stdcall;;uchar
;FUN_100b4940;0x100b4940;0xc;__stdcall;;uchar
;FUN_100b4970;0x100b4970;0xa;__stdcall;;uchar
;FUN_100b4980;0x100b4980;0xc;__stdcall;;uchar
;FUN_100b49a0;0x100b49a0;0x49;__fastcall;;uint*;uint*
;FUN_100b49f0;0x100b49f0;0x1e;__thiscall;;uint*;void*;uchar
;FUN_100b4a10;0x100b4a10;0x2f;__fastcall;;uchar;uint*
;FUN_100b4f30;0x100b4f30;0x804;__thiscall;;uchar;void*;int
;FUN_100b5740;0x100b5740;0x2db;__fastcall;;uchar;int
;FUN_100b5a60;0x100b5a60;0xa;__stdcall;;uchar
;FUN_100b5a70;0x100b5a70;0xc;__stdcall;;uchar
;FUN_100b5aa0;0x100b5aa0;0xa;__stdcall;;uchar
;FUN_100b5ab0;0x100b5ab0;0xc;__stdcall;;uchar
;FUN_100b5ad0;0x100b5ad0;0x12;__fastcall;;uint*;uint*
;FUN_100b5af0;0x100b5af0;0x1e;__thiscall;;uint*;void*;uchar
;FUN_100b5b10;0x100b5b10;0xb;__fastcall;;uchar;uint*
;FUN_100b5ff0;0x100b5ff0;0xa;__stdcall;;uchar
;FUN_100b6000;0x100b6000;0xc;__stdcall;;uchar
;FUN_100b6030;0x100b6030;0xa;__stdcall;;uchar
;FUN_100b6040;0x100b6040;0xc;__stdcall;;uchar
;FUN_100b6060;0x100b6060;0x1e;__thiscall;;uint*;void*;uchar
;FUN_100b6080;0x100b6080;0x22b;__thiscall;;uint*;void*;cMagGameObject*;uchar*;char*;uint
;FUN_100b62b0;0x100b62b0;0x7;__fastcall;;uchar;uint*
;FUN_100b62c0;0x100b62c0;0xf1;__thiscall;;uchar;void*;float
;FUN_100b63d0;0x100b63d0;0x69;__fastcall;;uchar;int
;FUN_100b6440;0x100b6440;0x187;__thiscall;;uchar;void*;float
;FUN_100b65d0;0x100b65d0;0x18;__thiscall;;uint*;void*;uint*
;FUN_100b65f0;0x100b65f0;0xd;__thiscall;;uchar;void*;uint
;FUN_100b6640;0x100b6640;0xa;__stdcall;;uchar
;FUN_100b6650;0x100b6650;0xc;__stdcall;;uchar
;FUN_100b6680;0x100b6680;0xa;__stdcall;;uchar
;FUN_100b6690;0x100b6690;0xc;__stdcall;;uchar
;FUN_100b66f0;0x100b66f0;0xa;__stdcall;;uchar
;FUN_100b6700;0x100b6700;0xc;__stdcall;;uchar
;FUN_100b6730;0x100b6730;0xa;__stdcall;;uchar
;FUN_100b6740;0x100b6740;0xc;__stdcall;;uchar
??0COctree@@QAE@XZ;COctree::COctree;0x100b6760;0x51;__thiscall;;uchar;COctree*
??1COctree@@UAE@XZ;COctree::~COctree;0x100b67c0;0x7;__thiscall;;void;COctree*
?Create@COctree@@QAEXPAUD3DXVECTOR3@@H@Z;COctree::Create;0x100b67d0;0x42;__thiscall;;void;COctree*;D3DXVECTOR3*;int
?Release@COctree@@QAEXXZ;COctree::Release;0x100b6820;0x3d;__thiscall;;void;COctree*
?SetData@COctree@@QAEXPAUD3DXVECTOR3@@H@Z;COctree::SetData;0x100b6860;0x159;__thiscall;;void;COctree*;D3DXVECTOR3*;int
?CreateNode@COctree@@QAEXPAUD3DXVECTOR3@@HU2@M@Z;COctree::CreateNode;0x100b69c0;0x615;__thiscall;;void;COctree*;D3DXVECTOR3*;int;D3DXVECTOR3;float
?CreateNodeEnd@COctree@@QAEXPAUD3DXVECTOR3@@HPA_NU2@MHH@Z;COctree::CreateNodeEnd;0x100b6fe0;0x171;__thiscall;;void;COctree*;D3DXVECTOR3*;int;bool*;D3DXVECTOR3;float;int;COctreeSegment
?GetNodeCenter@COctree@@QAE?AUD3DXVECTOR3@@U2@MH@Z;COctree::GetNodeCenter;0x100b7160;0x212;__thiscall;;D3DXVECTOR3*;COctree*;D3DXVECTOR3*;D3DXVECTOR3;float;COctreeSegment
?SetNode@COctree@@QAEXPAUD3DXVECTOR3@@H@Z;COctree::SetNode;0x100b73a0;0x70;__thiscall;;void;COctree*;D3DXVECTOR3*;int
?CreateVertexBuffer@COctree@@QAEXPAUIDirect3DDevice8@@@Z;COctree::CreateVertexBuffer;0x100b7410;0x23f;__thiscall;;void;COctree*;IDirect3DDevice8*
?Render@COctree@@QAEXPAV1@@Z;COctree::Render;0x100b7650;0x1d3;__thiscall;;void;COctree*;COctree*
?RenderOctree@COctree@@QAEXUD3DXMATRIX@@PAUIDirect3DDevice8@@PAV1@@Z;COctree::RenderOctree;0x100b7830;0x3fa;__thiscall;;void;COctree*;uchar;uchar;uchar;uchar;uchar;uchar;uchar;uchar;uchar;uint;uint
?abs_f@COctree@@QAEMM@Z;COctree::abs_f;0x100b7c30;0x21;__thiscall;;float;COctree*;float
?triangle@COctree@@QAEXPAUIDirect3DDevice8@@PAM11PAUD3DXMATRIX@@@Z;COctree::triangle;0x100b7c60;0x3;__thiscall;;void;COctree*;uchar;float*;float*;float*;uchar
?wire_cube@COctree@@QAEXPAUIDirect3DDevice8@@PAM1PAUD3DXMATRIX@@@Z;COctree::wire_cube;0x100b7c70;0x4f8;__thiscall;;void;COctree*;uchar;float*;float*;uchar
;FUN_100b81b0;0x100b81b0;0xa;__stdcall;;uchar
;FUN_100b81c0;0x100b81c0;0xc;__stdcall;;uchar
;FUN_100b81f0;0x100b81f0;0xa;__stdcall;;uchar
;FUN_100b8200;0x100b8200;0xc;__stdcall;;uchar
??0CTrack@@QAE@XZ;CTrack::CTrack;0x100b8220;0x1ba;__thiscall;;uchar;CTrack*
??1CTrack@@UAE@XZ;CTrack::~CTrack;0x100b83e0;0x122;__thiscall;;void;CTrack*
?Load@CTrack@@QAEXAAV?$basic_ifstream@DU?$char_traits@D@std@@@std@@@Z;CTrack::Load;0x100b8510;0x294;__thiscall;;void;CTrack*;basic_ifstream<char,struct_std::char_traits<char>_>*
;FUN_100b87b0;0x100b87b0;0x4c;__fastcall;;uchar;int
;FUN_100b8800;0x100b8800;0x38;__fastcall;;uchar;int
;FUN_100b8840;0x100b8840;0x370;__thiscall;;uchar;void*;uint*;uint*;uint*
;FUN_100b8bb0;0x100b8bb0;0x3a;__cdecl;;uint*;uint*;uint*;uint*
;CTrackData::CTrackData;0x100b8bf0;0x151;__thiscall;;uint*;CTrackData*;CTrackData*
??4VERTEX@@QAEAAV0@ABV0@@Z;VERTEX::operator=;0x100b8d80;0x16;__thiscall;;VERTEX*;VERTEX*;VERTEX*
??_FVERTEX@@QAEXXZ;VERTEX::`default_constructor_closure';0x100b8da0;0x12;__thiscall;;void;VERTEX*
??0VERTEX@@QAE@MMMMMM@Z;VERTEX::VERTEX;0x100b8dc0;0x2e;__thiscall;;uchar;VERTEX*;float;float;float;float;float;float
;FUN_100b8e00;0x100b8e00;0xa;__stdcall;;uchar
;FUN_100b8e10;0x100b8e10;0xc;__stdcall;;uchar
;FUN_100b8e40;0x100b8e40;0xa;__stdcall;;uchar
;FUN_100b8e50;0x100b8e50;0xc;__stdcall;;uchar
;CBaseColObject::CBaseColObject;0x100b8ea0;0x9;__thiscall;;void;CBaseColObject*
;FUN_100b8eb0;0x100b8eb0;0x1e;__thiscall;;uint*;void*;uchar
;CBaseColObject::~CBaseColObject;0x100b8ed0;0x7;__thiscall;;void;CBaseColObject*
;FUN_100b8ee0;0x100b8ee0;0xf;__fastcall;;uchar;uint*
;FUN_100b8ef0;0x100b8ef0;0xd;__fastcall;;uchar;uint*
;FUN_100b8f10;0x100b8f10;0xa;__stdcall;;uchar
;FUN_100b8f20;0x100b8f20;0xc;__stdcall;;uchar
;FUN_100b8f50;0x100b8f50;0xa;__stdcall;;uchar
;FUN_100b8f60;0x100b8f60;0xc;__stdcall;;uchar
;FUN_100b8fc0;0x100b8fc0;0xa;__stdcall;;uchar
;FUN_100b8fd0;0x100b8fd0;0xc;__stdcall;;uchar
;FUN_100b9000;0x100b9000;0xa;__stdcall;;uchar
;FUN_100b9010;0x100b9010;0xc;__stdcall;;uchar
;FUN_100b9030;0x100b9030;0x1e;__thiscall;;uint*;void*;uchar
;CClassParameter::~CClassParameter;0x100b9050;0x7;__thiscall;;void;CClassParameter*
;CClassParameter::CClassParameter;0x100b9060;0x2a;__thiscall;;uint*;CClassParameter*;std_basic_ifstream*
;CClassParameter::FUN_100b9090;0x100b9090;0x22;__thiscall;;uint;CClassParameter*
;FUN_100b90c0;0x100b90c0;0x4;__fastcall;;uchar;int
;CClassParameter::FUN_100b90d0;0x100b90d0;0x12;__thiscall;;void;CClassParameter*;std_basic_ifstream*
;FUN_100b9120;0x100b9120;0x1a;__fastcall;;cMagLog*;cMagLog*
;FUN_100b9150;0x100b9150;0xa;__stdcall;;uchar
;FUN_100b9160;0x100b9160;0xc;__stdcall;;uchar
;FUN_100b9190;0x100b9190;0xa;__stdcall;;uchar
;FUN_100b91a0;0x100b91a0;0xc;__stdcall;;uchar
;CClassPrototype::CClassPrototype;0x100b91c0;0x6a;__thiscall;;uint*;CClassPrototype*;std_basic_ifstream*
;FUN_100b9230;0x100b9230;0x1e;__thiscall;;uint*;void*;uchar
;CClassPrototype::~CClassPrototype;0x100b9250;0xa1;__fastcall;;void;CClassPrototype*
;CClassPrototype::GetParameter;0x100b9300;0xd;__thiscall;;CClassParameter*;CClassPrototype*;int
;CClassPrototype::GetPrototypeName;0x100b9310;0x4;__thiscall;;char*;CClassPrototype*
;CClassPrototype::GetParametersCount;0x100b9320;0x13;__thiscall;;int;CClassPrototype*
;CClassPrototype::FUN_100b9340;0x100b9340;0x247;__thiscall;;void;CClassPrototype*;std_basic_ifstream*
;FUN_100b95d0;0x100b95d0;0xa;__stdcall;;uchar
;FUN_100b95e0;0x100b95e0;0xc;__stdcall;;uchar
;FUN_100b9610;0x100b9610;0xa;__stdcall;;uchar
;FUN_100b9620;0x100b9620;0xc;__stdcall;;uchar
;CDynObjTree::CDynObjTree;0x100b9640;0x16f;__thiscall;;uint*;CDynObjTree*;uint
;FUN_100b97b0;0x100b97b0;0x1e;__thiscall;;uint*;void*;uchar
;CDynObjTree::CDynObjTree2;0x100b97d0;0x169;__thiscall;;uint*;CDynObjTree*
;CDynObjTree::~CDynObjTree;0x100b9940;0xed;__thiscall;;void;CDynObjTree*
;Catch@100b999a;0x100b999a;0x6;__stdcall;;uchar*
;FUN_100b9a40;0x100b9a40;0x135;__thiscall;;uchar;void*;float;uint;float;float;uint;float;void*
;FUN_100b9b80;0x100b9b80;0x245;__thiscall;;uchar;void*;int
;FUN_100b9dd0;0x100b9dd0;0x59;__thiscall;;uchar;void*;int
;FUN_100b9e30;0x100b9e30;0xe7;__thiscall;;uchar;void*;uint;float*;float*
;FUN_100b9f30;0x100b9f30;0x271;__thiscall;;uchar;void*;void*;uint*
;FUN_100ba1b0;0x100ba1b0;0x82;__thiscall;;uchar;void*;uint*
;FUN_100ba280;0x100ba280;0xa;__stdcall;;uchar
;FUN_100ba290;0x100ba290;0xc;__stdcall;;uchar
;FUN_100ba2c0;0x100ba2c0;0xa;__stdcall;;uchar
;FUN_100ba2d0;0x100ba2d0;0xc;__stdcall;;uchar
;FUN_100ba2f0;0x100ba2f0;0x3a;__thiscall;;uint*;void*;int
;FUN_100ba330;0x100ba330;0x1e;__thiscall;;uint*;void*;uchar
;FUN_100ba350;0x100ba350;0xa1;__fastcall;;uchar;uint*
;CExtendedParameterLoader::FUN100ba400;0x100ba400;0x9a;__thiscall;;void;CExtendedParameterLoader*;CClassPrototype*
;CExtendedParameterLoader::FUN_100ba4a0;0x100ba4a0;0xcb;__thiscall;;uchar;CExtendedParameterLoader*;CClassPrototype*;CClassParameter*
;CExtendedParameterLoader::LoadClassPrototype;0x100ba570;0x211;__thiscall;;void;CExtendedParameterLoader*;std_basic_ifstream*
;CExtendedParameterLoader::loadJavaMeshExtension;0x100ba790;0x1c5;__thiscall;;uchar;CExtendedParameterLoader*;std_basic_ifstream*;cMagMeshObject*
;CExtendedParameterLoader::FUN_100ba960;0x100ba960;0x8c;__thiscall;;CClassPrototype*;CExtendedParameterLoader*;cMagMeshObject*
;FUN_100baa30;0x100baa30;0xa;__stdcall;;uchar
;FUN_100baa40;0x100baa40;0xc;__stdcall;;uchar
;FUN_100baa70;0x100baa70;0xa;__stdcall;;uchar
;FUN_100baa80;0x100baa80;0xc;__stdcall;;uchar
;FUN_100baaa0;0x100baaa0;0x12;__fastcall;;uint*;uint*
;FUN_100baac0;0x100baac0;0x1e;__thiscall;;uint*;void*;uchar
;FUN_100baae0;0x100baae0;0xb;__fastcall;;uchar;uint*
;FUN_100baf30;0x100baf30;0xa;__stdcall;;uchar
;FUN_100baf40;0x100baf40;0xc;__stdcall;;uchar
;FUN_100baf70;0x100baf70;0xa;__stdcall;;uchar
;FUN_100baf80;0x100baf80;0xc;__stdcall;;uchar
??0CLevel@@QAE@XZ;CLevel::CLevel;0x100bafa0;0x2d;__thiscall;;uchar;CLevel*
??1CLevel@@UAE@XZ;CLevel::~CLevel;0x100bafd0;0xb;__thiscall;;void;CLevel*
?Init@CLevel@@QAEXPAVcMagGameObject@@@Z;CLevel::Init;0x100bafe0;0xbc;__thiscall;;void;CLevel*;cMagGameObject*
?GetEDCameraPosition@CLevel@@QAE?AUD3DXVECTOR3@@XZ;CLevel::GetEDCameraPosition;0x100bb0a0;0x21;__thiscall;;D3DXVECTOR3*;CLevel*;D3DXVECTOR3*
?GetEDCameraView@CLevel@@QAE?AUD3DXVECTOR3@@XZ;CLevel::GetEDCameraView;0x100bb0d0;0x21;__thiscall;;D3DXVECTOR3*;CLevel*;D3DXVECTOR3*
?SetEDCameraPosition@CLevel@@QAEXUD3DXVECTOR3@@@Z;CLevel::SetEDCameraPosition;0x100bb100;0x1d;__thiscall;;void;CLevel*;D3DXVECTOR3
?SetEDCameraView@CLevel@@QAEXUD3DXVECTOR3@@@Z;CLevel::SetEDCameraView;0x100bb120;0x1d;__thiscall;;void;CLevel*;D3DXVECTOR3
;_Java_Level_GetEDCameraPosition@8;0x100bb140;0x45;__stdcall;;uchar
;_Java_Level_GetEDCameraDirection@8;0x100bb190;0x45;__stdcall;;uchar
?SetFilePath@CLevel@@QAEXPAD@Z;CLevel::SetFilePath;0x100bb1e0;0x2e;__thiscall;;void;CLevel*;char*
?GetFilePath@CLevel@@QAEPADXZ;CLevel::GetFilePath;0x100bb210;0x7;__thiscall;;char*;CLevel*
;FUN_100bb260;0x100bb260;0xa;__stdcall;;uchar
;FUN_100bb270;0x100bb270;0xc;__stdcall;;uchar
;FUN_100bb2a0;0x100bb2a0;0xa;__stdcall;;uchar
;FUN_100bb2b0;0x100bb2b0;0xc;__stdcall;;uchar
;FUN_100bb2d0;0x100bb2d0;0x7;__fastcall;;uchar;uint*
?fnMagnumEngine@@YAHXZ;fnMagnumEngine;0x100bb310;0x6;__cdecl;;int
??0CMagnumEngine@@QAE@XZ;CMagnumEngine::CMagnumEngine;0x100bb320;0x3;__thiscall;;uchar;CMagnumEngine*
;FUN_100bb340;0x100bb340;0xa;__stdcall;;uchar
;FUN_100bb350;0x100bb350;0xc;__stdcall;;uchar
;FUN_100bb380;0x100bb380;0xa;__stdcall;;uchar
;FUN_100bb390;0x100bb390;0xc;__stdcall;;uchar
;FUN_100bb3b0;0x100bb3b0;0x3a;__fastcall;;uint*;uint*
;FUN_100bb3f0;0x100bb3f0;0x1e;__thiscall;;uint*;void*;uchar
;FUN_100bb410;0x100bb410;0x2f;__fastcall;;uchar;uint*
;FUN_100bb440;0x100bb440;0x42b;__thiscall;;uchar;void*;int
;FUN_100bb870;0x100bb870;0x317;__fastcall;;uchar;void*
;FUN_100bbb90;0x100bbb90;0xa;__thiscall;;uchar;void*;uchar
;FUN_100bbba0;0x100bbba0;0x4;__fastcall;;uchar;int
;FUN_100bbbb0;0x100bbbb0;0xec;__fastcall;;uchar;void*
;FUN_100bbce0;0x100bbce0;0xa;__stdcall;;uchar
;FUN_100bbcf0;0x100bbcf0;0xc;__stdcall;;uchar
;FUN_100bbd20;0x100bbd20;0xa;__stdcall;;uchar
;FUN_100bbd30;0x100bbd30;0xc;__stdcall;;uchar
;CPath::CPath;0x100bbd50;0x2d;__thiscall;;CPath*;CPath*
;CPath::~CPath;0x100bbd80;0x15;__thiscall;;void;CPath*
;CPath::InitInner;0x100bbda0;0x1b1;__thiscall;;uint;CPath*;char*;int;int
;Catch@100bbf3c;0x100bbf3c;0x6;__stdcall;;uint
;CPath::InnerOnPath2;0x100bbf60;0x59;__thiscall;;uint;CPath*;int;uchar;uint;uint
;CPath::InnerOnPath;0x100bbfc0;0x33;__thiscall;;bool;CPath*;float;uint;uchar;uint
;CPath::Init;0x100bc000;0xcb;__thiscall;;uchar;CPath*;cMagMeshObject*;char*;D3DXVECTOR3;D3DXVECTOR3
;CPath::OnPath;0x100bc0d0;0xad;__thiscall;;bool;CPath*;D3DXVECTOR3
;CPath::SetBMPMinMax;0x100bc180;0x73;__thiscall;;void;CPath*;D3DXVECTOR3;D3DXVECTOR3
;CPath::GetBMPMinMax;0x100bc200;0x33;__thiscall;;void;CPath*;D3DXVECTOR3*;D3DXVECTOR3*
;ReadPathSettings;0x100bc240;0xa1;__stdcall;;void;char*
;FUN_100bc2f0;0x100bc2f0;0x1a3;__thiscall;;uint;void*;float;float;float;float;float*;float
;FUN_100bc4a0;0x100bc4a0;0x228;__thiscall;;uchar;void*;float*;float;float;float;float;uint;uint
;FUN_100bc6d0;0x100bc6d0;0xc4;__thiscall;;uchar;void*;float*;float;float;float;float;double;double
;FUN_100bc7e0;0x100bc7e0;0xa;__stdcall;;uchar
;FUN_100bc7f0;0x100bc7f0;0xc;__stdcall;;uchar
;FUN_100bc820;0x100bc820;0xa;__stdcall;;uchar
;FUN_100bc830;0x100bc830;0xc;__stdcall;;uchar
??0CRay@@QAE@XZ;CRay::CRay;0x100bc850;0x17;__thiscall;;uchar;CRay*
??0CRay@@QAE@ABUD3DXVECTOR3@@0@Z;CRay::CRay;0x100bc870;0x49;__thiscall;;void;CRay*;D3DXVECTOR3*;D3DXVECTOR3*
??1CRay@@UAE@XZ;CRay::~CRay;0x100bc8c0;0x7;__thiscall;;void;CRay*
;FUN_100bc910;0x100bc910;0xa;__stdcall;;uchar
;FUN_100bc920;0x100bc920;0xc;__stdcall;;uchar
;FUN_100bc950;0x100bc950;0xa;__stdcall;;uchar
;FUN_100bc960;0x100bc960;0xc;__stdcall;;uchar
;FUN_100bc9c0;0x100bc9c0;0xa;__stdcall;;uchar
;FUN_100bc9d0;0x100bc9d0;0xc;__stdcall;;uchar
;FUN_100bca00;0x100bca00;0xa;__stdcall;;uchar
;FUN_100bca10;0x100bca10;0xc;__stdcall;;uchar
;_Java_SplineCamera_SetType@12;0x100bca30;0x26;__stdcall;;uchar;uint;uint;uchar
;_Java_SplineCamera_SetHandlerObject@12;0x100bca60;0x38;__stdcall;;uchar;uint;uint;uint
;_Java_SplineCamera_PlayReverse@12;0x100bcaa0;0x26;__stdcall;;uchar;uint;uint;float
;_Java_SplineCamera_GetFrameCount@8;0x100bcad0;0x21;__stdcall;;uchar;uint;uint
;_Java_SplineCamera_Stop@8;0x100bcb00;0x21;__stdcall;;uchar;uint;uint
;_Java_SplineCamera_GetType@8;0x100bcb30;0x21;__stdcall;;uchar;uint;uint
;_Java_SplineCamera_GetTotalTime@8;0x100bcb60;0x21;__stdcall;;float10;uint;uint
;_Java_SplineCamera_IsPlaying@8;0x100bcb90;0x21;__stdcall;;uchar;uint;uint
;_Java_SplineCamera_SetDestTime@12;0x100bcbc0;0x26;__stdcall;;uchar;uint;uint;float
;_Java_SplineCamera_Play__FF@16;0x100bcbf0;0x2b;__stdcall;;uchar;uint;uint;float;float
;_Java_SplineCamera_Play__F@12;0x100bcc20;0x26;__stdcall;;uchar;uint;uint;float
;_Java_SplineCamera_ClearDestTime@8;0x100bcc50;0x21;__stdcall;;uchar;uint;uint
??0CSplineCamera@@QAE@XZ;CSplineCamera::CSplineCamera;0x100bcc80;0xd9;__thiscall;;uchar;CSplineCamera*
??1CSplineCamera@@UAE@XZ;CSplineCamera::~CSplineCamera;0x100bcd60;0x128;__thiscall;;void;CSplineCamera*
?AddFrameKey@CSplineCamera@@QAEXUD3DXVECTOR3@@MMM0@Z;CSplineCamera::AddFrameKey;0x100bce90;0x214;__thiscall;;void;CSplineCamera*;D3DXVECTOR3;float;float;float;D3DXVECTOR3
?Play@CSplineCamera@@QAEXM@Z;CSplineCamera::Play;0x100bd0b0;0x4f;__thiscall;;void;CSplineCamera*;float
?Stop@CSplineCamera@@QAEXXZ;CSplineCamera::Stop;0x100bd100;0x8;__thiscall;;void;CSplineCamera*
?Play@CSplineCamera@@QAEXMM@Z;CSplineCamera::Play;0x100bd110;0xe5;__thiscall;;void;CSplineCamera*;float;float
?SetTimeAdjust@CSplineCamera@@QAEXM@Z;CSplineCamera::SetTimeAdjust;0x100bd200;0xd;__thiscall;;void;CSplineCamera*;float
?GetTimeAdjust@CSplineCamera@@QAEMXZ;CSplineCamera::GetTimeAdjust;0x100bd210;0x7;__thiscall;;float;CSplineCamera*
?Update@CSplineCamera@@QAE?AVCSplineControlPoint@@M@Z;CSplineCamera::Update;0x100bd220;0x67d;__thiscall;;float*;CSplineCamera*;float*;float
?GetTotalTime@CSplineCamera@@QAEMXZ;CSplineCamera::GetTotalTime;0x100bd8a0;0x38;__thiscall;;float;CSplineCamera*
?DeleteFrame@CSplineCamera@@QAEXH@Z;CSplineCamera::DeleteFrame;0x100bd8e0;0x82;__thiscall;;void;CSplineCamera*;int
?GetFrameKeyAt@CSplineCamera@@QAEPAVCSplineControlPoint@@H@Z;CSplineCamera::GetFrameKeyAt;0x100bd970;0x30;__thiscall;;CSplineControlPoint*;CSplineCamera*;int
?GetTotalLen@CSplineCamera@@QAEMXZ;CSplineCamera::GetTotalLen;0x100bd9a0;0x38;__thiscall;;float;CSplineCamera*
?SetType@CSplineCamera@@QAEXE@Z;CSplineCamera::SetType;0x100bd9e0;0xd;__thiscall;;void;CSplineCamera*;uchar
?GetType@CSplineCamera@@QAEEXZ;CSplineCamera::GetType;0x100bd9f0;0x7;__thiscall;;uchar;CSplineCamera*
?GetFrameCount@CSplineCamera@@QAEHXZ;CSplineCamera::GetFrameCount;0x100bda00;0x19;__thiscall;;int;CSplineCamera*
?SetFPS@CSplineCamera@@QAEXM@Z;CSplineCamera::SetFPS;0x100bda20;0xd;__thiscall;;void;CSplineCamera*;float
?GetFPS@CSplineCamera@@QAEMXZ;CSplineCamera::GetFPS;0x100bda30;0x7;__thiscall;;float;CSplineCamera*
?InsertFrameKey@CSplineCamera@@QAEXAAVCSplineControlPoint@@H@Z;CSplineCamera::InsertFrameKey;0x100bda40;0x1dc;__thiscall;;void;CSplineCamera*;CSplineControlPoint*;int
?LookAt@CSplineCamera@@QAEXUD3DXVECTOR3@@@Z;CSplineCamera::LookAt;0x100bdc20;0x5c;__thiscall;;void;CSplineCamera*;D3DXVECTOR3
?Roll@CSplineCamera@@QAEXM@Z;CSplineCamera::Roll;0x100bdc80;0x19;__thiscall;;void;CSplineCamera*;float
?CopyKeyFrames@CSplineCamera@@QAEXPAV1@@Z;CSplineCamera::CopyKeyFrames;0x100bdcc0;0x1a5;__thiscall;;void;CSplineCamera*;CSplineCamera*
?CopyKeyFrames@CSplineCamera@@QAEXAAV?$vector@VCSplineControlPoint@@V?$allocator@VCSplineControlPoint@@@std@@@std@@@Z;CSplineCamera::CopyKeyFrames;0x100bde70;0x19f;__thiscall;;void;CSplineCamera*;std::vector<CSplineControlPoint>*
?OnRender@CSplineCamera@@UAEXXZ;CSplineCamera::OnRender;0x100be010;0x15c;__thiscall;;void;CSplineCamera*
?PlayReverse@CSplineCamera@@QAEXM@Z;CSplineCamera::PlayReverse;0x100be170;0x8f;__thiscall;;void;CSplineCamera*;float
?SetHandlerObject@CSplineCamera@@QAEXPAVcMagGameObject@@@Z;CSplineCamera::SetHandlerObject;0x100be200;0xd;__thiscall;;void;CSplineCamera*;cMagGameObject*
?SetDestTime@CSplineCamera@@QAEXM@Z;CSplineCamera::SetDestTime;0x100be210;0x65;__thiscall;;void;CSplineCamera*;float
?ClearDestTime@CSplineCamera@@QAEXXZ;CSplineCamera::ClearDestTime;0x100be280;0x22;__thiscall;;void;CSplineCamera*
?CallDestTimeHandler@CSplineCamera@@QAEXM@Z;CSplineCamera::CallDestTimeHandler;0x100be2b0;0x72;__thiscall;;void;CSplineCamera*;float
?IsPlaying@CSplineCamera@@QAE_NXZ;CSplineCamera::IsPlaying;0x100be330;0x7;__thiscall;;bool;CSplineCamera*
?UpdateByLen@CSplineCamera@@QAE?AVCSplineControlPoint@@M@Z;CSplineCamera::UpdateByLen;0x100be340;0x649;__thiscall;;float*;CSplineCamera*;float*;float
?GetCurLen@CSplineCamera@@QAEMXZ;CSplineCamera::GetCurLen;0x100be990;0x7;__thiscall;;float;CSplineCamera*
?GetCurTime@CSplineCamera@@QAEMXZ;CSplineCamera::GetCurTime;0x100be9a0;0x22;__thiscall;;float;CSplineCamera*
?SetLerp@CSplineCamera@@QAEX_N@Z;CSplineCamera::SetLerp;0x100be9d0;0xd;__thiscall;;void;CSplineCamera*;bool
;FUN_100be9e0;0x100be9e0;0x30;__stdcall;;uchar;uint*;int;uint*
;FUN_100bea10;0x100bea10;0x18;__cdecl;;uchar;uint*;uint*
??0CSplineControlPoint@@QAE@XZ;CSplineControlPoint::CSplineControlPoint;0x100bea60;0x12;__thiscall;;uchar;CSplineControlPoint*
;FUN_100bea90;0x100bea90;0xa;__stdcall;;uchar
;FUN_100beaa0;0x100beaa0;0xc;__stdcall;;uchar
;FUN_100bead0;0x100bead0;0xa;__stdcall;;uchar
;FUN_100beae0;0x100beae0;0xc;__stdcall;;uchar
??0CState@@QAE@XZ;CState::CState;0x100beb00;0x12;__thiscall;;uchar;CState*
??1CState@@UAE@XZ;CState::~CState;0x100beb20;0xb;__thiscall;;void;CState*
?SetState@CState@@QAEXPAD@Z;CState::SetState;0x100beb30;0x10;__thiscall;;void;CState*;char*
?SetState@CState@@QAEXPAV1@@Z;CState::SetState;0x100beb40;0x10;__thiscall;;void;CState*;CState*
;FUN_100beb80;0x100beb80;0x19;__fastcall;;uint*;uint*
;FUN_100beba0;0x100beba0;0x7;__fastcall;;uchar;uint*
;FUN_100bebc0;0x100bebc0;0xa;__stdcall;;uchar
;FUN_100bebd0;0x100bebd0;0xc;__stdcall;;uchar
;FUN_100bec00;0x100bec00;0xa;__stdcall;;uchar
;FUN_100bec10;0x100bec10;0xc;__stdcall;;uchar
;FUN_100bec70;0x100bec70;0xa;__stdcall;;uchar
;FUN_100bec80;0x100bec80;0xc;__stdcall;;uchar
;FUN_100becb0;0x100becb0;0xa;__stdcall;;uchar
;FUN_100becc0;0x100becc0;0xc;__stdcall;;uchar
;FUN_100bece0;0x100bece0;0x47;__fastcall;;uint*;uint*
;FUN_100bed30;0x100bed30;0x7;__fastcall;;uchar;uint*
;FUN_100bed40;0x100bed40;0x37;__thiscall;;short;void*;float
;FUN_100bedb0;0x100bedb0;0x22ea;__stdcall;;char*;int
;FUN_100c1740;0x100c1740;0x32;__stdcall;;int
;FUN_100c1780;0x100c1780;0x52;__thiscall;;uchar;void*;int*
;FUN_100c17e0;0x100c17e0;0x8a;__thiscall;;uchar;void*;int*
;FUN_100c1870;0x100c1870;0x40;__fastcall;;int;uint;char*
;FUN_100c18b0;0x100c18b0;0x5c;__thiscall;;int;void*;uchar*;uchar*;int
;FUN_100c1910;0x100c1910;0x12e;__cdecl;;int;uint
;FUN_100c1a50;0x100c1a50;0x47;__fastcall;;uchar;uint;int*
;FUN_100c1aa0;0x100c1aa0;0x356;__cdecl;;int;int;uint;int;uint
;FUN_100c1e00;0x100c1e00;0x34;__stdcall;;uchar;uint;int;int;uint
;FUN_100c1e40;0x100c1e40;0x4e;__stdcall;;int;int
;FUN_100c1e90;0x100c1e90;0x76;__stdcall;;int;int
;FUN_100c1f10;0x100c1f10;0xe0;__stdcall;;int;int;uchar*;int
;FUN_100c1ff0;0x100c1ff0;0x1f3;__thiscall;;int;void*;int*;uint*;uint*
;FUN_100c21f0;0x100c21f0;0x1f1;__stdcall;;uint;int;int;uint
;FUN_100c23f0;0x100c23f0;0x91;__stdcall;;uint;int
;FUN_100c2490;0x100c2490;0x1ff;unknown;;uchar;uint;uint
;FUN_100c2690;0x100c2690;0xf;__stdcall;;uchar;uint
;FUN_100c26a0;0x100c26a0;0x3c;__stdcall;;uint;uchar*
;FUN_100c26e0;0x100c26e0;0x196;__stdcall;;uint;uint*;uint*;uint*;int
;FUN_100c2880;0x100c2880;0x13;__stdcall;;uchar;uint*
;FUN_100c28a0;0x100c28a0;0x13c;__stdcall;;uchar
;FUN_100c29f0;0x100c29f0;0x137;__stdcall;;uint;uint;uchar*;uint
;FUN_100c2b30;0x100c2b30;0x46;__stdcall;;uint;int
;FUN_100c2b80;0x100c2b80;0x4c;__stdcall;;uint;int
;FUN_100c2bd0;0x100c2bd0;0xfa;__stdcall;;uint;int;int;char*;int
;FUN_100c2cd0;0x100c2cd0;0x3c4;__stdcall;;uint;int*;int
;FUN_100c31d0;0x100c31d0;0x3c;__cdecl;;uchar;uint*
;FUN_100c3210;0x100c3210;0x78;__cdecl;;uchar;int*;int;int*
;FUN_100c3290;0x100c3290;0x9b;__cdecl;;int*;int;int;int
;FUN_100c3330;0x100c3330;0xb12;__cdecl;;uchar;uint*;int*;int
;FUN_100c3e90;0x100c3e90;0x39;__cdecl;;uint;int*;int
;FUN_100c3ed0;0x100c3ed0;0x12b;__stdcall;;uint;uint;uchar*;uint
;FUN_100c4000;0x100c4000;0x13;__cdecl;;uchar;uint;int;int
;FUN_100c4030;0x100c4030;0x39;__cdecl;;uchar;uchar;uchar;uint;uint;int
;FUN_100c4070;0x100c4070;0x6e1;__cdecl;;uchar;uint;int*;int
;FUN_100c4790;0x100c4790;0x14;__cdecl;;uchar;uint;int
;FUN_100c47b0;0x100c47b0;0x4db;__thiscall;;uint;void*;uint;uint;int;int;uint*;int;uint*;uint*
;FUN_100c4ca0;0x100c4ca0;0xa3;__cdecl;;int;void*;int*;uint*;int;int
;FUN_100c4d50;0x100c4d50;0x183;__cdecl;;int;uint;uint;void*;int*;int*;uint*;uint*;int;int
;FUN_100c4ee0;0x100c4ee0;0x2e;__cdecl;;uint;uint*;uint*;uint*;uint*
;FUN_100c4f10;0x100c4f10;0x126;__cdecl;;int;int;int;int
;FUN_100c5040;0x100c5040;0x395;__cdecl;;uint;int;int;int;int;int;int*
;CBaseRenderer::CBaseRenderer;0x100c53e0;0xf8;__thiscall;;void;CBaseRenderer*;_GUID*;char*;IUnknown*;long*
;FUN_100c54e0;0x100c54e0;0x1e;__thiscall;;int*;void*;uchar
;FUN_100c5500;0x100c5500;0xd8;__fastcall;;uchar;int*
;FUN_100c55e0;0x100c55e0;0x12a;__thiscall;;uint;void*;uint;uint
;FUN_100c5710;0x100c5710;0x53;__stdcall;;uchar;int*;int*;uint*
;FUN_100c5810;0x100c5810;0x64;__fastcall;;uchar;int
;FUN_100c58d0;0x100c58d0;0x6d;__thiscall;;uint;void*;int
;FUN_100c5a10;0x100c5a10;0x8;__fastcall;;uchar;_RTL_CRITICAL_SECTION*
;FUN_100c5a20;0x100c5a20;0xa;__fastcall;;uchar;uint*
?GetMessageName@MagRelayMachine@@QAEHXZ;MagRelayMachine::GetMessageName;0x100c5c30;0x6;__thiscall;;int;MagRelayMachine*
;FUN_100c5c40;0x100c5c40;0x10d;__thiscall;;uint;void*;int
;FUN_100c5d50;0x100c5d50;0x66;__stdcall;;uint;int;ushort*;uint*
;FUN_100c5dc0;0x100c5dc0;0x34;__fastcall;;uint;int*
;FUN_100c5e00;0x100c5e00;0x35;__fastcall;;uint;int*
;FUN_100c5e40;0x100c5e40;0x1c;__fastcall;;uint;int*
;FUN_100c5e60;0x100c5e60;0x3d;__fastcall;;int;cMagKernel*
;FUN_100c5ea0;0x100c5ea0;0x1a;__fastcall;;uint;int*
;FUN_100c5ec0;0x100c5ec0;0x77;__fastcall;;uint;int*
;FUN_100c5fa0;0x100c5fa0;0x8;__stdcall;;uint
;FUN_100c5fb0;0x100c5fb0;0x8;__fastcall;;uchar;int
;FUN_100c5fc0;0x100c5fc0;0x30;__fastcall;;bool;int
;FUN_100c5ff0;0x100c5ff0;0x83;__thiscall;;uint;void*;uint
;FUN_100c60d0;0x100c60d0;0x29;__fastcall;;bool;int
;FUN_100c6100;0x100c6100;0x5d;__fastcall;;uint;int
;FUN_100c6160;0x100c6160;0x182;__thiscall;;int;void*;int*
;FUN_100c6450;0x100c6450;0x61;__fastcall;;uint;int
;FUN_100c64d0;0x100c64d0;0x60;__fastcall;;uchar;int*
;FUN_100c65f0;0x100c65f0;0xa4;__fastcall;;uint;void*
;FUN_100c66a0;0x100c66a0;0x36;__fastcall;;uint;int
;FUN_100c66e0;0x100c66e0;0x20;__fastcall;;uchar;int
;FUN_100c6700;0x100c6700;0xa8;__fastcall;;uint;int*
;FUN_100c67b0;0x100c67b0;0x68;__fastcall;;uint;int*
;FUN_100c6820;0x100c6820;0x27;__thiscall;;uchar;void*;uint
;FUN_100c6850;0x100c6850;0x4b;__thiscall;;uint*;void*;int;uint;short*
;FUN_100c68a0;0x100c68a0;0x1e;__thiscall;;uchar*;void*;uchar
;FUN_100c68d0;0x100c68d0;0x9f;__stdcall;;cMagGameObject*;char*
;FUN_100c6970;0x100c6970;0x9d;__stdcall;;uint;int
;FUN_100c6a10;0x100c6a10;0x93;__stdcall;;int;int
;FUN_100c6ba0;0x100c6ba0;0x1e;__fastcall;;uchar;int
;FUN_100c6bc0;0x100c6bc0;0x19;__stdcall;;uchar;int;uint;uint
;FUN_100c6be0;0x100c6be0;0x28;__thiscall;;uchar;void*;char*
;FUN_100c6c10;0x100c6c10;0x10;__stdcall;;uchar;int
;FUN_100c6c20;0x100c6c20;0x10;__stdcall;;uchar;int
;FUN_100c6c30;0x100c6c30;0x3a;__stdcall;;uint;uint;uint*
;CBaseVideoRenderer::CBaseVideoRenderer;0x100c6ce0;0x9d;__thiscall;;uint*;CBaseVideoRenderer*;_GUID*;char*;IUnknown*;long*
;FUN_100c6d80;0x100c6d80;0x1e;__thiscall;;int*;void*;uchar
;FUN_100c6da0;0x100c6da0;0x2d;__fastcall;;uchar;int*
;CBaseVideoRenderer::ResetStreamingTimes;0x100c6dd0;0xbf;__thiscall;;long;CBaseVideoRenderer*
;FUN_100c6ea0;0x100c6ea0;0x19;__fastcall;;uint;int
;FUN_100c6ec0;0x100c6ec0;0x17;__thiscall;;uchar;void*;uint;uint
;FUN_100c7000;0x100c7000;0x2c;__fastcall;;uchar;int
;FUN_100c7030;0x100c7030;0x3a;__fastcall;;uchar;int*
;FUN_100c7070;0x100c7070;0x2b;__fastcall;;uchar;int*
;FUN_100c70a0;0x100c70a0;0x5c;__fastcall;;uchar;int
;FUN_100c7760;0x100c7760;0x36;__stdcall;;uint;int;uint*
;FUN_100c77a0;0x100c77a0;0x36;__stdcall;;uint;int;uint*
;FUN_100c77e0;0x100c77e0;0x71;__stdcall;;uint;int;int*
;FUN_100c7860;0x100c7860;0x82;__stdcall;;uint;int;uint*
;FUN_100c78f0;0x100c78f0;0x5f;__cdecl;;int;int
;FUN_100c7950;0x100c7950;0xc3;__thiscall;;uint;void*;uint;int*;uint;int;uint;uint
;FUN_100c7a80;0x100c7a80;0x8b;__stdcall;;uchar;int*;int*;uint*
;FUN_100c7b10;0x100c7b10;0x50;__stdcall;;uchar;uint*;uint*;short*
;FUN_100c7bc0;0x100c7bc0;0x1c;__stdcall;;uchar;void**
;FUN_100c7be0;0x100c7be0;0xab;__stdcall;;uchar;int*;int*;uint*
;CBaseFilter::CBaseFilter;0x100c7c90;0x5f;__thiscall;;void*;CBaseFilter*;char*;IUnknown*;CCritSec*;_GUID*
;CBaseFilter::~CBaseFilter;0x100c7cf0;0x6d;__thiscall;;void;CBaseFilter*
;CBaseFilter::GetClassID;0x100c7d60;0x32;__stdcall;;long;CBaseFilter*;_GUID*
;FUN_100c7da0;0x100c7da0;0x6d;__stdcall;;uint;int;int*
;FUN_100c7ea0;0x100c7ea0;0x10;__stdcall;;uchar
;FUN_100c7eb0;0x100c7eb0;0xa6;__stdcall;;int;int
;FUN_100c7f60;0x100c7f60;0xad;__stdcall;;int;int
;FUN_100c8010;0x100c8010;0xe6;__stdcall;;int;int*;int;int
;FUN_100c8100;0x100c8100;0x3f;__thiscall;;int;void*;uint*
;FUN_100c81d0;0x100c81d0;0x4e;__stdcall;;uint;int;short*
;FUN_100c8220;0x100c8220;0xd1;__stdcall;;uint;int;uint*;short*
;FUN_100c8300;0x100c8300;0x5b;__thiscall;;uint;void*;int;uint;uint
;FUN_100c8360;0x100c8360;0x4;__fastcall;;uint;int
;FUN_100c8460;0x100c8460;0xb2;__thiscall;;uint*;void*;int
;FUN_100c8520;0x100c8520;0x1e;__thiscall;;uint*;void*;uchar
;FUN_100c8550;0x100c8550;0x57;__fastcall;;uchar;uint*
;FUN_100c8630;0x100c8630;0x2a;__stdcall;;long;int*
;FUN_100c8710;0x100c8710;0x10e;__stdcall;;uint;int;uint;int*;uint*
;FUN_100c8820;0x100c8820;0x3f;__stdcall;;uint;int;uint
;FUN_100c8860;0x100c8860;0x30;__stdcall;;uint;int
;FUN_100c8890;0x100c8890;0x28;__stdcall;;uint;int
;FUN_100c88c0;0x100c88c0;0x52;__thiscall;;uint*;void*;int
;FUN_100c8920;0x100c8920;0x1e;__thiscall;;uint*;void*;uchar
;FUN_100c8940;0x100c8940;0x13;__fastcall;;uchar;uint*
;FUN_100c89e0;0x100c89e0;0x2a;__stdcall;;long;int*
;FUN_100c8d10;0x100c8d10;0x1d;__stdcall;;uint;int
;FUN_100c8d30;0x100c8d30;0xe7;__thiscall;;void*;void*;uint;uint;uint;uint;short*;uint
;FUN_100c8e20;0x100c8e20;0x66;__fastcall;;uchar;int
;FUN_100c8e90;0x100c8e90;0x87;__stdcall;;uchar;int*;int*;uint*
;FUN_100c9070;0x100c9070;0xb9;__thiscall;;int;void*;int*
;FUN_100c9130;0x100c9130;0xdb;__stdcall;;int;uint;uint;int*
;FUN_100c9210;0x100c9210;0xd8;__thiscall;;int;void*;int*;int*
;FUN_100c92f0;0x100c92f0;0x1a;__thiscall;;uint;void*;uint*
;FUN_100c9530;0x100c9530;0x36;__stdcall;;int;int*
;FUN_100c9650;0x100c9650;0x6e;__stdcall;;uint;int;int*
;FUN_100c97b0;0x100c97b0;0x4;__fastcall;;uint;int
?RestoreMesh@cMagMeshMgr@@QAEPAVcStaticMesh@@PAD@Z;CGame::JLoadMesh;0x100c97d0;0x5;__thiscall;;cMagGameObject*;CGame*;char*
;FUN_100c9850;0x100c9850;0x54;__thiscall;;void*;void*;uint;uint;uint;uint;short*
;FUN_100c98b0;0x100c98b0;0x5e;__fastcall;;uchar;int
;FUN_100c9a80;0x100c9a80;0x31;__fastcall;;int;int
;FUN_100c9ac0;0x100c9ac0;0x15f;__stdcall;;int;int;int*
;FUN_100c9c20;0x100c9c20;0x50;__stdcall;;int;int*;int;int;int*
;FUN_100c9c70;0x100c9c70;0xb5;__stdcall;;uint;uint*
;FUN_100c9d30;0x100c9d30;0x25;__stdcall;;uint;int
;FUN_100c9d60;0x100c9d60;0x29;__stdcall;;uint;int
;FUN_100c9df0;0x100c9df0;0x1dc;__stdcall;;uint;int*;int*
;CBaseObject::CBaseObject;0x100c9fd0;0x14;__thiscall;;void;CBaseObject*;char*
;CBaseObject::~CBaseObject;0x100c9ff0;0x2a;__thiscall;;uchar;CBaseObject*
;CBaseObject::LoadOLEAut32;0x100ca020;0x1a;__thiscall;;HINSTANCE__*;CBaseObject*
;CUnknown::CUnknown;0x100ca040;0x33;__thiscall;;void;CUnknown*;char*;IUnknown*
;CUnknown::NonDelegatingQueryInterface;0x100ca080;0x46;__stdcall;;long;CUnknown*;_GUID*;void**
;CUnknown::NonDelegatingAddRef;0x100ca0d0;0x1f;__stdcall;;ulong;CUnknown*
;CUnknown::NonDelegatingRelease;0x100ca0f0;0x40;__stdcall;;ulong;CUnknown*
;CUnknown::GetInterface;0x100ca130;0x21;__stdcall;;long;IUnknown*;void**
;CAMEvent::CAMEvent;0x100ca160;0x1c;__thiscall;;void;CAMEvent*;int
;FUN_100ca180;0x100ca180;0xe;__fastcall;;uchar;uint*
;FUN_100ca190;0x100ca190;0x31;__stdcall;;short*;short*;short*
;FUN_100ca1d0;0x100ca1d0;0x43;__stdcall;;short*;short*;short*;int
;FUN_100ca220;0x100ca220;0x46;__stdcall;;int;ushort*;ushort*
;FUN_100ca270;0x100ca270;0x18;__stdcall;;int;short*
;FUN_100ca290;0x100ca290;0x387;__stdcall;;longlong;uint;uint;uint;uint;uint;uint;uint;uint
;FUN_100ca620;0x100ca620;0x228;__stdcall;;ulong;void*;uint;HWND__*;uint;int
;FUN_100ca850;0x100ca850;0x20;__cdecl;;uchar;uint;uint;TIMECALLBACK*;ulong;uint
;FUN_100ca870;0x100ca870;0xd;__fastcall;;uchar;int*
;FUN_100ca880;0x100ca880;0x1b;__stdcall;;uint;uint;uint*
;FUN_100ca8a0;0x100ca8a0;0x107;__stdcall;;uint;int*;uint;int;uint;int*
;FUN_100ca9b0;0x100ca9b0;0x4b;__stdcall;;uint;int*;uint;uint;uint;int*;uint
;FUN_100caa00;0x100caa00;0x22;__thiscall;;int;void*;uint;uint*
;FUN_100caa30;0x100caa30;0x42;__stdcall;;uchar;int*;int*;uint*
;FUN_100cab80;0x100cab80;0x47;__thiscall;;uint*;void*;uint;uint*;uint*;int
;FUN_100cabd0;0x100cabd0;0x22;__thiscall;;int;void*;uchar
;FUN_100cac00;0x100cac00;0x6b;__fastcall;;uchar;int
;FUN_100cacd0;0x100cacd0;0x64;__thiscall;;uint;void*;uint*
;FUN_100cad40;0x100cad40;0x64;__thiscall;;uint;void*;uint*
;FUN_100cb050;0x100cb050;0x31;__thiscall;;int;void*;uchar*;int*
;FUN_100cb090;0x100cb090;0x31;__stdcall;;int;int*;int*
;FUN_100cb520;0x100cb520;0x57;__thiscall;;uint*;void*;uint;uint*;uint*;int
;FUN_100cb5a0;0x100cb5a0;0x22;__thiscall;;int;void*;uchar
;FUN_100cb5d0;0x100cb5d0;0x77;__fastcall;;uchar;int
;FUN_100cb650;0x100cb650;0xaa;__thiscall;;int;void*;int*
;FUN_100cb700;0x100cb700;0xb5;__thiscall;;int;void*;uint
;FUN_100cb7c0;0x100cb7c0;0x2f;__fastcall;;uint;int
;FUN_100cb7f0;0x100cb7f0;0x60;__fastcall;;int;int*
;FUN_100cb8c0;0x100cb8c0;0x1c;__fastcall;;uchar;uint*
;FUN_100cb8e0;0x100cb8e0;0x5b;__fastcall;;uchar;uint*
;FUN_100cb940;0x100cb940;0x33;__fastcall;;uchar;uint*
;FUN_100cb980;0x100cb980;0x3;__fastcall;;uint;uint*
;FUN_100cb990;0x100cb990;0x18;__stdcall;;int;int*
;FUN_100cb9b0;0x100cb9b0;0x11;__stdcall;;int;int
;FUN_100cb9d0;0x100cb9d0;0x3f;__thiscall;;int;void*;int
;FUN_100cba10;0x100cba10;0x68;__thiscall;;uchar;void*;uint
;FUN_100cba80;0x100cba80;0x48;__thiscall;;uint;void*;uint*
;FUN_100cbad0;0x100cbad0;0x1c;__fastcall;;uchar;int
;FUN_100cbaf0;0x100cbaf0;0x7;__fastcall;;uchar;int
;FUN_100cbb00;0x100cbb00;0xc;__fastcall;;uint*;uint*
;FUN_100cbb10;0x100cbb10;0xd;__thiscall;;uchar;void*;uint*
;FUN_100cbb20;0x100cbb20;0x2e;__thiscall;;uint;void*;uint*
;FUN_100cbb50;0x100cbb50;0x1b;__fastcall;;uchar;uint*
;FUN_100cbb70;0x100cbb70;0x34;__fastcall;;uint;int*
;FUN_100cbbb0;0x100cbbb0;0xc6;__thiscall;;uint;void*;int*
;FUN_100cbc80;0x100cbc80;0x1a;__stdcall;;uchar;void*
;FUN_100cbca0;0x100cbca0;0x67;__stdcall;;uint;uint*;uint*
;FUN_100cbd10;0x100cbd10;0x3c;__stdcall;;uchar;int
;FUN_100cbd60;0x100cbd60;0x9c;__cdecl;;uchar;float*;float*;float*
;FUN_100cbdfc;0x100cbdfc;0x7d;__cdecl;;uchar;uint;uint
;FUN_100cbe79;0x100cbe79;0x1a8;__cdecl;;uchar;float*;float*;float;float*
;FUN_100cc021;0x100cc021;0x172;__cdecl;;uchar;float*;float*
;FUN_100cc193;0x100cc193;0x1e;__cdecl;;uchar;uint*;uint*
;FUN_100cc1b1;0x100cc1b1;0x499;__cdecl;;uchar;float*;float*
;FUN_100cc64a;0x100cc64a;0x28;__cdecl;;uchar;int;uint*
;FUN_100cc672;0x100cc672;0x129;__fastcall;;uchar;_LARGE_INTEGER*
;FUN_100cc79b;0x100cc79b;0x12;__stdcall;;uchar
;FUN_100cc7ad;0x100cc7ad;0x21d;__fastcall;;uchar;int
;isNear;0x100cc9d0;0x30;__cdecl;;int;float;float
;FUN_100cca00;0x100cca00;0x11;__stdcall;;uchar
;FUN_100cca11;0x100cca11;0x2a;__stdcall;;uchar;uint;uint;uint;uint;uint;uint
;FUN_100cca3b;0x100cca3b;0xb0;__stdcall;;float*;float*;float*;float*;float*;float*;float
;FUN_100ccaeb;0x100ccaeb;0x2a;__stdcall;;uchar;uint;uint;uint;uint;uint;uint
;FUN_100ccbf4;0x100ccbf4;0x2f;__stdcall;;uchar;uint;uint;uint;uint;uint;uint
;FUN_100ccc23;0x100ccc23;0x57;__stdcall;;float*;float*;float*;float*;float*;float;float
;FUN_100ccc7a;0x100ccc7a;0x11;__stdcall;;uchar
;FUN_100ccc8b;0x100ccc8b;0x11;__stdcall;;uchar
;FUN_100ccc9c;0x100ccc9c;0x11;__stdcall;;uchar
;thunk_D3DXVec3Normalize;0x100cccad;0x11;__stdcall;;uchar;D3DXVECTOR3*;D3DXVECTOR3*
;FUN_100cccc4;0x100cccc4;0x2a;__stdcall;;uchar;uint;uint;uint;uint;uint;uint
;FUN_100cccee;0x100cccee;0xd8;__stdcall;;float*;float*;float*;float*;float*;float*;float
;FUN_100ccdc6;0x100ccdc6;0x2a;__stdcall;;uchar;uint;uint;uint;uint;uint;uint
;FUN_100ccdf6;0x100ccdf6;0xa;__cdecl;;float10;float
;FUN_100cce00;0x100cce00;0xfb;__stdcall;;float*;float*;float*;float*;float*;float*;float
;FUN_100ccefb;0x100ccefb;0x3;__fastcall;;uint;uint
;FUN_100ccefe;0x100ccefe;0x2f;__stdcall;;uchar;uint;uint;uint;uint;uint;uint
;FUN_100ccf2d;0x100ccf2d;0x71;__stdcall;;float*;float*;float*;float*;float*;float;float
;FUN_100ccf9e;0x100ccf9e;0x11;__stdcall;;uchar
;FUN_100ccfb5;0x100ccfb5;0xa6;__stdcall;;float*;float*;float*;float*
;FUN_100cd05b;0x100cd05b;0x11;__stdcall;;uchar
;FUN_100cd072;0x100cd072;0x11;__stdcall;;uchar
;FUN_100cd083;0x100cd083;0x79;__stdcall;;float*;float*;float*;float*
;[14]FUN_100cd0fc;0x100cd0fc;0x11;__stdcall;;uchar
;FUN_100cd113;0x100cd113;0x11;__stdcall;;uchar
;FUN_100cd12a;0x100cd12a;0x11;__stdcall;;uchar
;FUN_100cd252;0x100cd252;0x11;__stdcall;;uchar
;FUN_100cd263;0x100cd263;0x2a;__stdcall;;uchar;uint;uint;uint;uint;uint;uint
;FUN_100cd28d;0x100cd28d;0xfa;__stdcall;;float*;float*;float*;float*;float*;float*;float
;FUN_100cd387;0x100cd387;0x2a;__stdcall;;uchar;uint;uint;uint;uint;uint;uint
;FUN_100cd3b1;0x100cd3b1;0x11d;__stdcall;;float*;float*;float*;float*;float*;float*;float
;FUN_100cd4ce;0x100cd4ce;0x2f;__stdcall;;uchar;uint;uint;uint;uint;uint;uint
;FUN_100cd4fd;0x100cd4fd;0x8b;__stdcall;;float*;float*;float*;float*;float*;float;float
;FUN_100cd588;0x100cd588;0x11;__stdcall;;uchar
;FUN_100cd599;0x100cd599;0xbe;__stdcall;;float*;float*;float*;float*
;FUN_100cd657;0x100cd657;0x11;__stdcall;;uchar
;D3DXMatrixMultiply;0x100cd741;0x11;__stdcall;;D3DXMATRIX*;D3DXMATRIX*;D3DXMATRIX*;D3DXMATRIX*
;D3DXMatrixMultiply;0x100cd758;0x252;__stdcall;;D3DXMATRIX*;D3DXMATRIX*;D3DXMATRIX*;D3DXMATRIX*
;FUN_100cd9aa;0x100cd9aa;0x11;__stdcall;;uchar
;FUN_100cda3c;0x100cda3c;0x11;__stdcall;;uchar
;FUN_100cda4d;0x100cda4d;0x252;__stdcall;;float*;float*;float*;float*
;FUN_100cdc9f;0x100cdc9f;0x11;__stdcall;;uchar
;thunk_D3DXMatrixScaling;0x100ce05b;0x2e;__stdcall;;D3DXMATRIX*;D3DXMATRIX*;float;float;float
;D3DXMatrixScaling;0x100ce08f;0x60;__stdcall;;D3DMATRIX*;D3DMATRIX*;D3DXVECTOR3
;thunk_D3DXMatrixTranslation;0x100ce0ef;0x2e;__stdcall;;D3DMATRIX*;D3DMATRIX*;float;float;float
;D3DXMatrixTranslation;0x100ce123;0x60;__stdcall;;D3DMATRIX*;D3DMATRIX*;float;float;float
;FUN_100ce183;0x100ce183;0x1e;__stdcall;;uchar;uint;uint
;FUN_100ce22b;0x100ce22b;0x1e;__stdcall;;uchar;uint;uint
;FUN_100ce2d2;0x100ce2d2;0x1e;__stdcall;;uchar;uint;uint
;FUN_100ce37a;0x100ce37a;0x21;__stdcall;;uchar;uint;uint;uint
;FUN_100ce4bb;0x100ce4bb;0x11;__stdcall;;uchar
;FUN_100ce5c8;0x100ce5c8;0x2e;__stdcall;;uchar;uint;uint;uint;uint
;FUN_100ce5fc;0x100ce5fc;0x11;__stdcall;;uchar
;FUN_100ce613;0x100ce613;0x27;__stdcall;;uchar;uint;uint;uint;uint;uint
;FUN_100ce73b;0x100ce73b;0x171;__stdcall;;float*;float*;float*;float*;float*
;computeProjectionMatrix;0x100ce8ac;0xa1;__stdcall;;float*;D3DMATRIX*;float;float;float;float
;D3DXMatrixPerspectiveOffCenterLH;0x100ce94d;0xa9;__stdcall;;uchar;float*;float;float;float;float;float;float
;FUN_100ce9f6;0x100ce9f6;0x78;__stdcall;;uchar;float*;float;float;float;float
;FUN_100cea6e;0x100cea6e;0x11;__stdcall;;uchar
;[28]FUN_100cea7f;0x100cea7f;0x11;__stdcall;;uchar
;FUN_100cea90;0x100cea90;0x11;__stdcall;;uchar
;FUN_100ceaa1;0x100ceaa1;0xa5;__stdcall;;uchar;float*;float*;float*
;FUN_100ceb46;0x100ceb46;0x11;__stdcall;;uchar
;FUN_100cec9a;0x100cec9a;0x21;__stdcall;;uchar;uint;uint;uint
;FUN_100cecbb;0x100cecbb;0x6c;__stdcall;;float*;float*;int;float
;FUN_100ced27;0x100ced27;0x2e;__stdcall;;uchar;uint;uint;uint;uint
;FUN_100cee41;0x100cee41;0x11;__stdcall;;uchar
;FUN_100cef0f;0x100cef0f;0x11;__stdcall;;uchar
;FUN_100cefec;0x100cefec;0x11;__stdcall;;uchar
;FUN_100cf0cb;0x100cf0cb;0x6;__stdcall;;uchar
;FUN_100cf15b;0x100cf15b;0x6;__stdcall;;uchar
;FUN_100cf210;0x100cf210;0x24;__stdcall;;uchar;uint;uint;uint;uint
;FUN_100cf33c;0x100cf33c;0x2a;__stdcall;;uchar;uint;uint;uint;uint;uint;uint
;FUN_100cf366;0x100cf366;0x76;__stdcall;;int;int;int;int;int;int;float
;FUN_100cf3dc;0x100cf3dc;0x11;__stdcall;;uchar
;FUN_100cf3ed;0x100cf3ed;0x2f;__stdcall;;uchar;uint;uint;uint;uint;uint;uint
;FUN_100cf41c;0x100cf41c;0xa7;__stdcall;;uint*;uint*;uint*;int;int;float;float
;[21]FUN_100cf4c3;0x100cf4c3;0x11;__stdcall;;uchar
;FUN_100cf591;0x100cf591;0x11;__stdcall;;uchar
;FUN_100cf65c;0x100cf65c;0x11;__stdcall;;uchar
;FUN_100cf6b8;0x100cf6b8;0x11;__stdcall;;uchar
;FUN_100cf793;0x100cf793;0x11;__stdcall;;uchar
;FUN_100cf862;0x100cf862;0x9c;__stdcall;;float*;int;float*
;FUN_100cf8fe;0x100cf8fe;0x7e;__stdcall;;float*;float*;float*;float*
;FUN_100cf97c;0x100cf97c;0x9c;__stdcall;;float*;float*;float*;float*
;FUN_100cfa18;0x100cfa18;0x4c;__stdcall;;float*;float*;float*;float*
;D3DXVec3Normalize;0x100cfa64;0xb3;__stdcall;;D3DXVECTOR3*;D3DXVECTOR3*;D3DXVECTOR3*
;FUN_100cfb17;0x100cfb17;0xe3;__stdcall;;float*;float*;float*;float*
;FUN_100cff6c;0x100cff6c;0xcc;__stdcall;;float*;int;float*
;FUN_100d0038;0x100d0038;0x43;__stdcall;;int;int;uint;uint;uint
;FUN_100d0329;0x100d0329;0xfe;__stdcall;;float*;float*;float*;int
;FUN_100d0427;0x100d0427;0xd9;__stdcall;;float*;float*;int
;FUN_100d0500;0x100d0500;0x43f;__stdcall;;uchar;uint*;uint*;float*;int;float*;float*;int
;FUN_100d093f;0x100d093f;0x1f;__thiscall;;uint*;void*;uchar
;FUN_100d095e;0x100d095e;0x1f;__thiscall;;uint*;void*;uchar
;FUN_100d097d;0x100d097d;0xa1;__stdcall;;int;int*;tagLOGFONTA*;uint*
;D3DXCreateSprite;0x100d0a1e;0x88;__stdcall;;long;IDirect3DDevice8*;ID3DXSprite**
;FUN_100d0aa6;0x100d0aa6;0x27;__cdecl;;int*;int
;FUN_100d0acd;0x100d0acd;0x75;__fastcall;;uint;int;int
;FUN_100d0b42;0x100d0b42;0x6e;__cdecl;;int;int*;int;int*
;FUN_100d0bb0;0x100d0bb0;0xe2;__cdecl;;int;int*;uint;uint;int*
;FUN_100d0c92;0x100d0c92;0x34;__cdecl;;int;int
;FUN_100d0cc6;0x100d0cc6;0x101;__stdcall;;uint*;int*;uint;uint*;int;uint;uint;uint;uint*;uint;uint
;FUN_100d0dc7;0x100d0dc7;0xc4;__stdcall;;int
;FUN_100d0e8b;0x100d0e8b;0x20;__stdcall;;uchar;uint;uint;uint;uint;uint
;FUN_100d0eab;0x100d0eab;0xfe;__stdcall;;uint*;int*;uint;uint*;int;uint;uint;uint;uint;uint*;uint;uint
;FUN_100d0fa9;0x100d0fa9;0x351;__fastcall;;uint;uint;uint;int*;uint*;uint*;uint*;uint*;int*;int;int
;FUN_100d12fa;0x100d12fa;0x28;__thiscall;;uchar;void*;int*;uint*;uint*;uint*;uint;int*;int
;FUN_100d1322;0x100d1322;0x8f;__thiscall;;int;void*;int*;uint;uint;uint;uint;int;int;int
;FUN_100d13b1;0x100d13b1;0x22;__stdcall;;uchar;uint;uint;int;uchar*
;FUN_100d13d3;0x100d13d3;0xde;__stdcall;;uint*;int*;uint;uint*;uint*;int*;int*;uint;uint;int*
;FUN_100d14b1;0x100d14b1;0x1c9;__stdcall;;uint*;int*;int*;uint*;int*;int*;uint*;uint;int
;FUN_100d167a;0x100d167a;0x9a;__stdcall;;uint*;int*;uint;uint*;int*;uint;uint*;uint;uint
;FUN_100d1714;0x100d1714;0x2fe;__stdcall;;uint*;int*;int*;uint;uint*
;FUN_100d1a12;0x100d1a12;0x51;__stdcall;;uint*;int*;uint;uint*;wchar_t*;int*;uint;uint;int*
;FUN_100d1a63;0x100d1a63;0x6aa;__stdcall;;uint*
;FUN_100d210d;0x100d210d;0x40;__stdcall;;uchar;uint;uint;uint;uint;uint;uint;uint;uint;uint;uint;uint;uint;uint;uint;uint
;D3DXCreateTextureFromFileExA;0x100d214d;0x63;__stdcall;;int;IDirect3DDevice8*;wchar_t*;uint;uint;uint;dword;D3DFORMAT;D3DPOOL;dword;dword;dword;D3DXIMAGE_INFO*;tagPALETTEENTRY*;IDirect3DTexture8**
;FUN_100d21b0;0x100d21b0;0x68;__stdcall;;int;uint;HINSTANCE__*;uint
;FUN_100d2218;0x100d2218;0x30;__stdcall;;uchar;uint;uint;uint;uint
;FUN_100d2248;0x100d2248;0x26;__stdcall;;uchar;uint;wchar_t*
;FUN_100d226e;0x100d226e;0x29;__stdcall;;uchar;uint;HINSTANCE__*;uint
;FUN_100d2297;0x100d2297;0x1e7;__cdecl;;uint;float*;float*;float*;float*;float*;float*;float*;float*
;FUN_100d247e;0x100d247e;0x81;__cdecl;;uint;float*;float*;float*;float*;float*;float*;float*;float*
;FUN_100d24ff;0x100d24ff;0x5c;__cdecl;;uint;ulong;char*;uchar*
;FUN_100d255b;0x100d255b;0x26;__fastcall;;undefined8;uint;uint
;FUN_100d2581;0x100d2581;0x99;__stdcall;;int
;FUN_100d261a;0x100d261a;0x38;__fastcall;;undefined8;uint;uint
;FUN_100d2652;0x100d2652;0x3a;__stdcall;;uchar
;Catch@100d268c;0x100d268c;0xc;__stdcall;;uchar*
;FUN_100d2698;0x100d2698;0x5a;__stdcall;;uint
;FUN_100d26f7;0x100d26f7;0xc7;__cdecl;;uint;ulong
;FUN_100d27be;0x100d27be;0x122;__stdcall;;int;int
;FUN_100d28e0;0x100d28e0;0x3a;__fastcall;;uchar;uint*
;FUN_100d291a;0x100d291a;0x10;__stdcall;;uint;int
;FUN_100d292a;0x100d292a;0x6c;__thiscall;;int;void*;int*;tagLOGFONTA*
;FUN_100d2996;0x100d2996;0x35;__stdcall;;uint;int;uint*
;FUN_100d29cb;0x100d29cb;0x33;__stdcall;;uint;int;uint*
;FUN_100d29fe;0x100d29fe;0x12;__stdcall;;uchar;int
;FUN_100d2a10;0x100d2a10;0x12;__stdcall;;uchar;int
;FUN_100d2a22;0x100d2a22;0x26;__stdcall;;uchar;int;wchar_t*;uint;int*;uint;uint
;FUN_100d2a48;0x100d2a48;0x26;__stdcall;;uchar;int;wchar_t*;uint;int*;uint;uint
;FUN_100d2a6e;0x100d2a6e;0x12;__stdcall;;uchar;int
;FUN_100d2a80;0x100d2a80;0x12;__stdcall;;uchar;int
;FUN_100d2a92;0x100d2a92;0x5c;__stdcall;;uint;int*;int*;uint*
;FUN_100d2aee;0x100d2aee;0x1b;__stdcall;;uint;void*
;FUN_100d2b09;0x100d2b09;0x1b;__fastcall;;uchar;uint*
;FUN_100d2b24;0x100d2b24;0x40;__fastcall;;uchar;uint*
;FUN_100d2b64;0x100d2b64;0x89;__thiscall;;uint;void*;IDirect3DDevice8*
;FUN_100d2bed;0x100d2bed;0x35;__stdcall;;uint;int;uint*
;FUN_100d2c22;0x100d2c22;0x3c;__stdcall;;uint;int
;FUN_100d2c5e;0x100d2c5e;0x42;__stdcall;;uint;int
;FUN_100d2ca5;0x100d2ca5;0x5c;__stdcall;;uint;int*;int*;uint*
;FUN_100d2d01;0x100d2d01;0x1b;__stdcall;;uint;void*
;FUN_100d2d1c;0x100d2d1c;0x449;__stdcall;;uint;uint
;FUN_100d3165;0x100d3165;0xd7;__stdcall;;uchar;int*;uint;uint;uint*;uint*;float;uint*;uint
;FUN_100d323c;0x100d323c;0x40c;__stdcall;;int;int*;int*;float*;int;float
;FUN_100d3648;0x100d3648;0x1e;__fastcall;;uchar;uint*
;FUN_100d3666;0x100d3666;0x12;__fastcall;;uchar;uint*
;FUN_100d3678;0x100d3678;0x152;__thiscall;;uint;void*;wchar_t*;int
;FUN_100d37ca;0x100d37ca;0x10c;__thiscall;;uint;void*;wchar_t*;wchar_t*
;FUN_100d38d6;0x100d38d6;0x41;__fastcall;;uint;uint*
;FUN_100d3917;0x100d3917;0xb;__fastcall;;uchar;int*
;FUN_100d3922;0x100d3922;0xd;__fastcall;;uchar;uint*
;FUN_100d392f;0x100d392f;0xe;__fastcall;;uchar;uint*
;FUN_100d393d;0x100d393d;0x1f;__fastcall;;uint;uint*
;FUN_100d395c;0x100d395c;0xc3;__thiscall;;uint;void*;HINSTANCE__*;uint;int;int
;inner_printDirect3DDebug;0x100d3a1f;0x89;__cdecl;;void;uint;char*
;FUN_100d3aa8;0x100d3aa8;0x13e;__stdcall;;uint;uint;uint;uint
;FUN_100d3be6;0x100d3be6;0x9c;__cdecl;;uchar;uint
;FUN_100d3c82;0x100d3c82;0x19;__fastcall;;uchar;uint*
;FUN_100d3c9b;0x100d3c9b;0x59;__fastcall;;uchar;int
;FUN_100d3cf4;0x100d3cf4;0x1f;__thiscall;;uchar*;void*;uchar
;FUN_100d3d13;0x100d3d13;0xc6;__thiscall;;uint;void*;int*
;FUN_100d3dd9;0x100d3dd9;0x785;__thiscall;;uint;void*;uint*;uint
;FUN_100d455e;0x100d455e;0x318;__thiscall;;uint;void*;void*;ulong
;FUN_100d4876;0x100d4876;0x1d;__stdcall;;uchar;int*
;FUN_100d4894;0x100d4894;0x31;__cdecl;;uchar;int*
;FUN_100d48c5;0x100d48c5;0x18;__cdecl;;uint;int
;FUN_100d48dd;0x100d48dd;0x13;__cdecl;;uchar;int;int
;FUN_100d48f0;0x100d48f0;0x270;__stdcall;;uint;uint;uint
;FUN_100d4b60;0x100d4b60;0x4a7;__thiscall;;uint;void*;uint*;uint
;FUN_100d5007;0x100d5007;0x286;__thiscall;;uint;void*;uint*;uint
;FUN_100d528d;0x100d528d;0x43;__cdecl;;uchar;int*;uint*;uint
;FUN_100d52d0;0x100d52d0;0x1f;__stdcall;;uchar;int*
;FUN_100d52f0;0x100d52f0;0x17;__stdcall;;uchar;uchar;uint
;FUN_100d5307;0x100d5307;0x596;__stdcall;;uint;int;uint
;FUN_100d589d;0x100d589d;0x355;__thiscall;;uint;void*;int*;int*
;FUN_100d5bf2;0x100d5bf2;0x2bb;__thiscall;;uint;void*;void*
;FUN_100d5ead;0x100d5ead;0x2e6;__stdcall;;int
;FUN_100d6193;0x100d6193;0x32;__thiscall;;uint;void*;short*;uint
;FUN_100d61c5;0x100d61c5;0x1e2;__thiscall;;uint;void*;uint*;int*;int*;int
;FUN_100d63a7;0x100d63a7;0xa;__fastcall;;uchar;uint*
;FUN_100d63b1;0x100d63b1;0x1e;__fastcall;;uchar;int*
;FUN_100d63cf;0x100d63cf;0x14;__cdecl;;uchar;float
;FUN_100d63f9;0x100d63f9;0x348;__cdecl;;uint*;uint;int;int
;FUN_100d6741;0x100d6741;0x4d;__thiscall;;int*;void*;uchar
;FUN_100d678e;0x100d678e;0x474;__stdcall;;uint
;FUN_100d6c02;0x100d6c02;0x18e;__fastcall;;uint;int*
;FUN_100d6d90;0x100d6d90;0x126;__cdecl;;uint;uint*;uint;int;uint;int;int
;FUN_100d6eb6;0x100d6eb6;0x31;__fastcall;;uchar;int*
;FUN_100d6ee7;0x100d6ee7;0xe8;__cdecl;;uint;uint*;uint;int;uint;int;int
;FUN_100d6fcf;0x100d6fcf;0x116;__cdecl;;uint;uint*;undefined8*;uint;uint;int;int
;FUN_100d70e5;0x100d70e5;0x38;__stdcall;;uchar
;FUN_100d711d;0x100d711d;0x2f;__stdcall;;uchar
;FUN_100d714c;0x100d714c;0x31;__fastcall;;uchar;int*
;FUN_100d717d;0x100d717d;0x140;__fastcall;;uint;int*
;FUN_100d72bd;0x100d72bd;0x115;__fastcall;;uint;int*
;FUN_100d73d2;0x100d73d2;0x135;__fastcall;;uint;int*
;FUN_100d7507;0x100d7507;0x143;__fastcall;;uint;int*
;FUN_100d764a;0x100d764a;0x12a;__fastcall;;uint;int*
;FUN_100d7774;0x100d7774;0x9b;__fastcall;;uint;int*
;FUN_100d780f;0x100d780f;0x138;__fastcall;;uint;int*
;FUN_100d7947;0x100d7947;0x119;__fastcall;;uint;int*
;FUN_100d7a60;0x100d7a60;0x138;__fastcall;;uint;int*
;FUN_100d7b98;0x100d7b98;0x12a;__fastcall;;uint;int*
;FUN_100d7cc2;0x100d7cc2;0x138;__fastcall;;uint;int*
;FUN_100d7dfa;0x100d7dfa;0xf1;__stdcall;;uint
;FUN_100d7eeb;0x100d7eeb;0x202;__stdcall;;uint
;FUN_100d80ed;0x100d80ed;0x204;__stdcall;;uint
;FUN_100d82f1;0x100d82f1;0x403;__stdcall;;uint
;FUN_100d8714;0x100d8714;0x492;__stdcall;;uint
;FUN_100d8ba6;0x100d8ba6;0xf6;__cdecl;;uint*;int
;FUN_100d8c9c;0x100d8c9c;0x3e6;__stdcall;;uint
;FUN_100d9082;0x100d9082;0x731;__stdcall;;uint
;FUN_100d97b3;0x100d97b3;0x3a2;__stdcall;;uint
;FUN_100d9b55;0x100d9b55;0x140;__thiscall;;int;int*;int;uint;uint
;FUN_100d9c95;0x100d9c95;0x10;__fastcall;;uchar;uint*
;FUN_100d9ca5;0x100d9ca5;0x7a;__fastcall;;uint;uchar*
;FUN_100d9d1f;0x100d9d1f;0x6;__fastcall;;uchar;uint*
;FUN_100d9d25;0x100d9d25;0x16;__fastcall;;uint;int*
;FUN_100d9d3b;0x100d9d3b;0x5;__fastcall;;uint;uchar*
;FUN_100d9d40;0x100d9d40;0x472;__thiscall;;int;void*;uint*;int*;uint;uint*;uint;uint
;FUN_100da1b7;0x100da1b7;0x377;__thiscall;;int;void*;uint*;int*;uint;uint*;uint;uint
;FUN_100da52e;0x100da52e;0x13;__fastcall;;uchar;uint*
;FUN_100da544;0x100da544;0x2f7;__thiscall;;uint;void*;int
;FUN_100da83b;0x100da83b;0x1;__stdcall;;uchar
;FUN_100da83c;0x100da83c;0xa0;__stdcall;;uchar
;FUN_100da8dc;0x100da8dc;0x3fa;__stdcall;;uchar
;FUN_100dacd6;0x100dacd6;0x20;__fastcall;;uchar;uint
;FUN_100dacf6;0x100dacf6;0x24c;__thiscall;;uint*;void*;uint*;uint;uint
;FUN_100daf42;0x100daf42;0x1f;__thiscall;;uint*;void*;uchar
;FUN_100daf61;0x100daf61;0x7b;__stdcall;;uint
;FUN_100dafdc;0x100dafdc;0xcc;__fastcall;;uchar;int*
;FUN_100db0a8;0x100db0a8;0x73;__thiscall;;uchar;void*;uint
;FUN_100db11b;0x100db11b;0xec;__thiscall;;uchar;void*;uint;uint;int
;FUN_100db207;0x100db207;0x123;__thiscall;;uchar;void*;uint;uint;int
;FUN_100db32a;0x100db32a;0x101;__thiscall;;uchar;void*;uint;uint;int
;FUN_100db42b;0x100db42b;0x101;__thiscall;;uchar;void*;uint;uint;int
;FUN_100db52c;0x100db52c;0x101;__thiscall;;uchar;void*;uint;uint;int
;FUN_100db62d;0x100db62d;0x11d;__thiscall;;uchar;void*;uint;uint;int
;FUN_100db74a;0x100db74a;0x123;__thiscall;;uchar;void*;uint;uint;int
;FUN_100db86d;0x100db86d;0xfe;__thiscall;;uchar;void*;uint;uint;int
;FUN_100db96b;0x100db96b;0xa9;__thiscall;;uchar;void*;uint;uint;int
;FUN_100dba14;0x100dba14;0x123;__thiscall;;uchar;void*;uint;uint;int
;FUN_100dbb37;0x100dbb37;0x101;__thiscall;;uchar;void*;uint;uint;int
;FUN_100dbc38;0x100dbc38;0x123;__thiscall;;uchar;void*;uint;uint;int
;FUN_100dbd5b;0x100dbd5b;0xd0;__thiscall;;uchar;void*;uint;uint;int
;FUN_100dbe2b;0x100dbe2b;0x118;__thiscall;;uchar;void*;uint;uint;float*
;FUN_100dbf43;0x100dbf43;0xc5;__thiscall;;uchar;void*;uint;float;uint
;FUN_100dc008;0x100dc008;0xc5;__thiscall;;uchar;void*;uint;uint;int
;FUN_100dc0cd;0x100dc0cd;0xf6;__thiscall;;uchar;void*;uint;uint;int
;FUN_100dc1c3;0x100dc1c3;0xeb;__thiscall;;uchar;void*;uint;uint;int
;FUN_100dc2ae;0x100dc2ae;0xd5;__thiscall;;uchar;void*;uint;uint;int
;FUN_100dc383;0x100dc383;0x105;__thiscall;;uchar;void*;uint;uint;int
;FUN_100dc488;0x100dc488;0x10b;__thiscall;;uchar;void*;uint;uint;int
;FUN_100dc593;0x100dc593;0x13a;__thiscall;;uchar;void*;uint;uint;int
;FUN_100dc6cd;0x100dc6cd;0xd6;__thiscall;;uchar;void*;uint;uint;int
;FUN_100dc7a3;0x100dc7a3;0x10a;__thiscall;;uchar;void*;uint;uint;int
;FUN_100dc8ad;0x100dc8ad;0x136;__thiscall;;uchar;void*;uint;uint;int
;FUN_100dc9e3;0x100dc9e3;0xc7;__thiscall;;uchar;void*;uint;uint;int
;FUN_100dcaaa;0x100dcaaa;0xc7;__thiscall;;uchar;void*;uint;uint;int
;FUN_100dcb71;0x100dcb71;0xee;__thiscall;;uchar;void*;uint;uint;int
;FUN_100dcc5f;0x100dcc5f;0xef;__thiscall;;uchar;void*;uint;uint;int
;FUN_100dcd4e;0x100dcd4e;0x15c;__thiscall;;uchar;void*;uint;uint;int
;FUN_100dceaa;0x100dceaa;0x8c;__thiscall;;uchar;void*;int;int;float*
;FUN_100dcf36;0x100dcf36;0xa6;__thiscall;;uchar;void*;int;int;float*
;FUN_100dcfdc;0x100dcfdc;0x9c;__thiscall;;uchar;void*;int;int;float*
;FUN_100dd078;0x100dd078;0xa5;__thiscall;;uchar;void*;int;int;float*
;FUN_100dd11d;0x100dd11d;0xa2;__thiscall;;uchar;void*;int;int;float*
;FUN_100dd1bf;0x100dd1bf;0xb0;__thiscall;;uchar;void*;int;int;float*
;FUN_100dd26f;0x100dd26f;0xaf;__thiscall;;uchar;void*;int;int;float*
;FUN_100dd31e;0x100dd31e;0xd6;__thiscall;;uchar;void*;int;int;float*
;FUN_100dd3f4;0x100dd3f4;0x92;__thiscall;;uchar;void*;int;int;float*
;FUN_100dd486;0x100dd486;0xa2;__thiscall;;uchar;void*;int;int;float*
;FUN_100dd528;0x100dd528;0x72;__thiscall;;uchar;void*;int;int;uint*
;FUN_100dd59a;0x100dd59a;0xb2;__thiscall;;uchar;void*;int;int;float*
;FUN_100dd64c;0x100dd64c;0x9f;__thiscall;;uchar;void*;int;int;float*
;FUN_100dd6eb;0x100dd6eb;0x87;__thiscall;;uchar;void*;int;int;uint*
;FUN_100dd772;0x100dd772;0x65;__thiscall;;uchar;void*;int;int;uint*
;FUN_100dd7d7;0x100dd7d7;0x6e;__thiscall;;uchar;void*;int;int;float*
;FUN_100dd845;0x100dd845;0x89;__thiscall;;uchar;void*;int;int;float*
;FUN_100dd8ce;0x100dd8ce;0x89;__thiscall;;uchar;void*;int;int;float*
;FUN_100dd957;0x100dd957;0x82;__thiscall;;uchar;void*;int;int;float*
;FUN_100dd9d9;0x100dd9d9;0xb1;__thiscall;;uchar;void*;int;int;float*
;FUN_100dda8a;0x100dda8a;0x91;__thiscall;;uchar;void*;int;int;float*
;FUN_100ddb1b;0x100ddb1b;0x97;__thiscall;;uchar;void*;int;int;float*
;FUN_100ddbb2;0x100ddbb2;0x83;__thiscall;;uchar;void*;int;int;float*
;FUN_100ddc35;0x100ddc35;0xba;__thiscall;;uchar;void*;int;int;float*
;FUN_100ddcef;0x100ddcef;0xd3;__thiscall;;uchar;void*;int;int;float*
;FUN_100dddc2;0x100dddc2;0x70;__thiscall;;uchar;void*;int;int;float*
;FUN_100dde32;0x100dde32;0x8e;__thiscall;;uchar;void*;int;int;float*
;FUN_100ddec0;0x100ddec0;0x8c;__thiscall;;uchar;void*;int;int;float*
;FUN_100ddf4c;0x100ddf4c;0xe0;__thiscall;;uchar;void*;int;int;float*
;FUN_100de02c;0x100de02c;0x1f;__thiscall;;uint*;void*;uint*
;FUN_100de04b;0x100de04b;0xf8;__stdcall;;uint*
;FUN_100de143;0x100de143;0x1f;__thiscall;;uint*;void*;uint*
;FUN_100de162;0x100de162;0x1f;__thiscall;;uint*;void*;uint*
;FUN_100de181;0x100de181;0x1f;__thiscall;;uint*;void*;uint*
;FUN_100de1a0;0x100de1a0;0x1ec;__fastcall;;uint;int
;FUN_100de38c;0x100de38c;0x1f;__thiscall;;uint*;void*;uint*
;FUN_100de3ab;0x100de3ab;0x1f;__thiscall;;uint*;void*;uint*
;FUN_100de3ca;0x100de3ca;0x1f;__thiscall;;uint*;void*;uchar
;FUN_100de3e9;0x100de3e9;0x2d1;__thiscall;;int;void*;uint;uint;uint
;FUN_100de6ba;0x100de6ba;0x1f;__thiscall;;uint*;void*;uint*
;FUN_100de6d9;0x100de6d9;0x1f;__thiscall;;uint*;void*;uint*
;FUN_100de6f8;0x100de6f8;0x1f;__thiscall;;uint*;void*;uint*
;FUN_100de717;0x100de717;0x1f;__thiscall;;uint*;void*;uint*
;FUN_100de736;0x100de736;0x1f;__thiscall;;uint*;void*;uint*
;FUN_100de755;0x100de755;0x8d;__thiscall;;uchar;void*;int;int;uint*
;FUN_100de7e2;0x100de7e2;0x1f;__thiscall;;uint*;void*;uint*
;FUN_100de801;0x100de801;0x6f;__thiscall;;uchar;void*;int;int;uint*
;FUN_100de870;0x100de870;0x1f;__thiscall;;uint*;void*;uint*
;FUN_100de88f;0x100de88f;0x1f5;__thiscall;;uint*;void*;uint*
;FUN_100dea84;0x100dea84;0x1f;__thiscall;;uint*;void*;uint*
;FUN_100deaa3;0x100deaa3;0x1f;__thiscall;;uint*;void*;uint*
;FUN_100deac2;0x100deac2;0x1f;__thiscall;;uint*;void*;uint*
;FUN_100deae1;0x100deae1;0x1f;__thiscall;;uint*;void*;uint*
;FUN_100deb00;0x100deb00;0x1f;__thiscall;;uchar*;void*;uchar
;FUN_100deb1f;0x100deb1f;0x1f;__thiscall;;uint*;void*;uint*
;FUN_100deb3e;0x100deb3e;0x101;__fastcall;;uchar;int
;FUN_100dec3f;0x100dec3f;0x1f;__thiscall;;uint*;void*;uint*
;FUN_100dec5e;0x100dec5e;0x1f;__thiscall;;uint*;void*;uint*
;FUN_100dec7d;0x100dec7d;0x1f;__thiscall;;uint*;void*;uint*
;FUN_100dec9c;0x100dec9c;0x1f;__thiscall;;uint*;void*;uint*
;FUN_100decc0;0x100decc0;0x1f;__thiscall;;uint*;void*;uint*
;FUN_100decdf;0x100decdf;0x1f;__thiscall;;uint*;void*;uint*
;FUN_100decfe;0x100decfe;0x1f;__thiscall;;uint*;void*;uint*
;FUN_100ded1d;0x100ded1d;0x1f;__thiscall;;uint*;void*;uint*
;FUN_100ded3c;0x100ded3c;0x1f;__thiscall;;uint*;void*;uint*
;FUN_100ded5b;0x100ded5b;0x2a9;__stdcall;;uchar
;FUN_100df004;0x100df004;0x1f;__thiscall;;uint*;void*;uint*
;FUN_100df023;0x100df023;0x1f;__thiscall;;uint*;void*;uint*
;FUN_100df042;0x100df042;0x1f;__thiscall;;uint*;void*;uint*
;FUN_100df061;0x100df061;0x1b;__thiscall;;uint*;void*;uint*
;FUN_100df07c;0x100df07c;0x1b;__thiscall;;uint*;void*;uint*
;FUN_100df097;0x100df097;0x1b;__thiscall;;uint*;void*;uint*
;FUN_100df0b2;0x100df0b2;0x1b;__thiscall;;uint*;void*;uint*
;FUN_100df0d2;0x100df0d2;0x1b;__thiscall;;uint*;void*;uint*
;FUN_100df0ed;0x100df0ed;0x1f;__thiscall;;uchar*;void*;uchar
;FUN_100df10c;0x100df10c;0x49;__stdcall;;uchar
;FUN_100df155;0x100df155;0x1b;__fastcall;;uint*;uint*;uchar;uint
;FUN_100df170;0x100df170;0x1b;__fastcall;;uint*;uint*;uchar;uint
;FUN_100df18b;0x100df18b;0x720;__stdcall;;int*
;FUN_100df8e7;0x100df8e7;0x1f;__thiscall;;uchar*;void*;uchar
;FUN_100df90b;0x100df90b;0x1f;__thiscall;;uchar*;void*;uchar
;FUN_100df930;0x100df930;0x10b;__cdecl;;uchar;uint*
;FUN_100dfa40;0x100dfa40;0x10f;__cdecl;;uchar;uint*
;FUN_100dfb50;0x100dfb50;0x304;__cdecl;;uchar;uint*
;FUN_100dfe60;0x100dfe60;0x88;__stdcall;;undefined8
;Catch@100dfee8;0x100dfee8;0xd;__stdcall;;uchar*
;FUN_100dfef5;0x100dfef5;0xc1;__stdcall;;undefined8
;FUN_100dffbe;0x100dffbe;0x7e;__stdcall;;float*;float*;float*;float*
;FUN_100e003c;0x100e003c;0x4a;__stdcall;;float*;float*;float*;float*
;FUN_100e0086;0x100e0086;0xac;__stdcall;;float*;float*;float*;float*
;FUN_100e0132;0x100e0132;0x74;__stdcall;;float*;float*;float*;float*
;FUN_100e01a6;0x100e01a6;0xba;__stdcall;;float*;float*;float*;float*
;FUN_100e0260;0x100e0260;0xdd;__stdcall;;float*;float*;float*
;FUN_100e033d;0x100e033d;0x101;__stdcall;;float*;float*;float*;float*
;FUN_100e043e;0x100e043e;0xae;__stdcall;;float*;float*;float*;float*
;FUN_100e04ec;0x100e04ec;0x3f;__cdecl;;uchar;uint*
;FUN_100e052b;0x100e052b;0x4b;__fastcall;;uchar;uint*
;FUN_100e0576;0x100e0576;0x102;__fastcall;;uchar;int
;FUN_100e0678;0x100e0678;0x1f;__thiscall;;uchar*;void*;uchar
;FUN_100e0697;0x100e0697;0x97;__fastcall;;uint;int
;FUN_100e072e;0x100e072e;0x3e;__fastcall;;uint;int
;FUN_100e076c;0x100e076c;0x7b;__fastcall;;uint;int
;FUN_100e07e7;0x100e07e7;0xba;__fastcall;;int;int
;FUN_100e08a1;0x100e08a1;0x23;__fastcall;;uint;int
;FUN_100e08c4;0x100e08c4;0xc;__fastcall;;uchar;int*
;FUN_100e08d0;0x100e08d0;0x141;__thiscall;;int;void*;int*
;FUN_100e0a11;0x100e0a11;0x514;__thiscall;;uint*;void*;uint*;wchar_t*;uint;int*;uint;uint;wchar_t*
;FUN_100e0f25;0x100e0f25;0x76;__cdecl;;int;int*;uint*
;FUN_100e0f9b;0x100e0f9b;0xc1;__cdecl;;uchar;int*;int;int
;FUN_100e105c;0x100e105c;0x9;__stdcall;;uchar;int
;FUN_100e1065;0x100e1065;0x173;__stdcall;;uchar
;FUN_100e11d8;0x100e11d8;0x9d;__cdecl;;int;int*
;FUN_100e1275;0x100e1275;0xaa;__cdecl;;uint;int*
;FUN_100e131f;0x100e131f;0x65;__cdecl;;int;int*;char
;FUN_100e1384;0x100e1384;0xab;__stdcall;;uint
;FUN_100e142f;0x100e142f;0x84;__cdecl;;int*;int*;uint;uint
;FUN_100e14b3;0x100e14b3;0xc7;__cdecl;;uint;int*
;FUN_100e157a;0x100e157a;0x8e;__stdcall;;uint
;FUN_100e1608;0x100e1608;0x2fb;__thiscall;;uint;uchar;uint
;FUN_100e1903;0x100e1903;0x2b2;__stdcall;;uint
;FUN_100e1bb5;0x100e1bb5;0x23c;__cdecl;;uint;int*
;FUN_100e1df1;0x100e1df1;0x17a;__cdecl;;uint;int*
;FUN_100e1f6b;0x100e1f6b;0x157;__stdcall;;uint
;FUN_100e20c2;0x100e20c2;0x294;__stdcall;;uint
;FUN_100e2356;0x100e2356;0x229;__stdcall;;uint
;FUN_100e257f;0x100e257f;0xd7;__cdecl;;uint;int*
;FUN_100e2656;0x100e2656;0x9c;__cdecl;;uint;int*
;FUN_100e26f2;0x100e26f2;0xd7;__cdecl;;uint;int*
;FUN_100e27c9;0x100e27c9;0x97;__cdecl;;uint;int*
;FUN_100e2860;0x100e2860;0x1f0;__cdecl;;uint;int*
;FUN_100e2a50;0x100e2a50;0x81;__cdecl;;uint;int*
;FUN_100e2ad1;0x100e2ad1;0xed;__cdecl;;uint;int*;int
;FUN_100e2bbe;0x100e2bbe;0x2d;__cdecl;;uchar;int
;FUN_100e2beb;0x100e2beb;0x80;__cdecl;;uchar;int
;FUN_100e2c6b;0x100e2c6b;0x1d;__stdcall;;uchar;int*
;FUN_100e2c88;0x100e2c88;0x1d;__cdecl;;uchar;int*
;FUN_100e2ca5;0x100e2ca5;0x33;__cdecl;;uchar;int*;int
;FUN_100e2cd8;0x100e2cd8;0x98;__cdecl;;uchar;int*;uchar*
;FUN_100e2d70;0x100e2d70;0x14;__cdecl;;uchar;int*
;FUN_100e2d84;0x100e2d84;0x4f;__cdecl;;uchar;uint*
;FUN_100e2dd3;0x100e2dd3;0x88;__thiscall;;uchar;void*;int;uint*
;FUN_100e2e5b;0x100e2e5b;0x1a;__cdecl;;uchar;int;uint;uint;uint
;FUN_100e2e75;0x100e2e75;0x1e;__stdcall;;uchar;int*;uint
;FUN_100e2e94;0x100e2e94;0x17;__cdecl;;uchar;int;uint
;FUN_100e2eab;0x100e2eab;0x25;__cdecl;;uchar;int*;uint*
;FUN_100e2ed0;0x100e2ed0;0x25;__cdecl;;uchar;int;uint*
;FUN_100e2ef5;0x100e2ef5;0x103;__cdecl;;int*;char*;uint;uint;uint
;FUN_100e2ff8;0x100e2ff8;0x173;__cdecl;;uchar;int*;uint*
;FUN_100e316b;0x100e316b;0x22;__cdecl;;uchar;int*;int*
;FUN_100e318d;0x100e318d;0x3a7;__thiscall;;uchar;void*;int*;uchar*;uchar*
;FUN_100e3534;0x100e3534;0x4d;__cdecl;;uchar;int*;uint*
;FUN_100e3581;0x100e3581;0x123;__cdecl;;uchar;uint*;uint*;uint*
;FUN_100e36a4;0x100e36a4;0x81;__cdecl;;uchar;uint*;uint*;uint*
;FUN_100e3725;0x100e3725;0x1c;__cdecl;;uint;int;int;uint
;FUN_100e3741;0x100e3741;0x19;__cdecl;;uint;int;int
;FUN_100e375a;0x100e375a;0x19;__cdecl;;uchar;int;int
;FUN_100e3773;0x100e3773;0x2b;__cdecl;;uint;int;int;double*
;FUN_100e379e;0x100e379e;0x2d;__cdecl;;uint;int;int;uint*
;FUN_100e37cb;0x100e37cb;0xd1;__cdecl;;uint;int;uint*;uint*;uint*;uint*;uint*;uint*;uint*;uint*
;FUN_100e389c;0x100e389c;0x34;__cdecl;;uint;int;int;uint*;uint*
;FUN_100e38d0;0x100e38d0;0x67;__cdecl;;uint;int;int;uint*;uint*;int*
;FUN_100e3937;0x100e3937;0xc;__cdecl;;uchar;int
;FUN_100e3943;0x100e3943;0x15;__cdecl;;uchar;int
;FUN_100e3958;0x100e3958;0x1c;__cdecl;;uchar;int
;FUN_100e3974;0x100e3974;0x1d;__cdecl;;uint;int
;FUN_100e3991;0x100e3991;0x4e;__cdecl;;uchar;int;uchar;int
;FUN_100e39df;0x100e39df;0x2f;__cdecl;;uchar;int*;uchar*
;FUN_100e3a0e;0x100e3a0e;0xbf;__cdecl;;uchar;int*;uchar*
;FUN_100e3acd;0x100e3acd;0x37;__cdecl;;uchar;int;double;double
;FUN_100e3b04;0x100e3b04;0xc;__cdecl;;uchar;int
;FUN_100e3b10;0x100e3b10;0xe5;__cdecl;;uchar;int;int*
;FUN_100e3bf5;0x100e3bf5;0x110;__cdecl;;uchar;int*;int
;FUN_100e3d05;0x100e3d05;0x177;__cdecl;;uchar*;uchar*;uchar*;uchar*
;FUN_100e3e7c;0x100e3e7c;0x46;__cdecl;;uchar;int*;uchar*
;FUN_100e3ec2;0x100e3ec2;0x238;__cdecl;;uchar;uint*;int;uint;uchar
;FUN_100e40fa;0x100e40fa;0x34e;__cdecl;;uchar;int*;uchar*;int;int;uchar
;FUN_100e4448;0x100e4448;0x208;__cdecl;;uchar;uint*;int;int;int;int
;FUN_100e4650;0x100e4650;0x352;__cdecl;;uchar;int*;int;int
;FUN_100e49a2;0x100e49a2;0x10e;__cdecl;;uchar;int*;uchar*;int;int
;FUN_100e4ab0;0x100e4ab0;0x309;__cdecl;;uchar;int*
;FUN_100e4db9;0x100e4db9;0x113;__cdecl;;uchar;int*
;FUN_100e4ecc;0x100e4ecc;0x1bb;__cdecl;;uchar;int*
;FUN_100e5087;0x100e5087;0x1c;__cdecl;;uchar;int;int;double
;FUN_100e50a3;0x100e50a3;0xa1;__cdecl;;uchar;int;uint*;uint;uint;char;uchar;uchar;uchar;uchar
;FUN_100e5144;0x100e5144;0x24;__cdecl;;uchar;int;int;uint;ushort
;FUN_100e5168;0x100e5168;0x1c;__cdecl;;uchar;int;int;uchar
;FUN_100e5184;0x100e5184;0x39;__cdecl;;uchar;int;int;uchar
;FUN_100e51bd;0x100e51bd;0x47;__cdecl;;uchar;int;int;int;int;uint*
;FUN_100e5204;0x100e5204;0x2a;__cdecl;;uchar;int*;uint;uint
;FUN_100e522e;0x100e522e;0x40;__cdecl;;uchar;int;uint;uint
;FUN_100e526e;0x100e526e;0x4a;__cdecl;;int;int;uint;uint
;FUN_100e52b8;0x100e52b8;0x54;__cdecl;;uint*;int*;int;int
;FUN_100e530c;0x100e530c;0x9;__stdcall;;uchar;int;uchar*
;FUN_100e5315;0x100e5315;0x1b;__cdecl;;uchar;int
;FUN_100e5330;0x100e5330;0x41;__cdecl;;uchar;int;uchar*;uint
;FUN_100e5371;0x100e5371;0x11;__cdecl;;uchar;uint;uint*
;FUN_100e5382;0x100e5382;0x2a;__cdecl;;uint*;int
;FUN_100e53ac;0x100e53ac;0x4c;__fastcall;;uchar;uint
;FUN_100e53f8;0x100e53f8;0x7e;__fastcall;;uint;float*
;FUN_100e5476;0x100e5476;0x30;__fastcall;;uint;float*
;FUN_100e54a6;0x100e54a6;0x20;__fastcall;;uchar;uint
;FUN_100e54c6;0x100e54c6;0xfa;__fastcall;;uint;float*
;FUN_100e55c0;0x100e55c0;0x305;__cdecl;;uchar;float*;float*;int;uint
;FUN_100e58c5;0x100e58c5;0x572;__cdecl;;uchar;float*;float*;int;float
;FUN_100e5e37;0x100e5e37;0x8cb;__cdecl;;uint;ushort*;float
;FUN_100e6702;0x100e6702;0x13e;__cdecl;;uint;float*;ushort*
;FUN_100e6840;0x100e6840;0x83;__cdecl;;int;float*;uint*
;FUN_100e68c3;0x100e68c3;0x13c;__cdecl;;int;float*;uchar*
;FUN_100e69ff;0x100e69ff;0x1a;__cdecl;;int;ushort*
;FUN_100e6a19;0x100e6a19;0x114;__cdecl;;uchar;uint*;int
;FUN_100e6b2d;0x100e6b2d;0x471;__cdecl;;int;char*;int
;FUN_100e6f9e;0x100e6f9e;0x24;__cdecl;;int;float*;uint*
;FUN_100e6fc2;0x100e6fc2;0x24;__cdecl;;int;float*;uchar*
;FUN_100e6fe6;0x100e6fe6;0x34;__cdecl;;int;uint*
;FUN_100e701a;0x100e701a;0x34;__cdecl;;int;char*
;FUN_100e7050;0x100e7050;0x58;__cdecl;;uint*;uint*
;FUN_100e70b0;0x100e70b0;0xa8;__cdecl;;uint*;uint*
;FUN_100e7160;0x100e7160;0x59;__cdecl;;uint*;uint*
;FUN_100e71c0;0x100e71c0;0x59;__cdecl;;uint*;uint*
;FUN_100e7220;0x100e7220;0x59;__cdecl;;uint*;uint*
;FUN_100e7280;0x100e7280;0x46;__cdecl;;uint*;uint*
;FUN_100e72d0;0x100e72d0;0x117;__cdecl;;uchar;uint*
;FUN_100e73f0;0x100e73f0;0xc;__fastcall;;uint;uint
;FUN_100e7400;0x100e7400;0x39;__thiscall;;uint*;void*;uint
;FUN_100e7440;0x100e7440;0x26;__stdcall;;uchar
;FUN_100e7470;0x100e7470;0x54;__fastcall;;uint*;uint*;uchar;uint
;FUN_100e74d0;0x100e74d0;0x35;__thiscall;;uint*;void*;uint
;FUN_100e7510;0x100e7510;0x11;__fastcall;;uint*;uint*
;FUN_100e8d70;0x100e8d70;0x6c;__stdcall;;float*;float*;float*;float*;float*;float;float
;FUN_100eb3b0;0x100eb3b0;0xc3;__stdcall;;int;undefined8*;undefined8*;uint*
;FUN_100eb9d0;0x100eb9d0;0x23;__stdcall;;uint;undefined8*;ulonglong*;uint
;FUN_100eb9f3;0x100eb9f3;0x6c;__stdcall;;uchar;undefined8*;ulonglong*;uint
;FUN_100eba60;0x100eba60;0x162;__stdcall;;undefined8*;undefined8*;undefined8*;undefined8*;uint
;FUN_100ebbd0;0x100ebbd0;0x33;__stdcall;;undefined8*;undefined8*;undefined8*;undefined8*;undefined8*;uint;uint
;FUN_100ebc03;0x100ebc03;0x8d;__stdcall;;undefined8*;undefined8*;undefined8*;undefined8*;undefined8*;uint;uint
;FUN_100ebcc2;0x100ebcc2;0x92;__stdcall;;uchar;undefined8*;undefined8*;undefined8*;undefined8*;undefined8*;uint
;FUN_100ebde0;0x100ebde0;0x23;__stdcall;;uint;undefined8*;undefined8*
;FUN_100ebe03;0x100ebe03;0xa7;__stdcall;;uchar;undefined8*;undefined8*
;FUN_100ebfad;0x100ebfad;0xa59;__stdcall;;uchar;undefined8*;undefined8*;ulonglong*;ulonglong*;ulonglong*;ulonglong*;ulonglong*
;FUN_100eca10;0x100eca10;0x258;__stdcall;;undefined8*;undefined8*;undefined8*;undefined8*
;FUN_100ecd60;0x100ecd60;0x2f;__stdcall;;undefined8*;undefined8*;uint*;undefined8*
;FUN_100ece00;0x100ece00;0x116;__stdcall;;undefined8*;undefined8*;undefined8*;ulonglong*
;FUN_100ecf20;0x100ecf20;0xff;__stdcall;;undefined8*;undefined8*;ulonglong*
;FUN_100ed270;0x100ed270;0x39;__cdecl;;uchar;undefined8*
;FUN_100ed482;0x100ed482;0x1198;__stdcall;;uchar;ulonglong*;undefined8*;undefined8*;ulonglong*;undefined8*;undefined8*;undefined8*
;FUN_100ee632;0x100ee632;0x1a5;__stdcall;;uchar;undefined8*;undefined8;undefined8
;FUN_100eed4a;0x100eed4a;0x119;__stdcall;;uchar;undefined8*;ulonglong*
;FUN_100eee82;0x100eee82;0x1154;__stdcall;;uchar;ulonglong*;undefined8*;undefined8*;ulonglong*;undefined8*;undefined8*;undefined8*
;FUN_100effe0;0x100effe0;0x2f9;__stdcall;;undefined8*;undefined8*;uint*;undefined8*
;FUN_100f02e0;0x100f02e0;0x41e;__stdcall;;undefined8*;undefined8*;undefined8*;undefined8*
;FUN_100f0700;0x100f0700;0x349;__stdcall;;undefined8*;undefined8*;uint*;undefined8*
;FUN_100f0a50;0x100f0a50;0x87;__stdcall;;undefined8*;undefined8*;undefined8*;undefined8*
;FUN_100f0ae0;0x100f0ae0;0x7d;__stdcall;;undefined8*;undefined8*;undefined8*;undefined8*
;FUN_100f0b60;0x100f0b60;0x79;__stdcall;;undefined8*;undefined8*;ulonglong*
;FUN_100f0be0;0x100f0be0;0x2e;__stdcall;;undefined8*;undefined8*;undefined8*;undefined8*
;FUN_100f0c10;0x100f0c10;0x172;__stdcall;;ulonglong*;ulonglong*;undefined8*;undefined8*;undefined8*;undefined8*;undefined8*
;FUN_100f0db0;0x100f0db0;0x220;__stdcall;;ulonglong*;ulonglong*;undefined8*;undefined8*;undefined8*;undefined8*;undefined8*
;FUN_100f12c0;0x100f12c0;0x201;__stdcall;;ulonglong*;ulonglong*;undefined8*;undefined8*;undefined8*;undefined8*;undefined8*
;FUN_100f14f0;0x100f14f0;0xa4;__stdcall;;undefined8*;undefined8*;undefined8*;undefined8*
;FUN_100f15a0;0x100f15a0;0x1e0;__stdcall;;undefined8*;undefined8*;undefined8*;undefined8*
;FUN_100f1780;0x100f1780;0x6b;__stdcall;;undefined8*;undefined8*;undefined8*;undefined8*
;FUN_100f17f0;0x100f17f0;0x4f;__stdcall;;undefined8*;undefined8*;undefined8*;undefined8*
;FUN_100f1840;0x100f1840;0x7a;__stdcall;;undefined8*;undefined8*;undefined8*;undefined8*
;FUN_100f1b50;0x100f1b50;0x98;__stdcall;;undefined8*;undefined8*;undefined8*;undefined8*
;FUN_100f22f0;0x100f22f0;0x7e;__stdcall;;undefined8*;undefined8*;ulonglong*
;FUN_100f2410;0x100f2410;0x12;__cdecl;;int;int;int
;FUN_100f2422;0x100f2422;0x1a;__cdecl;;int;int;int
;FUN_100f243c;0x100f243c;0x47;__cdecl;;uchar;int;int;int;int;int;uint
;FUN_100f2483;0x100f2483;0x23;__cdecl;;uchar;uint*;uint*;int
;FUN_100f24a6;0x100f24a6;0x1d;__cdecl;;uchar;uint*;uint
;FUN_100f24c3;0x100f24c3;0x32;__stdcall;;uint
;FUN_100f24f5;0x100f24f5;0x1bb;__stdcall;;uchar
;FUN_100f26b0;0x100f26b0;0x176;__stdcall;;uint
;FUN_100f2826;0x100f2826;0x92;__stdcall;;uchar
;FUN_100f28b8;0x100f28b8;0x3d;__cdecl;;uchar;int
;FUN_100f28f5;0x100f28f5;0x96;__cdecl;;int;int*
;FUN_100f298b;0x100f298b;0x3a;__cdecl;;uchar;int*
;FUN_100f29c5;0x100f29c5;0x14;__cdecl;;uchar;int
;FUN_100f29d9;0x100f29d9;0x44;__cdecl;;uchar;int
;FUN_100f2a1d;0x100f2a1d;0x15;__fastcall;;uchar;uint;uint
;FUN_100f2a32;0x100f2a32;0xfc;__thiscall;;int;void*;int*;int;uint*
;FUN_100f2b2e;0x100f2b2e;0x8e;__thiscall;;uint*;void*;int*;int;uint
;FUN_100f2bbc;0x100f2bbc;0x92;__cdecl;;int;int*;int;uint;void*
;FUN_100f2c4e;0x100f2c4e;0x9e;__cdecl;;int;int*;int;int;void*
;FUN_100f2cec;0x100f2cec;0x61;__thiscall;;uchar;void*;int*;int;uchar;uint;uint;uint
;FUN_100f2d4d;0x100f2d4d;0x61;__thiscall;;uchar;void*;int*;int;uchar;uint;uint;uint
;FUN_100f2dae;0x100f2dae;0x17f;__cdecl;;uchar;int*
;FUN_100f2f2d;0x100f2f2d;0x88;__cdecl;;uchar;uint;char
;FUN_100f2fb5;0x100f2fb5;0x8b;__cdecl;;uchar;uint;char
;FUN_100f3040;0x100f3040;0x11e;__cdecl;;int;int*;int*;uint;uint;char
;FUN_100f315e;0x100f315e;0x123;__cdecl;;int;int*;int*;uint;uint;char
;FUN_100f3281;0x100f3281;0xe1;__cdecl;;uchar;int*;int
;FUN_100f3362;0x100f3362;0x33;__cdecl;;uchar;int*
;FUN_100f3395;0x100f3395;0xb7;__cdecl;;uchar;int*
;FUN_100f344c;0x100f344c;0x25;__cdecl;;uchar;int
;FUN_100f3471;0x100f3471;0x1e;__cdecl;;uchar;int
;FUN_100f348f;0x100f348f;0x1f;__cdecl;;uchar;int
;FUN_100f34ae;0x100f34ae;0x1f;__cdecl;;uchar;int
;FUN_100f34cd;0x100f34cd;0x71;__fastcall;;uint;uint;int
;FUN_100f353e;0x100f353e;0x1ef;__cdecl;;uchar;int*
;FUN_100f372d;0x100f372d;0x6f;__stdcall;;uchar
;FUN_100f379c;0x100f379c;0x1ad;__stdcall;;uchar
;FUN_100f3949;0x100f3949;0x130;__cdecl;;uchar;int*
;FUN_100f3a79;0x100f3a79;0x24;__cdecl;;uchar;int
;FUN_100f3a9d;0x100f3a9d;0x33;__cdecl;;uchar;int
;FUN_100f3ad0;0x100f3ad0;0x43;__cdecl;;uint;int
;FUN_100f3b13;0x100f3b13;0x41;__cdecl;;uint;int
;FUN_100f3b54;0x100f3b54;0xe5;__cdecl;;uint;int;int;char*;int
;FUN_100f3c39;0x100f3c39;0x18;__cdecl;;uchar;int;char*;int
;FUN_100f3c51;0x100f3c51;0x33d;__cdecl;;uchar*;uchar*;uchar*
;FUN_100f3fc6;0x100f3fc6;0x44;__cdecl;;uint*;int
;FUN_100f400a;0x100f400a;0x11;__cdecl;;uchar;uchar*
;FUN_100f401b;0x100f401b;0x37;__cdecl;;void*;int*;uint
;FUN_100f4052;0x100f4052;0x1a;__cdecl;;uchar;int;uchar*
;FUN_100f406c;0x100f406c;0x24;__cdecl;;uint*;uint;uint*;uint*;uint
;FUN_100f4090;0x100f4090;0x32;__cdecl;;uint*;uint;uint*;uchar;uint
;FUN_100f40c2;0x100f40c2;0x26;__cdecl;;uint;uchar*
;FUN_100f40e8;0x100f40e8;0x16;__cdecl;;int;uchar*
;FUN_100f40fe;0x100f40fe;0x1a;__cdecl;;uchar;int*;uchar*;uint
;FUN_100f4118;0x100f4118;0x5e;__cdecl;;bool;int*
;FUN_100f4176;0x100f4176;0x64;__cdecl;;uchar;int*;uchar*
;FUN_100f41da;0x100f41da;0x216;__cdecl;;uchar;int;uchar*;uint
;FUN_100f43f0;0x100f43f0;0x2c9;__cdecl;;uchar;uint*;int*;int
;FUN_100f46b9;0x100f46b9;0x17b;__cdecl;;uchar;int;int;uchar*;uchar*;int
;FUN_100f4834;0x100f4834;0x19f;__cdecl;;uchar;int*
;FUN_100f49d3;0x100f49d3;0x8e;__cdecl;;uint;int*;uint
;FUN_100f4a61;0x100f4a61;0x1f6;__cdecl;;uchar;int*;uint*;int
;FUN_100f4c57;0x100f4c57;0x12a;__thiscall;;uchar;void*;int*;int;uint
;FUN_100f4d81;0x100f4d81;0x4a;__cdecl;;uchar;int*;int;uint
;FUN_100f4dcb;0x100f4dcb;0x10b;__cdecl;;uchar;int*;int;uint
;FUN_100f4ed6;0x100f4ed6;0xef;__cdecl;;uchar;int*;int;uint
;FUN_100f4fc5;0x100f4fc5;0x1b4;__cdecl;;uchar;int*;int;uint
;FUN_100f5179;0x100f5179;0x4b;__cdecl;;uchar;int*;int;uint
;FUN_100f51c4;0x100f51c4;0x22c;__thiscall;;uchar;void*;int*
;FUN_100f53f0;0x100f53f0;0x109;__cdecl;;uint;uint;uchar*;uint
;FUN_100f5500;0x100f5500;0x1ec;__cdecl;;uchar;uint*;uint*;uint*
;FUN_100f56f0;0x100f56f0;0xe8;__stdcall;;uchar
;FUN_100f57e0;0x100f57e0;0x149;__cdecl;;uchar;uint*;uint*;uint*
;FUN_100f5a00;0x100f5a00;0xf5;__stdcall;;ulonglong
;FUN_100f5b00;0x100f5b00;0xf7;__stdcall;;ulonglong
;FUN_100f60e0;0x100f60e0;0x113;__stdcall;;ulonglong
;FUN_100f6200;0x100f6200;0x115;__stdcall;;uchar
;FUN_100f65f8;0x100f65f8;0xe;__cdecl;;uchar;uint;uint
;FUN_100f6606;0x100f6606;0xe;__cdecl;;uchar;uint;uchar*
;FUN_100f6614;0x100f6614;0x8;__cdecl;;uint;uint;uint;uint
;FUN_100f661c;0x100f661c;0x17;__cdecl;;uchar;int*
;FUN_100f6633;0x100f6633;0xa8;__stdcall;;uchar
;FUN_100f66db;0x100f66db;0x131;__stdcall;;uchar
;FUN_100f680c;0x100f680c;0xd4;__stdcall;;uchar
;FUN_100f68e0;0x100f68e0;0x96;__stdcall;;uchar
;FUN_100f6976;0x100f6976;0x68;__cdecl;;uchar;int;uint;uint;uint
;FUN_100f69de;0x100f69de;0x108;__cdecl;;uchar;int;uint;uint*;uint
;FUN_100f6ae6;0x100f6ae6;0x23;__cdecl;;uchar;int;uint;uint;uint
;FUN_100f6b09;0x100f6b09;0x6a;__cdecl;;uchar;int*;int
;FUN_100f6b73;0x100f6b73;0xd3;__cdecl;;uchar;int*;char
;FUN_100f6c46;0x100f6c46;0x3f;__fastcall;;uchar;int
;FUN_100f6c85;0x100f6c85;0x13;__cdecl;;uchar;int
;FUN_100f6c98;0x100f6c98;0x1da;__cdecl;;uint;int;int
;FUN_100f6e75;0x100f6e75;0x19f;__cdecl;;uint;int
;FUN_100f7014;0x100f7014;0x166;__cdecl;;int;uint;int
;FUN_100f717a;0x100f717a;0xe3;__stdcall;;uint
;FUN_100f725d;0x100f725d;0x52a;__cdecl;;int;int;int
;FUN_100f7787;0x100f7787;0x3e;__cdecl;;uchar;int
;FUN_100f77c5;0x100f77c5;0xf8;__cdecl;;uchar;int;char
;FUN_100f78bd;0x100f78bd;0x1aa;__cdecl;;uchar;int;int;int*
;FUN_100f7a67;0x100f7a67;0xea;__cdecl;;uint;uint*;uint;int;int
;FUN_100f7b51;0x100f7b51;0xea;__cdecl;;uint;uint*;uint;int;int;int*
;FUN_100f7c3b;0x100f7c3b;0x5f;__cdecl;;uint;int
;FUN_100f7c9a;0x100f7c9a;0x3cd;__cdecl;;uint;int;int
;FUN_100f8067;0x100f8067;0x12f;__cdecl;;uchar;int*
;FUN_100f8196;0x100f8196;0x3d;__cdecl;;uchar;int
;FUN_100f81d3;0x100f81d3;0x59;__stdcall;;uint
;FUN_100f822c;0x100f822c;0x1fd;__cdecl;;uint;uint;int
;FUN_100f8429;0x100f8429;0x229;__cdecl;;uint;uint;int*
;FUN_100f8652;0x100f8652;0xe2;__cdecl;;uint;int;int
;FUN_100f8734;0x100f8734;0x36e;__cdecl;;uint;int*;int*
;FUN_100f8aa2;0x100f8aa2;0x2a3;__cdecl;;uchar;int*
;FUN_100f8d45;0x100f8d45;0x64;__cdecl;;uchar;int
;FUN_100f8da9;0x100f8da9;0x1b7;__cdecl;;uchar;uchar*
;FUN_100f8f60;0x100f8f60;0x74;__cdecl;;uchar;uint*
;FUN_100f8fd4;0x100f8fd4;0x65;__cdecl;;uchar;int;uint;uint;uint;int;int*;int
;FUN_100f9039;0x100f9039;0x90;__cdecl;;uchar;int;uint;uint;uint;uint;int*
;FUN_100f90c9;0x100f90c9;0x8c;__cdecl;;uchar;int
;FUN_100f9155;0x100f9155;0xa8;__cdecl;;uchar;int*;int
;FUN_100f91fd;0x100f91fd;0x84;__cdecl;;uchar;int;char
;FUN_100f9281;0x100f9281;0x1d;__cdecl;;uchar;int
;FUN_100f929e;0x100f929e;0xc6;__cdecl;;uchar;int;int;int*;uint;int;int*;int
;FUN_100f9364;0x100f9364;0xd;__cdecl;;uchar;uint;uint;uint;uint*
;FUN_100f9371;0x100f9371;0xb;__stdcall;;uchar;uchar;uchar;uchar;uint
;FUN_100f937c;0x100f937c;0xdd;__cdecl;;uchar;int;uint*;uint*;int*
;FUN_100f9459;0x100f9459;0x57;__cdecl;;uchar;int;uint;int;uint*
;FUN_100f94b0;0x100f94b0;0x6a;__cdecl;;uchar;int;uint;uint*;int*
;FUN_100f951a;0x100f951a;0xa4;__cdecl;;uchar;int;int;int;uint*
;FUN_100f95be;0x100f95be;0x107;__cdecl;;uchar;int;int;uint*;int*
;FUN_100f96c5;0x100f96c5;0x1c1;__cdecl;;uchar;int*
;FUN_100f9886;0x100f9886;0xb0;__stdcall;;uchar
;FUN_100f9936;0x100f9936;0x6b;__cdecl;;uchar;int;int;int;int*;int
;FUN_100f99a1;0x100f99a1;0x23;__cdecl;;uchar;int;int*;int;int;int
;FUN_100f99c4;0x100f99c4;0x132;__cdecl;;uchar;int;int*;int;uint*;int
;FUN_100f9af6;0x100f9af6;0x13c;__cdecl;;uchar;uint;uint*;uint*;uint*;uint*
;FUN_100f9c32;0x100f9c32;0x21e;__cdecl;;uchar;int;int*;int;uint*;int
;FUN_100f9e50;0x100f9e50;0x122;__cdecl;;uchar;int*
;FUN_100fa022;0x100fa022;0x18;__cdecl;;uchar;int
;FUN_100fa03a;0x100fa03a;0xa6;__cdecl;;uchar;int;uint;int*;uint;int;int*;int
;FUN_100fa0e0;0x100fa0e0;0x31;__cdecl;;uchar;int;uint;int*;uint;int;int*
;FUN_100fa111;0x100fa111;0x156;__cdecl;;uchar;int;int*;int;uint*
;FUN_100fa267;0x100fa267;0x1e6;__cdecl;;uchar;int;int*;int;uint*
;FUN_100fa44d;0x100fa44d;0x128;__cdecl;;uchar;int
;FUN_100fa4c5;0x100fa4c5;0x6c;__cdecl;;uchar;int;int;uint;int
;FUN_100fa531;0x100fa531;0x338;__stdcall;;uchar
;FUN_100fa869;0x100fa869;0x153;__cdecl;;uchar;uint;int;int;int
;FUN_100fa9bc;0x100fa9bc;0x138;__cdecl;;uchar;int
;FUN_100faaf4;0x100faaf4;0x8d;__cdecl;;uchar;int
;FUN_100fab81;0x100fab81;0x180;__cdecl;;uchar;int;int;int
;FUN_100fad01;0x100fad01;0x11a;__cdecl;;uchar;int;int;int;int;int;int;uchar*
;FUN_100fae1b;0x100fae1b;0xd0;__cdecl;;uchar;int;int;int
;FUN_100faeeb;0x100faeeb;0xa9;__cdecl;;uchar;int;int;int*;int
;FUN_100faf94;0x100faf94;0x26e;__cdecl;;uchar;int;int;int*;int
;FUN_100fb202;0x100fb202;0x90;__stdcall;;uchar
;FUN_100fb292;0x100fb292;0x25;__cdecl;;uchar;int
;FUN_100fb2b7;0x100fb2b7;0x102;__cdecl;;uchar;int*;char
;FUN_100fb3b9;0x100fb3b9;0x12;__cdecl;;uchar;int
;FUN_100fb3cb;0x100fb3cb;0x11d;__cdecl;;uchar;int*
;FUN_100fb4e8;0x100fb4e8;0xcb;__cdecl;;int;int*;int*
;FUN_100fb5b3;0x100fb5b3;0x12d;__stdcall;;uchar
;FUN_100fb6e0;0x100fb6e0;0x12b;__cdecl;;uchar;int
;FUN_100fb80b;0x100fb80b;0xc5;__stdcall;;uchar
;FUN_100fb8d0;0x100fb8d0;0x88;__cdecl;;uchar;int;int;uint*;int
;FUN_100fb958;0x100fb958;0x8d;__cdecl;;uchar;int;int;int*;int
;FUN_100fb9e5;0x100fb9e5;0xeb;__cdecl;;uchar;int;int;uint*;uint
;FUN_100fbad0;0x100fbad0;0xff;__cdecl;;uchar;uint;int;int*;int
;FUN_100fbbcf;0x100fbbcf;0x184;__cdecl;;uchar;int;int;uint*;uint*
;FUN_100fbd53;0x100fbd53;0x3e;__stdcall;;uchar
;FUN_100fbd91;0x100fbd91;0xd1;__cdecl;;uchar;int*
;FUN_100fbe63;0x100fbe63;0x17;__cdecl;;uchar;int*
;FUN_100fbe7a;0x100fbe7a;0x8a;__cdecl;;uchar;int*
;FUN_100fbf04;0x100fbf04;0x6c;__cdecl;;uchar;int*;int;int*
;FUN_100fbf70;0x100fbf70;0x8e;__cdecl;;int*;int;int;int
;FUN_100fbffe;0x100fbffe;0x773;__cdecl;;uchar;uint*;uchar*;uchar*
;FUN_100fc799;0x100fc799;0x36;__cdecl;;uint;int*;int
;FUN_100fc7cf;0x100fc7cf;0x119;__cdecl;;uint;uint;uchar*;uint
;FUN_100fc8e8;0x100fc8e8;0x12;__cdecl;;uchar;uint;int;int
;FUN_100fc8fa;0x100fc8fa;0x315;__cdecl;;uchar;int;int;int;int;int
;FUN_100fcc0f;0x100fcc0f;0x1be;__cdecl;;uchar;int;int;int;int;int
;FUN_100fcdcd;0x100fcdcd;0x3d;__cdecl;;uchar;int;int;short*;int*;int
;FUN_100fce0a;0x100fce0a;0x4c;__cdecl;;uchar;int;int;short*;int;int
;FUN_100fce56;0x100fce56;0x4c;__cdecl;;uchar;int;int;short*;int*;int
;FUN_100fcea2;0x100fcea2;0x3e1;__cdecl;;uchar;int;int;short*;int;int
;FUN_100fd283;0x100fd283;0x34;__cdecl;;uchar;uchar;uchar;uint;uint;int
;FUN_100fd2b7;0x100fd2b7;0x53c;__cdecl;;uchar;uchar*;uchar*;int
;FUN_100fd81b;0x100fd81b;0x13;__cdecl;;uchar;uint;int
;FUN_100fd82e;0x100fd82e;0x398;__cdecl;;uint;uint*;uint;uint;int;int;int*;int;uint*;uint*
;FUN_100fdbc6;0x100fdbc6;0x7f;__cdecl;;int;uint*;int*;int*;int;int
;FUN_100fdc45;0x100fdc45;0x103;__cdecl;;int;uint;uint;uint*;int*;int*;int*;int*;int;int
;FUN_100fdd48;0x100fdd48;0x2f;__cdecl;;uint;uint*;uint*;uint*;uint*
;FUN_100fdd77;0x100fdd77;0x115;__cdecl;;int;uchar*;int;int
;FUN_100fde8c;0x100fde8c;0x462;__cdecl;;uchar;short*;short*;int*;int;int;int
;FUN_100fe2ee;0x100fe2ee;0x70d;__cdecl;;uchar;undefined8*;undefined8*;undefined8*;int;int;int
;FUN_100fe9fb;0x100fe9fb;0x35b;__cdecl;;uchar;short*;short*;short*;int;int;int
;FUN_100fed56;0x100fed56;0xdaf;__cdecl;;uchar;undefined8*;undefined8*;undefined8*;int*;int;int
;FUN_100ffb05;0x100ffb05;0x2b5;__cdecl;;uint;uint;uint;int;int;int;uchar*
;FUN_10100e40;0x10100e40;0xd;__stdcall;;uchar
;FUN_10100e4d;0x10100e4d;0xc;__stdcall;;uchar
;FUN_10100e6d;0x10100e6d;0xd;__stdcall;;uchar
;FUN_10100e7a;0x10100e7a;0xc;__stdcall;;uchar
;FUN_10100e9a;0x10100e9a;0xf;__stdcall;;uchar
;FUN_10100ea9;0x10100ea9;0xc;__stdcall;;uchar
;FUN_10100ede;0x10100ede;0xf;__stdcall;;uchar
;FUN_10100eed;0x10100eed;0xc;__stdcall;;uchar
;FUN_10100f22;0x10100f22;0xd;__stdcall;;uchar
;FUN_10100f2f;0x10100f2f;0xc;__stdcall;;uchar
;FUN_10100f4f;0x10100f4f;0xf;__stdcall;;uchar
;FUN_10100f5e;0x10100f5e;0xc;__stdcall;;uchar
;FUN_10100f7e;0x10100f7e;0xf;__stdcall;;uchar
;FUN_10100f8d;0x10100f8d;0xc;__stdcall;;uchar
;FUN_10100fa3;0x10100fa3;0x17f;__thiscall;;uint;void*
;FUN_10101122;0x10101122;0x43;__stdcall;;uchar
;FUN_10101165;0x10101165;0x5f;__stdcall;;int*
;FUN_101011c4;0x101011c4;0x5f;__stdcall;;int*
;FUN_10101223;0x10101223;0xb;__fastcall;;uchar;uint*
;FUN_1010122e;0x1010122e;0x10;__fastcall;;uchar;int
;FUN_1010123e;0x1010123e;0x10;__fastcall;;uchar;int
;FUN_1010124e;0x1010124e;0x4d;__cdecl;;uint;int;int*;int
;FUN_101012c5;0x101012c5;0xc;__stdcall;;uchar
;FUN_101012d1;0x101012d1;0xc;__stdcall;;uchar
;FUN_101012e8;0x101012e8;0xa;__stdcall;;uchar
;FUN_101012f2;0x101012f2;0xc;__stdcall;;uchar
;FUN_10101312;0x10101312;0xa;__stdcall;;uchar
;FUN_1010131c;0x1010131c;0xc;__stdcall;;uchar
;FUN_1010133c;0x1010133c;0xd;__stdcall;;uchar
;FUN_10101349;0x10101349;0xc;__stdcall;;uchar
;FUN_10101369;0x10101369;0xd;__stdcall;;uchar
;FUN_10101376;0x10101376;0xc;__stdcall;;uchar
;FUN_10101396;0x10101396;0xd;__stdcall;;uchar
;FUN_101013a3;0x101013a3;0xc;__stdcall;;uchar
;FUN_101013c3;0x101013c3;0xf;__stdcall;;uchar
;FUN_101013d2;0x101013d2;0xc;__stdcall;;uchar
;FUN_101013e8;0x101013e8;0x15;__fastcall;;uchar;int*
;FUN_10101407;0x10101407;0xf;__stdcall;;uchar
;FUN_10101416;0x10101416;0xc;__stdcall;;uchar
;FUN_1010142c;0x1010142c;0x15;__fastcall;;uchar;int*
;FUN_1010144b;0x1010144b;0xf;__stdcall;;uchar
;FUN_1010145a;0x1010145a;0xc;__stdcall;;uchar
;FUN_1010147a;0x1010147a;0xf;__stdcall;;uchar
;FUN_10101489;0x10101489;0xc;__stdcall;;uchar
;FUN_1010149f;0x1010149f;0x181;__stdcall;;uint
;FUN_10101620;0x10101620;0x43;__stdcall;;uchar
;FUN_10101663;0x10101663;0x6a;__stdcall;;int*
;FUN_101016cd;0x101016cd;0x5f;__stdcall;;int*
;FUN_1010172c;0x1010172c;0x4a;__fastcall;;int*;int*
;FUN_10101776;0x10101776;0xb;__fastcall;;uchar;uint*
;FUN_10101781;0x10101781;0x68;__stdcall;;int*
;FUN_101017e9;0x101017e9;0x5f;__stdcall;;int*
;FUN_10101848;0x10101848;0x60;__stdcall;;uint*
;FUN_101018a8;0x101018a8;0xe;__fastcall;;uchar;uint*
;uflow;0x101018c2;0x21;__fastcall;;ushort;int*
;FUN_101018e3;0x101018e3;0x87;__thiscall;;int;void*;short*;int
;FUN_1010196a;0x1010196a;0x88;__thiscall;;int;void*;ushort*;uint*
;FUN_101019f2;0x101019f2;0x24;__stdcall;;uchar;uint*
;FUN_10101a16;0x10101a16;0x24;__stdcall;;uchar;uint*
;FUN_10101a45;0x10101a45;0xb;__fastcall;;uchar;uint*
;FUN_10101a50;0x10101a50;0x65;__stdcall;;uchar
;FUN_10101ab5;0x10101ab5;0x148;__thiscall;;uint;void*;uint
;FUN_10101bfd;0x10101bfd;0xb7;__thiscall;;uint;void*;uint
;FUN_10101cb4;0x10101cb4;0x2e;__fastcall;;uint;int*
;FUN_10101ce2;0x10101ce2;0x11e;__fastcall;;short;int
;FUN_10101e00;0x10101e00;0x6f;__thiscall;;uchar;void*;uint*;int;ulong
;FUN_10101e6f;0x10101e6f;0xaf;__thiscall;;uchar;void*;uint*;int;uint;long;uint;uint
;FUN_10101f1e;0x10101f1e;0x2e;__thiscall;;int;void*;int*;int
;FUN_10101f84;0x10101f84;0x1c;__thiscall;;uint*;void*;uchar
;FUN_10101fbf;0x10101fbf;0x1c;__thiscall;;uint*;void*;uchar
;FUN_10101fdb;0x10101fdb;0x1c;__thiscall;;uchar*;void*;uchar
;FUN_10101ff7;0x10101ff7;0x4a;__thiscall;;uchar;void*;uint;char
;FUN_10102041;0x10102041;0x14;__thiscall;;uchar;void*;int
;FUN_10102055;0x10102055;0x11;__fastcall;;uint;int
;Gninc;0x10102066;0x10;__fastcall;;uchar;int
;FUN_10102076;0x10102076;0x14;__thiscall;;uchar;void*;int
;FUN_1010208a;0x1010208a;0x10;__fastcall;;uchar;int
;FUN_1010209a;0x1010209a;0x27;__fastcall;;void*;void*
;FUN_101020c1;0x101020c1;0x56;__thiscall;;uchar;void*;uint;int
;FUN_10102117;0x10102117;0x42;__fastcall;;uchar;int
;FUN_10102183;0x10102183;0xc;__stdcall;;uchar
;FUN_1010218f;0x1010218f;0xc;__stdcall;;uchar
;FUN_1010219b;0x1010219b;0x9b;__stdcall;;uchar
;FUN_10102237;0x10102237;0x64;__stdcall;;uint*
;FUN_101022a8;0x101022a8;0x1d;__stdcall;;uchar
;FUN_101022c5;0x101022c5;0x3d;__stdcall;;uchar
;FUN_10102302;0x10102302;0x1c;__thiscall;;uchar*;void*;uchar
;FUN_1010231e;0x1010231e;0x5d;__stdcall;;uint*
;FUN_1010237b;0x1010237b;0x3d;__stdcall;;uchar
;FUN_101023b8;0x101023b8;0x1d;__stdcall;;uchar
;FUN_101023f1;0x101023f1;0x18;__fastcall;;uint*;uint*;uchar;uint
;FUN_10102409;0x10102409;0x91;__thiscall;;void*;void*;void*
;FUN_1010249a;0x1010249a;0x2f;__thiscall;;uint*;void*;uint*
;FUN_101024c9;0x101024c9;0x50;__stdcall;;uchar
;FUN_10102519;0x10102519;0x22;__thiscall;;uchar;void*;uint
;FUN_1010253b;0x1010253b;0xd1;__stdcall;;int*
;FUN_1010260c;0x1010260c;0x4e;__fastcall;;uchar;int
;FUN_1010265a;0x1010265a;0x38;__fastcall;;uchar;int
;FUN_10102692;0x10102692;0x42;__fastcall;;uchar;void*
;FUN_101026d4;0x101026d4;0x7e;__fastcall;;uint;uint
;FUN_10102770;0x10102770;0x15;__stdcall;;uchar
;FUN_10102785;0x10102785;0x59;__stdcall;;uchar
;FUN_101027df;0x101027df;0x64;__stdcall;;uint*
;FUN_10102843;0x10102843;0x3d;__stdcall;;uchar
;FUN_10102880;0x10102880;0x1d;__fastcall;;uchar;int
;FUN_101028b9;0x101028b9;0x18;__thiscall;;uint*;void*;int
;FUN_101028d1;0x101028d1;0x59;__stdcall;;uchar
;FUN_10102955;0x10102955;0xc;__stdcall;;uchar
;FUN_10102961;0x10102961;0xc;__stdcall;;uchar
;FUN_10102977;0x10102977;0x1;__stdcall;;uchar
;FUN_10102978;0x10102978;0xc;__stdcall;;uchar
;FUN_1010298e;0x1010298e;0x56;__thiscall;;int;void*;uint;char
;FUN_101029e4;0x101029e4;0x3b;__fastcall;;uchar;int*
;FUN_10102a1f;0x10102a1f;0xca;__stdcall;;uint*
;FUN_10102ae9;0x10102ae9;0x4a;__stdcall;;uchar
;FUN_10102b33;0x10102b33;0x72;__stdcall;;uint*
;FUN_10102ba5;0x10102ba5;0x1c;__thiscall;;uchar*;void*;uchar
;FUN_10102bc1;0x10102bc1;0x88;__stdcall;;uchar
;FUN_10102c73;0x10102c73;0xc;__stdcall;;uchar
;FUN_10102c7f;0x10102c7f;0xc;__stdcall;;uchar
;std_basic_ifstream::open;0x10102c8b;0x79;__cdecl;;_iobuf*;uint;uint
;FUN_10102d2e;0x10102d2e;0xc;__stdcall;;uchar
;FUN_10102d3a;0x10102d3a;0xc;__stdcall;;uchar
;FUN_10102d46;0x10102d46;0x3;__stdcall;;uchar
;FUN_10102d49;0x10102d49;0x36;__thiscall;;uchar*;void*;uchar*
;FUN_10102d7f;0x10102d7f;0x83;__stdcall;;uint*
;FUN_10102e02;0x10102e02;0x274;__stdcall;;int
;FUN_10103076;0x10103076;0x55;__fastcall;;uchar;int
;FUN_101030cb;0x101030cb;0x120;__stdcall;;uint*
;FUN_101031eb;0x101031eb;0xb3;__stdcall;;uchar
;FUN_1010329e;0x1010329e;0xb9;__stdcall;;uchar*
;FUN_10103357;0x10103357;0x75;__stdcall;;uchar
;FUN_101033cc;0x101033cc;0x1aa;__stdcall;;uchar
;FUN_10103576;0x10103576;0xcc;__stdcall;;uchar
;FUN_10103642;0x10103642;0xc8;__stdcall;;uchar
;FUN_1010370a;0x1010370a;0xae;__stdcall;;uchar
;FUN_101037b8;0x101037b8;0xae;__stdcall;;uchar
;FUN_10103866;0x10103866;0xaa;__stdcall;;uchar
;FUN_10103910;0x10103910;0xaa;__stdcall;;uchar
;FUN_101039ba;0x101039ba;0xaa;__stdcall;;uchar
;FUN_10103a64;0x10103a64;0xf6;__stdcall;;uchar
;FUN_10103b5a;0x10103b5a;0x1a8;__stdcall;;uint*
;FUN_10103d02;0x10103d02;0x58;__stdcall;;uchar;uint*;uint;uint;int
;FUN_10103d5a;0x10103d5a;0x58;__stdcall;;uchar;uint*;uint;uint;int
;FUN_10103db2;0x10103db2;0x7e;__stdcall;;uchar;uint*;uint;uint;int;uint;undefined8
;FUN_10103e30;0x10103e30;0x7e;__stdcall;;uchar;uint*;uint;uint;int;uint;undefined8
;FUN_10103eae;0x10103eae;0xca;__stdcall;;uchar;uint*;uint;uint;int;uint;uint
;FUN_10103f80;0x10103f80;0x36;__thiscall;;uchar*;void*;uchar*
;FUN_10103fb6;0x10103fb6;0x1c;__thiscall;;uint*;void*;uchar
;FUN_10103fd2;0x10103fd2;0x2c;__fastcall;;uchar;uint*
;FUN_10103ffe;0x10103ffe;0x395;__stdcall;;uint
;FUN_10104393;0x10104393;0x2ec;__cdecl;;int;uchar*;uint*;int*;int*
;FUN_1010467f;0x1010467f;0x5e;__cdecl;;uchar;uchar*;char;uint
;FUN_101046dd;0x101046dd;0x2b3;__stdcall;;uchar
;FUN_10104990;0x10104990;0x5a;__cdecl;;uchar;uchar*;char;uint
;FUN_101049ea;0x101049ea;0x295;__stdcall;;uint*
;FUN_10104c7f;0x10104c7f;0x17;__thiscall;;uint;void*;uint
;FUN_10104c96;0x10104c96;0x49;__fastcall;;uchar;int
;FUN_10104cdf;0x10104cdf;0x46;__thiscall;;void*;void*;uint;char
;FUN_10104d25;0x10104d25;0x22;__fastcall;;uchar;uint*
;FUN_10104d47;0x10104d47;0x23;__fastcall;;uint;int*
;Peek;0x10104d6a;0x24;__fastcall;;uchar;uint*
??4?$ostreambuf_iterator@DU?$char_traits@D@std@@@std@@QAEAAV01@D@Z;std::ostreambuf_iterator<char,struct_std::char_traits<char>_>::operator=;0x10104d8e;0x21;__thiscall;;ostreambuf_iterator<char,struct_std::char_traits<char>_>*;ostreambuf_iterator<char,struct_std::char_traits<char>_>*;char
;FUN_10104daf;0x10104daf;0x32;__thiscall;;uint;void*;uchar
;FUN_10104de1;0x10104de1;0x17;__thiscall;;uint;void*;uint
;FUN_10104df8;0x10104df8;0x88;__thiscall;;void*;void*;int;uint;uint
;FUN_10104e80;0x10104e80;0xdc;__stdcall;;int
;FUN_10104f5c;0x10104f5c;0xdc;__stdcall;;int
;FUN_10105038;0x10105038;0xc4;__stdcall;;int
;FUN_101050fc;0x101050fc;0xc4;__stdcall;;int
;FUN_101051c0;0x101051c0;0x1b9;__stdcall;;uint
;FUN_10105379;0x10105379;0x21;__cdecl;;uint;uchar;int*
;FUN_1010539a;0x1010539a;0x29;__cdecl;;uchar;char*
;FUN_101053c3;0x101053c3;0x3f;__thiscall;;uint;void*;int*
;FUN_10105402;0x10105402;0x59;__stdcall;;uint*
;FUN_1010545b;0x1010545b;0x4e;__stdcall;;int
;FUN_101054a9;0x101054a9;0x4e;__stdcall;;int
;FUN_101054f7;0x101054f7;0x4e;__stdcall;;int
;FUN_10105545;0x10105545;0x4d;__stdcall;;uchar
;FUN_10105592;0x10105592;0x4d;__stdcall;;uchar
;FUN_101055df;0x101055df;0x4d;__stdcall;;uchar
;FUN_10105656;0x10105656;0xc;__stdcall;;uchar
;FUN_10105662;0x10105662;0xc;__stdcall;;uchar
;FUN_1010566e;0x1010566e;0x7f;__cdecl;;uint;uint;int*
;FUN_101056ed;0x101056ed;0xe8;__thiscall;;uint;void*;uint;uint*
;FUN_101057d5;0x101057d5;0xa8;__cdecl;;uchar;uint*
;FUN_1010587d;0x1010587d;0x7f;__cdecl;;uint;uint;ulong*
;FUN_101058fc;0x101058fc;0xe1;__thiscall;;uint;void*;uint;ulong*
;FUN_101059dd;0x101059dd;0x5f;__cdecl;;int;char*;wchar_t;uint;int*
;FUN_10105a3c;0x10105a3c;0x73;__cdecl;;int;char*;wchar_t;uint;int*
;FUN_10105aaf;0x10105aaf;0x54;__stdcall;;undefined8
;FUN_10105b03;0x10105b03;0x2e;__cdecl;;int;uint
;FUN_10105b31;0x10105b31;0x63;__cdecl;;uint;wchar_t*;uchar*;uint;uchar*;int*
;FUN_10105b94;0x10105b94;0x113;__cdecl;;uint;wchar_t*;uchar*;uint;uchar*;int*
;FUN_10105ca7;0x10105ca7;0x41;__cdecl;;uint;int
;FUN_10105ce8;0x10105ce8;0x4b;__stdcall;;uchar
;FUN_10105d33;0x10105d33;0x19;__fastcall;;uint*;uint*;uchar;uchar
;FUN_10105d4c;0x10105d4c;0xb;__fastcall;;uchar;exception*
;FUN_10105d57;0x10105d57;0x1d;__fastcall;;uchar;int
;FUN_10105d90;0x10105d90;0x18;__thiscall;;uint*;void*;int
;FUN_10105db2;0x10105db2;0x552;__stdcall;;uchar
;FUN_10106304;0x10106304;0x9;__fastcall;;uchar;uint*
;FUN_1010630d;0x1010630d;0x82;__thiscall;;bool;void*;uchar*;int;uchar*;int*;int;wchar_t*;int*
;FUN_1010638f;0x1010638f;0xd3;__thiscall;;uchar;void*;uint*;int;wchar_t*;int*;int;char*;int*
;FUN_10106462;0x10106462;0x4f;__thiscall;;int;void*;uint;wchar_t*;wchar_t*;uint
;FUN_101064b4;0x101064b4;0x7;__fastcall;;uchar;uint*
;FUN_101064bb;0x101064bb;0x27;__thiscall;;bool;void*;uint;uint
;FUN_10106521;0x10106521;0x2c;__thiscall;;ushort*;void*;uint;ushort*;ushort*
;FUN_1010654d;0x1010654d;0x2c;__thiscall;;ushort*;void*;uint;ushort*;ushort*
;FUN_10106579;0x10106579;0x31;__thiscall;;uchar;void*;uint
;FUN_101065aa;0x101065aa;0x2d;__thiscall;;ushort*;void*;ushort*;ushort*
;FUN_101065d7;0x101065d7;0x31;__thiscall;;uchar;void*;uint
;FUN_10106608;0x10106608;0x2d;__thiscall;;ushort*;void*;ushort*;ushort*
;FUN_10106644;0x10106644;0x2d;__stdcall;;char*;char*;char*;ushort*
;FUN_1010667e;0x1010667e;0x2c;__stdcall;;ushort*;ushort*;ushort*;uint;uchar*
;FUN_101066aa;0x101066aa;0xdc;__stdcall;;uint*
;FUN_10106786;0x10106786;0x1aa;__stdcall;;uchar
;FUN_10106930;0x10106930;0xcc;__stdcall;;uchar
;FUN_101069fc;0x101069fc;0xc8;__stdcall;;uchar
;FUN_10106ac4;0x10106ac4;0xae;__stdcall;;uchar
;FUN_10106b72;0x10106b72;0xae;__stdcall;;uchar
;FUN_10106c20;0x10106c20;0xaa;__stdcall;;uchar
;FUN_10106cca;0x10106cca;0xaa;__stdcall;;uchar
;FUN_10106d74;0x10106d74;0xaa;__stdcall;;uchar
;FUN_10106e1e;0x10106e1e;0xfe;__stdcall;;uchar
;FUN_10106f1c;0x10106f1c;0x1b3;__stdcall;;uint*
;FUN_101070cf;0x101070cf;0x58;__stdcall;;uchar;uint*;uint;uint;int
;FUN_10107127;0x10107127;0x58;__stdcall;;uchar;uint*;uint;uint;int
;FUN_1010717f;0x1010717f;0x7e;__stdcall;;uchar;uint*;uint;uint;int;uint;undefined8
;FUN_101071fd;0x101071fd;0x7e;__stdcall;;uchar;uint*;uint;uint;int;uint;undefined8
;FUN_1010727b;0x1010727b;0xd2;__stdcall;;uchar;uint*;uint;uint;int;uint;uint
;FUN_10107352;0x10107352;0x43;__stdcall;;uint;ushort*;ushort*;ushort*;ushort*
;FUN_10107395;0x10107395;0xd7;__stdcall;;uchar*
;FUN_1010748e;0x1010748e;0x71;__thiscall;;uchar*;void*;uchar*;uint;uint;int;uchar*
;FUN_101074ff;0x101074ff;0x135;__stdcall;;uint*
;FUN_10107634;0x10107634;0x8a;__stdcall;;uint*
;FUN_101076be;0x101076be;0x134;__stdcall;;uint*
;FUN_101077f2;0x101077f2;0x13c;__stdcall;;uint*
;FUN_10107933;0x10107933;0x36;__thiscall;;uchar*;void*;uchar*
;FUN_10107969;0x10107969;0x36;__thiscall;;uchar*;void*;uchar*
;FUN_1010799f;0x1010799f;0x36;__thiscall;;uchar*;void*;uchar*
;FUN_101079e5;0x101079e5;0xc4;__stdcall;;uchar;uint*;uint;uint
;FUN_10107aa9;0x10107aa9;0x131;__thiscall;;uchar;void*;uint*;uint;uint;int;uint;uint;uint*;int
;FUN_10107bda;0x10107bda;0x3e;__stdcall;;uchar;uint*;uint;uint
;FUN_10107c18;0x10107c18;0x3e;__stdcall;;uchar;uint*;uint;uint
;FUN_10107c56;0x10107c56;0x66;__stdcall;;uchar;uint*;uint;uint
;FUN_10107cbc;0x10107cbc;0x1c;__thiscall;;uint*;void*;uchar
;~ctype<>;0x10107cd8;0x20;__fastcall;;uchar;uint*
;FUN_10107cf8;0x10107cf8;0x1c;__thiscall;;uint*;void*;uchar
;~time_put<>;0x10107d14;0x1a;__fastcall;;uchar;uint*
;FUN_10107d2e;0x10107d2e;0x1c;__thiscall;;uint*;void*;uchar
;FUN_10107d4a;0x10107d4a;0x2c;__fastcall;;uchar;uint*
;FUN_10107d76;0x10107d76;0x1c;__thiscall;;uint*;void*;uchar
;FUN_10107d92;0x10107d92;0x1c;__thiscall;;uint*;void*;uchar
;FUN_10107dae;0x10107dae;0x23;__fastcall;;uchar;uint*
;FUN_10107dd1;0x10107dd1;0x1c;__thiscall;;uint*;void*;uchar
;FUN_10107ded;0x10107ded;0x1c;__thiscall;;uint*;void*;uchar
;FUN_10107e09;0x10107e09;0x23;__fastcall;;uchar;uint*
;FUN_10107e2c;0x10107e2c;0x34;__fastcall;;uchar;uint*
;FUN_10107e60;0x10107e60;0x1c;__thiscall;;uint*;void*;uchar
;FUN_10107e81;0x10107e81;0x18;__stdcall;;uint*;uint*
;FUN_10107e99;0x10107e99;0x22;__thiscall;;uchar*;void*;uint
;FUN_10107ebb;0x10107ebb;0x31;__thiscall;;uint;void*;uint
;FUN_10107eec;0x10107eec;0x3cf;__stdcall;;uint
;FUN_101082bb;0x101082bb;0x34b;__cdecl;;int;uchar*;uint*;int*;int*
;FUN_10108606;0x10108606;0x2e5;__stdcall;;uchar
;FUN_101088eb;0x101088eb;0x2ae;__stdcall;;uint*
;FUN_10108b99;0x10108b99;0x17;__thiscall;;uint;void*;uint
;FUN_10108bb0;0x10108bb0;0x5d;__fastcall;;uchar;int
;FUN_10108c0d;0x10108c0d;0x28;__fastcall;;uchar;int
;FUN_10108c35;0x10108c35;0x8ae;__stdcall;;uchar*
;FUN_101094e3;0x101094e3;0x5ce;__stdcall;;uint*
;FUN_10109ab1;0x10109ab1;0x8;__fastcall;;uchar;void*
;FUN_10109ab9;0x10109ab9;0x69;__thiscall;;void*;void*;uint;ushort
;FUN_10109b22;0x10109b22;0x26;__thiscall;;uchar;void*;uint
;FUN_10109b48;0x10109b48;0x40;__stdcall;;uint*
;FUN_10109b88;0x10109b88;0x33;__thiscall;;uchar;void*;void*
;FUN_10109bbb;0x10109bbb;0x46;__fastcall;;char*;void*
;FUN_10109c01;0x10109c01;0x47;__fastcall;;char*;int
;FUN_10109c48;0x10109c48;0x157;__cdecl;;uchar;uchar*;int*;int;int;int*
;FUN_10109d9f;0x10109d9f;0x23;__fastcall;;uchar;uint*
;FUN_10109dc2;0x10109dc2;0x24;__fastcall;;ushort;int*
;Peek;0x10109de6;0x27;__fastcall;;ushort;uint*
;FUN_10109e0d;0x10109e0d;0x1f;__fastcall;;uint;int*
;FUN_10109e2c;0x10109e2c;0x17;__thiscall;;uint;void*;uint
;FUN_10109e43;0x10109e43;0xde;__thiscall;;void*;void*;void*;uint;uint
;FUN_10109f21;0x10109f21;0x42;__thiscall;;void*;void*;ushort*;uint
;FUN_10109f63;0x10109f63;0x58;__thiscall;;void*;void*;uint;ushort
;FUN_10109fbb;0x10109fbb;0x95;__thiscall;;void*;void*;uint;uint;ushort
;FUN_1010a050;0x1010a050;0x45;__cdecl;;uchar;ushort*;ushort*;int
;FUN_1010a095;0x1010a095;0x6c;__thiscall;;void*;void*;uint;uint
;FUN_1010a101;0x1010a101;0x2c;__fastcall;;uchar;void*
;FUN_1010a12d;0x1010a12d;0x89;__thiscall;;uint;void*;uint;char
;FUN_1010a1b6;0x1010a1b6;0x3d;__thiscall;;uchar;void*;char
;FUN_1010a1f3;0x1010a1f3;0x17;__thiscall;;uint;void*;uint
;FUN_1010a20a;0x1010a20a;0x17;__thiscall;;uint;void*;uint
;FUN_1010a221;0x1010a221;0xeb;__fastcall;;uchar;void*
;FUN_1010a30c;0x1010a30c;0x92;__thiscall;;void*;void*;int;uint;uint
;FUN_1010a39e;0x1010a39e;0x44;__stdcall;;uchar
;Catch@1010a3e2;0x1010a3e2;0x21;__stdcall;;uchar*
;FUN_1010a409;0x1010a409;0x67;__stdcall;;uchar
;FUN_1010a470;0x1010a470;0x30;__fastcall;;uchar;void*
;FUN_1010a4a0;0x1010a4a0;0x61;__thiscall;;uchar;void*;uint*;uchar;uchar;char
;FUN_1010a501;0x1010a501;0xc4;__stdcall;;int
;FUN_1010a5c5;0x1010a5c5;0xdc;__stdcall;;int
;FUN_1010a6a1;0x1010a6a1;0xdc;__stdcall;;int
;FUN_1010a77d;0x1010a77d;0xc4;__stdcall;;int
;FUN_1010a841;0x1010a841;0xc4;__stdcall;;int
;FUN_1010a905;0x1010a905;0xc4;__stdcall;;int
;FUN_1010a9c9;0x1010a9c9;0xdc;__stdcall;;int
;FUN_1010aaa5;0x1010aaa5;0xdc;__stdcall;;int
;FUN_1010ab81;0x1010ab81;0xcf;__stdcall;;int
;FUN_1010ac50;0x1010ac50;0xcf;__stdcall;;int
;FUN_1010ad1f;0x1010ad1f;0xc4;__stdcall;;int
;FUN_1010ade3;0x1010ade3;0xc4;__stdcall;;int
;FUN_1010aea7;0x1010aea7;0xc4;__stdcall;;int
;FUN_1010af6b;0x1010af6b;0x54;__stdcall;;uint*
;FUN_1010afbf;0x1010afbf;0x1cc;__stdcall;;uint
;FUN_1010b18b;0x1010b18b;0x3e;__cdecl;;ushort*;char*
;FUN_1010b1c9;0x1010b1c9;0x60;__stdcall;;uint*
;FUN_1010b229;0x1010b229;0x6d;__stdcall;;uint*
;FUN_1010b296;0x1010b296;0x3f;__thiscall;;uint;void*;int*
;FUN_1010b2d5;0x1010b2d5;0x59;__stdcall;;uint*
;FUN_1010b32e;0x1010b32e;0x54;__stdcall;;uint*
;FUN_1010b382;0x1010b382;0x72;__stdcall;;uint*
;FUN_1010b3f4;0x1010b3f4;0x59;__stdcall;;uint*
;FUN_1010b44d;0x1010b44d;0x4e;__stdcall;;int
;FUN_1010b49b;0x1010b49b;0x4e;__stdcall;;int
;FUN_1010b4e9;0x1010b4e9;0x4e;__stdcall;;int
;FUN_1010b537;0x1010b537;0x4e;__stdcall;;int
;FUN_1010b585;0x1010b585;0x4e;__stdcall;;int
;FUN_1010b5d3;0x1010b5d3;0x4e;__stdcall;;int
;FUN_1010b621;0x1010b621;0x4e;__stdcall;;int
;FUN_1010b66f;0x1010b66f;0x4e;__stdcall;;int
;FUN_1010b6bd;0x1010b6bd;0x4e;__stdcall;;int
;FUN_1010b70b;0x1010b70b;0x4e;__stdcall;;int
;FUN_1010b759;0x1010b759;0x4e;__stdcall;;int
;FUN_1010b7a7;0x1010b7a7;0x4e;__stdcall;;int
;FUN_1010b7f5;0x1010b7f5;0x4e;__stdcall;;int
;FUN_1010b843;0x1010b843;0x5f;__stdcall;;uint*
;FUN_1010b8a2;0x1010b8a2;0x4d;__stdcall;;uchar
;FUN_1010b8ef;0x1010b8ef;0x4d;__stdcall;;uchar
;FUN_1010b93c;0x1010b93c;0x4d;__stdcall;;uchar
;FUN_1010b989;0x1010b989;0x4d;__stdcall;;uchar
;FUN_1010b9d6;0x1010b9d6;0x4d;__stdcall;;uchar
;FUN_1010ba23;0x1010ba23;0x4d;__stdcall;;uchar
;FUN_1010ba70;0x1010ba70;0x4d;__stdcall;;uchar
;FUN_1010babd;0x1010babd;0x4d;__stdcall;;uchar
;FUN_1010bb0a;0x1010bb0a;0x4d;__stdcall;;uchar
;FUN_1010bb57;0x1010bb57;0x4d;__stdcall;;uchar
;FUN_1010bba4;0x1010bba4;0x4d;__stdcall;;uchar
;FUN_1010bbf1;0x1010bbf1;0x4d;__stdcall;;uchar
;FUN_1010bc3e;0x1010bc3e;0x4d;__stdcall;;uchar
;FUN_1010bcac;0x1010bcac;0x358;__stdcall;;uchar
;FUN_1010c004;0x1010c004;0x3e;__stdcall;;uint;char*;char*;char*;char*
;FUN_1010c042;0x1010c042;0xcf;__stdcall;;uchar*
;FUN_1010c137;0x1010c137;0x71;__thiscall;;uchar*;void*;uchar*;uint;uint;int;uchar*
;FUN_1010c1a8;0x1010c1a8;0x12e;__stdcall;;uint*
;FUN_1010c2d6;0x1010c2d6;0x8a;__stdcall;;uint*
;FUN_1010c360;0x1010c360;0x12a;__stdcall;;uint*
;FUN_1010c48a;0x1010c48a;0x118;__stdcall;;uint*
;FUN_1010c5a2;0x1010c5a2;0x36;__thiscall;;uchar*;void*;uchar*
;FUN_1010c5d8;0x1010c5d8;0x36;__thiscall;;uchar*;void*;uchar*
;FUN_1010c60e;0x1010c60e;0x36;__thiscall;;uchar*;void*;uchar*
;FUN_1010c654;0x1010c654;0xb1;__stdcall;;uchar;uint*;uint;uint
;FUN_1010c705;0x1010c705;0x115;__thiscall;;uchar;void*;uint*;uint;uint;int;uint;uint;uint*;int
;FUN_1010c81a;0x1010c81a;0x3e;__stdcall;;uchar;uint*;uint;uint
;FUN_1010c858;0x1010c858;0x3e;__stdcall;;uchar;uint*;uint;uint
;FUN_1010c896;0x1010c896;0x66;__stdcall;;uchar;uint*;uint;uint
;FUN_1010c8fc;0x1010c8fc;0xd9;__stdcall;;uint*
;FUN_1010c9d5;0x1010c9d5;0x1c;__thiscall;;uint*;void*;uchar
;FUN_1010c9f1;0x1010c9f1;0x23;__fastcall;;uchar;uint*
;FUN_1010ca14;0x1010ca14;0x1c;__thiscall;;uint*;void*;uchar
;FUN_1010ca30;0x1010ca30;0x1c;__thiscall;;uint*;void*;uchar
;FUN_1010ca4c;0x1010ca4c;0x23;__fastcall;;uchar;uint*
;FUN_1010ca6f;0x1010ca6f;0x1c;__thiscall;;uint*;void*;uchar
;~time_put<>;0x1010ca8b;0x1a;__fastcall;;uchar;uint*
;FUN_1010caaa;0x1010caaa;0x34;__fastcall;;uchar;uint*
;FUN_1010cade;0x1010cade;0x1c;__thiscall;;uint*;void*;uchar
;FUN_1010cafa;0x1010cafa;0x26;__thiscall;;uchar;void*;uint
;FUN_1010cb20;0x1010cb20;0x28;__fastcall;;uchar;int
;FUN_1010cb48;0x1010cb48;0x875;__stdcall;;uchar*
;FUN_1010d3bd;0x1010d3bd;0x5ab;__stdcall;;uint*
;FUN_1010d968;0x1010d968;0x40;__stdcall;;uint*
;FUN_1010d9a8;0x1010d9a8;0x33;__thiscall;;uchar;void*;void*
;FUN_1010d9db;0x1010d9db;0x137;__cdecl;;uchar;uchar*;int*;int;int;int*
;FUN_1010db12;0x1010db12;0x28;__thiscall;;uchar;void*;uchar*
;FUN_1010db3a;0x1010db3a;0x7f;__thiscall;;void*;void*;uint;uint;char
;FUN_1010dbb9;0x1010dbb9;0x17;__thiscall;;uint;void*;uint
;FUN_1010dbd0;0x1010dbd0;0xda;__fastcall;;uchar;void*
;FUN_1010dcaa;0x1010dcaa;0x61;__thiscall;;uchar;void*;uint*;uchar;uchar;char
;FUN_1010dd0b;0x1010dd0b;0xc4;__stdcall;;int
;FUN_1010ddcf;0x1010ddcf;0xc4;__stdcall;;int
;FUN_1010de93;0x1010de93;0xdc;__stdcall;;int
;FUN_1010df6f;0x1010df6f;0xdc;__stdcall;;int
;FUN_1010e04b;0x1010e04b;0xcf;__stdcall;;int
;FUN_1010e11a;0x1010e11a;0xcf;__stdcall;;int
;FUN_1010e1e9;0x1010e1e9;0xc4;__stdcall;;int
;FUN_1010e2ad;0x1010e2ad;0xc4;__stdcall;;int
;FUN_1010e371;0x1010e371;0x54;__stdcall;;uint*
;FUN_1010e3c5;0x1010e3c5;0x72;__stdcall;;uint*
;FUN_1010e437;0x1010e437;0x59;__stdcall;;uint*
;FUN_1010e490;0x1010e490;0x6d;__stdcall;;uint*
;FUN_1010e4fd;0x1010e4fd;0x4e;__stdcall;;int
;FUN_1010e54b;0x1010e54b;0x4e;__stdcall;;int
;FUN_1010e599;0x1010e599;0x4e;__stdcall;;int
;FUN_1010e5e7;0x1010e5e7;0x4e;__stdcall;;int
;FUN_1010e635;0x1010e635;0x4e;__stdcall;;int
;FUN_1010e683;0x1010e683;0x4e;__stdcall;;int
;FUN_1010e6d1;0x1010e6d1;0x4e;__stdcall;;int
;FUN_1010e71f;0x1010e71f;0x4e;__stdcall;;int
;FUN_1010e76d;0x1010e76d;0x5f;__stdcall;;uint*
;FUN_1010e7cc;0x1010e7cc;0x4d;__stdcall;;uchar
;FUN_1010e819;0x1010e819;0x4d;__stdcall;;uchar
;FUN_1010e866;0x1010e866;0x4d;__stdcall;;uchar
;FUN_1010e8b3;0x1010e8b3;0x4d;__stdcall;;uchar
;FUN_1010e900;0x1010e900;0x4d;__stdcall;;uchar
;FUN_1010e94d;0x1010e94d;0x4d;__stdcall;;uchar
;FUN_1010e99a;0x1010e99a;0x4d;__stdcall;;uchar
;FUN_1010e9e7;0x1010e9e7;0x4d;__stdcall;;uchar
;FUN_1010ea55;0x1010ea55;0x3c;__thiscall;;float10;uchar*;uchar*;int*;int
;FUN_1010ea91;0x1010ea91;0x15;__thiscall;;uchar;void*;uchar*;int*;int
;FUN_1010eaa6;0x1010eaa6;0x54;__stdcall;;undefined8
;FUN_1010eafa;0x1010eafa;0x7e;__cdecl;;uint;uint
;FUN_1010eb78;0x1010eb78;0x12;__cdecl;;int;uint
;FUN_1010ebb9;0x1010ebb9;0x29;__fastcall;;uchar;uint*
;FUN_1010ebe2;0x1010ebe2;0x1c;__thiscall;;uint*;void*;uchar
;FUN_1010ebfe;0x1010ebfe;0x1b;__thiscall;;bool;void*;int
;FUN_1010ec19;0x1010ec19;0x17;__stdcall;;uchar
;FUN_1010ec30;0x1010ec30;0x38;__stdcall;;uchar
??_M@YGXPAXIHP6EX0@Z@Z;FUN_1010ec68;0x1010ec68;0x68;__stdcall;;uchar;uint;uint;int;uchar*
;FUN_1010ecd0;0x1010ecd0;0x18;__stdcall;;uchar
;FUN_1010ece8;0x1010ece8;0x51;__stdcall;;uchar;uint;uint;int;uchar*
;FUN_1010ed5c;0x1010ed5c;0x2d;__stdcall;;uchar;uchar*
;FUN_1010ed90;0x1010ed90;0x7;__stdcall;;uchar;uint;uchar*
;FUN_1010ed97;0x1010ed97;0x7;__stdcall;;uchar;uint;uchar*
;FUN_1010ed9e;0x1010ed9e;0x4f;__stdcall;;uchar;void*;_EXCEPTION_RECORD*
;FUN_1010eded;0x1010eded;0x36;__cdecl;;uint;_EXCEPTION_RECORD*;void*;ulong;uint
;FUN_1010ee23;0x1010ee23;0x54;__cdecl;;uint;uint;uint;uint;int;int
;FUN_1010ee77;0x1010ee77;0x25;__cdecl;;uchar;_EXCEPTION_RECORD*;void*;ulong
;FUN_1010ee9c;0x1010ee9c;0xb6;__cdecl;;uint;uint*;uint;uint;uint;uint;uint;uint
;FUN_1010ef52;0x1010ef52;0x72;__cdecl;;uint;_EXCEPTION_RECORD*;void*;ulong
;FUN_1010efc7;0x1010efc7;0x7b;__cdecl;;int;uint;int;int;uint*;uint*
;__global_unwind2;0x1010f044;0x20;__cdecl;;uchar;void*
;__local_unwind2;0x1010f086;0x68;__cdecl;;uchar;int;int
;__abnormal_termination;0x1010f0ee;0x23;__cdecl;;int
;__NLG_Notify1;0x1010f111;0x9;__fastcall;;uchar;uint
;FUN_1010f11a;0x1010f11a;0x18;__stdcall;;uchar
;_strrchr;0x1010f140;0x27;__cdecl;;char*;char*;int
;_fclose;0x1010f167;0x31;__cdecl;;uint;_iobuf*
;__fclose_lk;0x1010f198;0x4c;__cdecl;;uint;_iobuf*
;FUN_1010f1e4;0x1010f1e4;0x2f;__cdecl;;uint;char*;uint;uint;int*
;FUN_1010f213;0x1010f213;0x10a;__cdecl;;uint;char*;uint;uint;int*
;FUN_1010f31d;0x1010f31d;0x3b;__cdecl;;uint;uint;int*
;FUN_1010f360;0x1010f360;0x298;__cdecl;;uint*;uint*;uint*;uint
;FUN_1010f695;0x1010f695;0x31;__cdecl;;uint;uint*
;FUN_1010f6c6;0x1010f6c6;0x29;__cdecl;;uint;uint;int*
;FUN_1010f6ef;0x1010f6ef;0x6e;__cdecl;;uint;uint;int*
;FUN_1010f75d;0x1010f75d;0x22;__cdecl;;uint;char*;ulonglong*
;_fseek;0x1010f77f;0x2c;__cdecl;;int;_IO_FILE*;long;int
;FUN_1010f7ab;0x1010f7ab;0x8d;__cdecl;;int;int*;int;ulong
;FUN_1010f838;0x1010f838;0x18;__cdecl;;uchar;int*;long*
;FUN_1010f850;0x1010f850;0xaf;__cdecl;;uint;_iobuf*;int*;uint;uint
;FUN_1010f8ff;0x1010f8ff;0x2f;__cdecl;;int;int*
;FUN_1010f92e;0x1010f92e;0x2e;__cdecl;;int;int*
;FUN_1010f95c;0x1010f95c;0x5c;__cdecl;;uint;int*
;FUN_1010f9b8;0x1010f9b8;0x9;__stdcall;;uchar
;FUN_1010f9c1;0x1010f9c1;0xa4;__cdecl;;int;int
;FUN_1010fa65;0x1010fa65;0x22;__thiscall;;uint*;void*;uint
;FUN_1010fa8c;0x1010fa8c;0x18;__thiscall;;uint*;void*;int
;FUN_1010faa4;0x1010faa4;0x18;__thiscall;;uint*;void*;int
;FUN_1010fabc;0x1010fabc;0x1c;__thiscall;;exception*;void*;uchar
;FUN_1010fad8;0x1010fad8;0x94;__cdecl;;uint;int*
;FUN_1010fb9e;0x1010fb9e;0x19;__fastcall;;uint*;uint*;uchar;uchar
;dynamic_cast?;0x1010fbb7;0xe5;__cdecl;;int;int*;void*;void*;void*;int
;FUN_1010fcce;0x1010fcce;0x18;__thiscall;;uint*;void*;uint*
;FUN_1010fce6;0x1010fce6;0x18;__thiscall;;uint*;void*;int
;FUN_1010fcfe;0x1010fcfe;0x1a;__cdecl;;int;int*
;FUN_1010fd18;0x1010fd18;0x5a;__cdecl;;int*;uint;int;uint;uint;int
;FUN_1010fd72;0x1010fd72;0xf9;__cdecl;;int*;int;int;int;int;int
;FUN_1010fe6b;0x1010fe6b;0x138;__cdecl;;int*;int;int;int;int;int
;FUN_1010ffa3;0x1010ffa3;0x23;__cdecl;;int;int;int*
;_toupper;0x1010ffc6;0x6f;__cdecl;;int;int
;FUN_10110035;0x10110035;0xcc;__thiscall;;uint;void*;uint
;_memchr;0x10110110;0xa5;__cdecl;;void*;void*;int;uint
;__CxxThrowException@8;0x101101b5;0x3a;__stdcall;;uchar;uint;uint
;__ftol;0x101101f8;0x27;unknown;;longlong;double
;_sprintf;0x1011021f;0x52;__cdecl;varargs;int;char*;char*
;FUN_10110271;0x10110271;0x8b;__stdcall;;int;uchar*
;_atoi;0x101102fc;0xb;__stdcall;;uchar;uchar*
;_fgets;0x10110307;0x62;__cdecl;;char*;char*;int;_iobuf*
;FUN_10110369;0x10110369;0x31;unknown;;uchar;uint;uint;uint
;_fopen;0x1011039a;0x13;__cdecl;;_iobuf*;uint;uint
;_fprintf;0x101103ad;0x3c;__stdcall;varargs;int;_iobuf*;char*
;_strchr;0x10110400;0xc1;__cdecl;;char*;char*;int
;FUN_101104bc;0x101104bc;0x73;__fastcall;;uint;int
;FUN_1011052f;0x1011052f;0xd7;__cdecl;;uchar;uchar*
;FUN_10110599;0x10110599;0x9;__stdcall;;uchar
;FUN_101105f1;0x101105f1;0x9;__stdcall;;uchar
;_malloc;0x10110618;0x12;__cdecl;;void*;uint
;__nh_malloc;0x1011062a;0x2c;__cdecl;;void*;uint;int
;FUN_10110656;0x10110656;0xe7;__cdecl;;uchar;uint*
;FUN_101106bd;0x101106bd;0x9;__stdcall;;uchar
;FUN_1011071c;0x1011071c;0x9;__stdcall;;uchar
;FUN_10110752;0x10110752;0x25;__cdecl;;int;int;int
;__snprintf;0x10110777;0x50;__cdecl;varargs;int;char*;int;char*
;_strtok;0x101107c7;0xa4;__stdcall;;uint;uchar*;uchar*
;_strncpy;0x10110870;0xfe;__cdecl;;char*;char*;char*;uint
;_new[];0x1011096e;0x6a;__stdcall;;uchar;uint;uint;int;uchar*
;FUN_101109d8;0x101109d8;0x18;__stdcall;;uchar
;_strstr;0x101109f0;0x80;__cdecl;;char*;char*;char*
;atof;0x10110a70;0x57;__stdcall;;float;uchar*
;FUN_10110ac7;0x10110ac7;0x1c;__thiscall;;exception*;void*;uchar
;FUN_10110ae3;0x10110ae3;0x3d;__thiscall;;uint*;void*;uint*
;FUN_10110b20;0x10110b20;0x4a;__thiscall;;uint*;void*;int
??1exception@@UAE@XZ;exception::~exception;0x10110b6a;0x16;__thiscall;;void;exception*
;FUN_10110b90;0x10110b90;0x14;__stdcall;;uchar
;FUN_10110ba4;0x10110ba4;0x9;__fastcall;;uchar;uint;uchar;uchar
;FUN_10110bad;0x10110bad;0xae;__cdecl;;uchar;int;uint
;_rand;0x10110c5b;0x22;__cdecl;;int
;_isalpha;0x10110c7d;0x2e;__cdecl;;uint;int
;_islower;0x10110cab;0x28;__cdecl;;uint;int
;pgString::_islower;0x10110cd3;0x28;__cdecl;;int;int
;FUN_10110cfb;0x10110cfb;0x28;__thiscall;;uint;void*;int
;FUN_10110d23;0x10110d23;0x28;__thiscall;;uint;void*;int
;snprintf_2;0x10110d4b;0x51;__cdecl;varargs;int;char*;int;char*
;__alldiv;0x10110da0;0xaa;__stdcall;;undefined8;uint;uint;uint;uint
;_strncmp;0x10110e50;0x38;__cdecl;;int;char*;char*;uint
;_fread;0x10110e88;0x2f;__cdecl;;uint;uchar*;uint;uint;_IO_FILE*
;FUN_10110eb7;0x10110eb7;0xe8;__cdecl;;uint;char*;uint;uint;_IO_FILE*
;FUN_10110fa0;0x10110fa0;0x19;__stdcall;;uchar
;FUN_10110fc2;0x10110fc2;0x4e;__stdcall;;uchar;uint;uint;int
;FUN_101111c0;0x101111c0;0x14;__stdcall;;uchar
;FUN_101111dd;0x101111dd;0xae;__cdecl;;uchar;int;uint
;FUN_1011128b;0x1011128b;0x51;__cdecl;;int;uchar*;uchar*;uint*
;_tolower;0x101112dc;0x6f;__cdecl;;uint;uint
;FUN_1011134b;0x1011134b;0xcb;__thiscall;;uint;void*;uint
;__allmul;0x10111420;0x34;__stdcall;;longlong;uint;int;uint;int
;FUN_10111454;0x10111454;0x25;__cdecl;;uchar;short*;short*
;FUN_10111479;0x10111479;0x1d;__cdecl;;int;short*
;FUN_10111496;0x10111496;0x97;__cdecl;;uchar*;uchar*;uint
;FUN_1011152d;0x1011152d;0x30d;__cdecl;;uchar*;uchar*;uint*
;FUN_101116b8;0x101116b8;0x9;__stdcall;;uchar
;FUN_10111806;0x10111806;0xb;__stdcall;;uchar
;FUN_1011185c;0x1011185c;0x2d;__stdcall;;uchar
;FUN_10111889;0x10111889;0x11;__cdecl;;uchar;uint
;__exit;0x1011189a;0x11;__cdecl;;void;int
;FUN_101118ab;0x101118ab;0xf;__stdcall;;uchar
;FUN_101118ba;0x101118ba;0xa3;__cdecl;;uchar;uint;int;int
;FUN_1011195f;0x1011195f;0x9;__stdcall;;uchar
;FUN_10111968;0x10111968;0x9;__stdcall;;uchar
;FUN_10111971;0x10111971;0x1a;__cdecl;;uchar;uint*;uint*
;FUN_1011198b;0x1011198b;0xd9;__stdcall;;uint;uint;int
;entry;0x10111a64;0x9d;__stdcall;;int;uint;int;uint
;__amsg_exit;0x10111b01;0x30;__cdecl;;void;int
;FUN_10111b40;0x10111b40;0x2f;__stdcall;;uchar;uchar
;FUN_10111b6f;0x10111b6f;0x22;__cdecl;;int;char*
;FUN_10111b91;0x10111b91;0x161;__cdecl;;int;char*
;FUN_10111cf2;0x10111cf2;0x121;__cdecl;;int*;int;int
;FUN_10111d8b;0x10111d8b;0x9;__stdcall;;uchar
;FUN_10111e14;0x10111e14;0x9;__stdcall;;uchar
;__allshl;0x10111e30;0x1f;__fastcall;;longlong;uchar;int
;__aullrem;0x10111e50;0x75;__stdcall;;undefined8;uint;uint;uint;uint
;__aulldiv;0x10111ed0;0x68;__stdcall;;undefined8;uint;uint;uint;uint
;FUN_10111f40;0x10111f40;0x14;__stdcall;;uchar
;FUN_10111f54;0x10111f54;0x9;__fastcall;;uchar;uint;uchar;uchar
;FUN_10111f5d;0x10111f5d;0x9d;__cdecl;;uint;int;uint
;FUN_10111ffa;0x10111ffa;0xf;__stdcall;;uchar
;FUN_10112020;0x10112020;0x14;__stdcall;;uchar
;FUN_10112034;0x10112034;0x9;__fastcall;;uchar;uint;uchar;uchar
;FUN_1011203d;0x1011203d;0x91;__cdecl;;uint;int;uint
;FUN_101120d0;0x101120d0;0x298;__cdecl;;uint*;uint*;uint*;uint
;FUN_10112405;0x10112405;0x14;__cdecl;;bool;uint;uint
;FUN_10112419;0x10112419;0x92;__cdecl;;int;int;uint
;FUN_101124ac;0x101124ac;0x1f;__stdcall;;uchar
;FUN_101124cb;0x101124cb;0x2b;__cdecl;;uint*;uint*
;FUN_101124f6;0x101124f6;0x246;__cdecl;;uint*;int;uint*
;FUN_1011273c;0x1011273c;0x11b;__cdecl;;uint;int;uint*
;FUN_10112857;0x10112857;0xb9;__stdcall;;uint*
;FUN_10112910;0x10112910;0x118;__cdecl;;uint*;uint*;uint*;uint*;uint*
;FUN_10112a28;0x10112a28;0x25;__cdecl;;uchar;uint*;int
;FUN_10112a4d;0x10112a4d;0xcc;__cdecl;;uint;char*;uchar*
;FUN_10112b19;0x10112b19;0x53;__cdecl;;uchar;uint*;uint*
;_longjmp;0x10112b6c;0x78;__cdecl;;void;int*;int
;__setjmp3;0x10112be8;0x7b;__cdecl;;uint;uint*;int;void*;uint
;FUN_10112c63;0x10112c63;0xcf;__cdecl;;float10;double
;__aullshr;0x10112d40;0x1f;__fastcall;;ulonglong;uchar;uint
;FUN_10112d5f;0x10112d5f;0x35;__thiscall;;uint;void*;uint;uint
;FUN_10112d94;0x10112d94;0x16;__thiscall;;uchar;void*;uint;uint
;FUN_10112daa;0x10112daa;0x92;__cdecl;;uint;uint
;FUN_10112e3c;0x10112e3c;0x89;__cdecl;;uint;uint
;FUN_10112f81;0x10112f81;0x2f;__cdecl;;uchar;_IO_FILE*
;FUN_10112fb0;0x10112fb0;0x23;__cdecl;;uchar;int;int
;FUN_10112fd3;0x10112fd3;0x2f;__cdecl;;uchar;uint
;FUN_10113002;0x10113002;0x23;__cdecl;;uchar;int;int
;_memset;0x10113030;0x58;__cdecl;;void*;void*;int;uint
;_strlen;0x10113090;0x7b;__cdecl;;uint;char*
;FUN_1011310b;0x1011310b;0x2a;__cdecl;;uint;uint;int*
;FUN_10113135;0x10113135;0xf9;__cdecl;;uint;uint;int*
;FUN_1011322e;0x1011322e;0x2a;__cdecl;;uint;uint;int*
;FUN_10113258;0x10113258;0xed;__cdecl;;uint;uint;int*
;FUN_10113345;0x10113345;0x23;__cdecl;;ushort;int*
;FUN_10113368;0x10113368;0xf1;__thiscall;;ushort;void*;int*
;FUN_1011350c;0x1011350c;0x17;__thiscall;;uchar;void*;uchar*;int*;uchar*
;FUN_10113523;0x10113523;0x205;__thiscall;;uchar*;void*;uchar*;int*;uchar*;uint
;FUN_10113728;0x10113728;0x17;__thiscall;;uchar;void*;uchar*;int*;uchar*
;FUN_1011373f;0x1011373f;0x73;__cdecl;;uchar;uint
;FUN_101137b2;0x101137b2;0x9;__stdcall;;ulong*
;FUN_101137bb;0x101137bb;0x9;__stdcall;;ulong*
;FUN_101137c4;0x101137c4;0x6;__stdcall;;uchar*
;FUN_101137d0;0x101137d0;0x3e;__cdecl;;int;uchar*;uchar*
;FUN_1011380e;0x1011380e;0x29;__stdcall;;uchar
;FUN_10113837;0x10113837;0x6c;__stdcall;;uchar
;FUN_101138a3;0x101138a3;0x61;__cdecl;;uchar;int
;FUN_10113904;0x10113904;0x15;__cdecl;;uchar;int
;FUN_10113919;0x10113919;0x1ff;__cdecl;;int;ulong;uint;char*;int;wchar_t*;int;uint;int
;FUN_10113b3d;0x10113b3d;0x2b;__cdecl;;int;char*;int
;FUN_10113b68;0x10113b68;0x75;__stdcall;;uint;int;uint
;FUN_10113bdd;0x10113bdd;0x8f;__stdcall;;uchar*
;FUN_10113c6c;0x10113c6c;0x95;__stdcall;;uchar*
;FUN_10113d01;0x10113d01;0x232;__stdcall;;uint*
;FUN_10113f33;0x10113f33;0xfa;__cdecl;;int;uchar*;uint;uchar*;int*;uchar*
;FUN_1011402d;0x1011402d;0x3ef;__cdecl;;uchar;char;int*;uchar*;uint*;int
;FUN_1011441c;0x1011441c;0x27;__cdecl;;uchar;char*;int*;int*
;FUN_10114443;0x10114443;0x6f;__cdecl;;uchar;int;uint;int*;uint*
;FUN_101144b2;0x101144b2;0x49;__cdecl;;uchar;int;int*;uint*
;FUN_101144fb;0x101144fb;0x30e;__cdecl;;uchar;uchar*;int;uchar*;uint*;int
;FUN_10114809;0x10114809;0xaa;__thiscall;;float10;uchar*;uchar*;int*
;FUN_101148b3;0x101148b3;0x255;__cdecl;;int;ulong;ulong;uchar*;int;uchar*;int;uint
;FUN_10114b30;0x10114b30;0xd6;__cdecl;;ulong;uchar*
;FUN_10114b9a;0x10114b9a;0x9;__stdcall;;uchar
;FUN_10114c15;0x10114c15;0x9;__stdcall;;uchar
;_strcmp;0x10114c20;0x81;__cdecl;;int;char*;char*
;FUN_10114ca4;0x10114ca4;0x12;__fastcall;;uchar;void*
;FUN_10114cb6;0x10114cb6;0x3e;__stdcall;;uint
;FUN_10114cf4;0x10114cf4;0x29;__stdcall;;uchar
;FUN_10114d1d;0x10114d1d;0x5a;__cdecl;;uchar;char*
;__fassign;0x10114ddd;0x3e;__cdecl;;void;int;char*;char*
;FUN_10114e1b;0x10114e1b;0x61;__cdecl;;uchar*;undefined8*;uchar*;int;int
;FUN_10114e7c;0x10114e7c;0xc2;__cdecl;;uchar*;uchar*;int;int;int*;char
;FUN_10114f3e;0x10114f3e;0x55;__cdecl;;char*;undefined8*;char*;uint
;FUN_10114f93;0x10114f93;0xa7;__cdecl;;char*;char*;uint;int*;char
;FUN_1011503a;0x1011503a;0x93;__cdecl;;uchar;undefined8*;char*;uint;int
;__cfltcvt;0x101150cd;0x51;__cdecl;;int;double*;char*;uint;int;int;int
;FUN_1011511e;0x1011511e;0x25;__cdecl;;uchar;char*;int
;FUN_1011514c;0x1011514c;0xbd;__cdecl;;uint;int;void*;uint
;FUN_10115209;0x10115209;0x1b;__stdcall;;uchar;int
;FUN_10115224;0x10115224;0x56;__stdcall;;uchar
;FUN_10115285;0x10115285;0x4f;__stdcall;;uchar
;FUN_101152db;0x101152db;0x9b;__cdecl;;uint;_EXCEPTION_RECORD*;void*;ulong;uint;int*;int;void*;char
;FUN_10115376;0x10115376;0x1b3;__cdecl;;uchar;_EXCEPTION_RECORD*;void*;ulong;uint;uint;char;int;void*
;FUN_10115529;0x10115529;0xaa;__cdecl;;uchar;_EXCEPTION_RECORD*;void*;ulong;uint;uint;int;int;void*
;FUN_101155d3;0x101155d3;0x5d;__cdecl;;uint;uchar*;uchar*;uint*
;FUN_10115630;0x10115630;0x84;__cdecl;;uchar;int;uint;int;int
;FUN_101156ce;0x101156ce;0x7b;__cdecl;;uchar;_EXCEPTION_RECORD*;void*;ulong;uint;int;uchar*;uchar*;int*;int;void*
;FUN_10115749;0x10115749;0xa5;__cdecl;;uint;ulong;uint;ulong;uint;uint;int;int
;FUN_10115816;0x10115816;0x4e;__stdcall;;uchar
;FUN_1011588e;0x1011588e;0x1b8;__cdecl;;uchar;int;int;uchar*;uchar*
;FUN_10115a52;0x10115a52;0x56;__cdecl;;uchar;int
;FUN_10115ab9;0x10115ab9;0x23;__cdecl;;int;int;int*
;__CallSettingFrame@12;0x10115ae0;0x4c;__stdcall;;uchar;uint;uint;int
;FUN_10115b2c;0x10115b2c;0x54;__stdcall;;uint
;FUN_10115b80;0x10115b80;0x1e;__stdcall;;uchar
;FUN_10115b9e;0x10115b9e;0x13;__cdecl;;uchar;int
;FUN_10115bb1;0x10115bb1;0x67;__stdcall;;ulong*
;FUN_10115c18;0x10115c18;0xa0;__cdecl;;uchar;uchar*
;FUN_10115cb8;0x10115cb8;0x5d;__cdecl;;uint;uint
;FUN_10115d15;0x10115d15;0x83;__cdecl;;uint;uint
;__freebuf;0x10115d98;0x2b;__cdecl;;void;_iobuf*
;FUN_10115dc3;0x10115dc3;0x118;__cdecl;;uint;uint;int*
;FUN_10115edb;0x10115edb;0x65;__cdecl;;int;uint;char*;uint
;FUN_10115f40;0x10115f40;0x18b;__cdecl;;int;ulong;char*;uint
;FUN_101160cb;0x101160cb;0xdc;__cdecl;;uint;uint*
;FUN_101161a7;0x101161a7;0x44;__cdecl;;uchar;uint*
;FUN_101161eb;0x101161eb;0x28;__cdecl;;ulonglong;char*
;FUN_10116213;0x10116213;0x190;__cdecl;;ulonglong;char*
;FUN_101163a3;0x101163a3;0x65;__cdecl;;ulong;uint;long;ulong
;FUN_10116408;0x10116408;0x73;__cdecl;;ulong;uint;long;ulong
;FUN_1011647b;0x1011647b;0x2f;__cdecl;;uint;int*;long;long;ulong
;FUN_101164aa;0x101164aa;0x91;__cdecl;;uint;int*;long;long;ulong
;FUN_1011653b;0x1011653b;0x93;__cdecl;;ulong;uint
;FUN_101165ce;0x101165ce;0x46;__stdcall;;int;int*
;FUN_10116632;0x10116632;0x77e;__cdecl;varargs;int;int*;char*
;FUN_10116dd0;0x10116dd0;0x35;__cdecl;;uchar;uint;int*;int*
;FUN_10116e05;0x10116e05;0x31;__cdecl;;uchar;uint;int;int*;int*
;FUN_10116e36;0x10116e36;0x38;__cdecl;;uchar;char*;int;int*;int*
;FUN_10116e6e;0x10116e6e;0xd;__cdecl;;uint;int*
;FUN_10116e7b;0x10116e7b;0x10;__cdecl;;undefined8;int*
;FUN_10116e8b;0x10116e8b;0xe;__cdecl;;uint;int*
;FUN_10116e99;0x10116e99;0x170;__cdecl;;uint*;char*;char*;uint;uint*
;FUN_10117009;0x10117009;0xc8;__stdcall;;uint*
;FUN_101170d1;0x101170d1;0x8d;__cdecl;;uint;uint*
;FUN_1011715e;0x1011715e;0x2a;__cdecl;;uchar;int;int*
;FUN_10117190;0x10117190;0x7;__cdecl;;uint*;uint*;uint*
;FUN_101171a0;0x101171a0;0xe0;__cdecl;;uint*;uint*;uint*
;FUN_10117280;0x10117280;0x9b;__cdecl;;uchar*;uint;uint;uint;int;uint;ushort
;FUN_1011731b;0x1011731b;0x23;__fastcall;;uchar;int
;FUN_1011733e;0x1011733e;0x10b;__stdcall;;uchar*
;FUN_10117449;0x10117449;0x14d;__cdecl;;void*;void*
;FUN_10117596;0x10117596;0x2a;__cdecl;;void*;void*
;FUN_101175c0;0x101175c0;0xb9;__cdecl;;void*;void*
;FUN_10117679;0x10117679;0x386;__cdecl;;void*;void*
;FUN_10117a23;0x10117a23;0x27b;__cdecl;;void*;void*
;FUN_10117c9e;0x10117c9e;0x56;__cdecl;;void*;void*
;FUN_10117cf4;0x10117cf4;0x7b;__cdecl;;void*;void*
;FUN_10117d6f;0x10117d6f;0x63;__stdcall;;int
;FUN_10117dd2;0x10117dd2;0x110;__cdecl;;void*;void*
;FUN_10117ee2;0x10117ee2;0x1be;__cdecl;;void*;void*
;FUN_101180a0;0x101180a0;0x1ae;__cdecl;;void*;void*
;FUN_1011824e;0x1011824e;0xa80;__cdecl;;void*;void*;int*
;FUN_10118cce;0x10118cce;0x2dc;__stdcall;;uint
;FUN_10118fce;0x10118fce;0x90;__cdecl;;void*;void*
;FUN_1011905e;0x1011905e;0xdd;__cdecl;;void*;void*
;FUN_1011913b;0x1011913b;0x9c;__cdecl;;void*;void*
;FUN_101191d7;0x101191d7;0x32;__cdecl;;void*;void*;int
;FUN_10119209;0x10119209;0xb4;__cdecl;;void*;void*;int
;FUN_101192bd;0x101192bd;0x152;__cdecl;;void*;void*;int*
;FUN_1011940f;0x1011940f;0x98;__cdecl;;void*;void*
;FUN_101194a7;0x101194a7;0xd8;__cdecl;;void*;void*
;FUN_1011957f;0x1011957f;0x86;__cdecl;;void*;void*
;FUN_10119605;0x10119605;0x2c4;__cdecl;;void*;void*;int*
;FUN_10119942;0x10119942;0xfd;__cdecl;;void*;void*
;FUN_10119a3f;0x10119a3f;0xb9;__cdecl;;void*;void*
;FUN_10119b18;0x10119b18;0x366;__cdecl;;void*;void*;int*
;FUN_10119e7e;0x10119e7e;0x135;__cdecl;;void*;void*;int*;int*;int
;FUN_10119fb3;0x10119fb3;0x402;__cdecl;;void*;void*;int*;char;int*;int
;FUN_1011a3b5;0x1011a3b5;0x92;__cdecl;;void*;void*;int*;int
;FUN_1011a447;0x1011a447;0x14e;__cdecl;;uint;uint;int*
;FUN_1011a595;0x1011a595;0x38;__cdecl;;void*;void*
;FUN_1011a5cd;0x1011a5cd;0x2c;__cdecl;;uint;uint
;FUN_1011a5f9;0x1011a5f9;0x3a;__cdecl;;void*;void*
;FUN_1011a633;0x1011a633;0x18a;__cdecl;;void*;void*;uint*
;FUN_1011a7bd;0x1011a7bd;0x2c;__cdecl;;void*;void*
;FUN_1011a7e9;0x1011a7e9;0x6f;__cdecl;;void*;void*;int*
;FUN_1011a858;0x1011a858;0x19;__cdecl;;uchar*;int
;FUN_1011a871;0x1011a871;0x87;__thiscall;;int;void*;int;int
;FUN_1011a8f8;0x1011a8f8;0xa;__fastcall;;uchar;uint*
;FUN_1011a902;0x1011a902;0x23;__thiscall;;uint*;void*;char
;FUN_1011a925;0x1011a925;0x4c;__thiscall;;uchar;void*;uint*
;FUN_1011a971;0x1011a971;0x56;__thiscall;;uint*;void*;int
;FUN_1011a9c7;0x1011a9c7;0x2a;__thiscall;;uint*;void*;char*
;FUN_1011a9f1;0x1011a9f1;0xba;__thiscall;;uint*;void*;uint*;char
;FUN_1011aaab;0x1011aaab;0x50;__thiscall;;uint*;void*;uint
;FUN_1011aafb;0x1011aafb;0x62;__thiscall;;uint*;void*;uint
;FUN_1011ab5d;0x1011ab5d;0x14;__fastcall;;uint;int
;FUN_1011ab71;0x1011ab71;0x15;__fastcall;;uint;int*
;FUN_1011ab86;0x1011ab86;0x1b;__fastcall;;uint;int*
;FUN_1011aba1;0x1011aba1;0x1b;__fastcall;;uint;int*
;FUN_1011abbc;0x1011abbc;0x27;__fastcall;;int;int*
;FUN_1011abe3;0x1011abe3;0x3a;__fastcall;;uint;int*
;FUN_1011ac1d;0x1011ac1d;0x96;__thiscall;;uchar*;void*;uchar*;uchar*
;FUN_1011acb3;0x1011acb3;0x3f;__thiscall;;void*;void*;void*;char
;FUN_1011acf2;0x1011acf2;0x3f;__thiscall;;void*;void*;void*;char*
;FUN_1011ad31;0x1011ad31;0x67;__thiscall;;void*;void*;void*;int*
;FUN_1011ad98;0x1011ad98;0x3f;__thiscall;;void*;void*;void*;uint
;FUN_1011add7;0x1011add7;0x65;__thiscall;;int*;void*;char
;FUN_1011ae3c;0x1011ae3c;0x6c;__thiscall;;int*;void*;char*
;FUN_1011aea8;0x1011aea8;0x64;__thiscall;;int*;void*;int*
;FUN_1011af0c;0x1011af0c;0x79;__thiscall;;int*;void*;uint
;FUN_1011af85;0x1011af85;0x3c;__thiscall;;int;void*;int
;FUN_1011afc1;0x1011afc1;0x19;__fastcall;;void*;void*;uchar;uchar
;FUN_1011afda;0x1011afda;0x23;__thiscall;;void*;void*;char*
;FUN_1011affd;0x1011affd;0x58;__thiscall;;uchar;void*;uint*
;FUN_1011b055;0x1011b055;0x79;__thiscall;;uint*;void*;uint
;FUN_1011b0ce;0x1011b0ce;0x9b;__thiscall;;uchar;void*;char*;int
;FUN_1011b169;0x1011b169;0x1e;__fastcall;;uint*;uint*
??YReplicator@@QAEAAV0@ABVDName@@@Z;Replicator::operator+=;0x1011b187;0x47;__thiscall;;Replicator*;Replicator*;DName*
??AReplicator@@QBEABVDName@@H@Z;Replicator::operator[];0x1011b1ce;0x29;__thiscall;;DName*;Replicator*;int
;FUN_1011b1f7;0x1011b1f7;0xd;__fastcall;;uchar;uint*
;FUN_1011b204;0x1011b204;0x46;__fastcall;;uint*;uint
;FUN_1011b24a;0x1011b24a;0xf;__thiscall;;uchar;void*;uint
;FUN_1011b259;0x1011b259;0x29;__thiscall;;uchar;void*;int
;FUN_1011b282;0x1011b282;0x1b;__thiscall;;uint*;void*;uchar
;FUN_1011b2c0;0x1011b2c0;0x69;__thiscall;;uint*;void*;char*;int
;FUN_1011b370;0x1011b370;0x31;__thiscall;;uint*;void*;int
;FUN_1011b3e6;0x1011b3e6;0x2a;__thiscall;;uint*;void*;int
;FUN_1011b453;0x1011b453;0x10;__cdecl;;int;char*
;FUN_1011b463;0x1011b463;0x23;__cdecl;;char*;char*;char*;int
;FUN_1011b486;0x1011b486;0x2d;__cdecl;;uchar;uint*
;FUN_1011b4b3;0x1011b4b3;0x148;__stdcall;;int
;FUN_1011b5fb;0x1011b5fb;0x5d;__cdecl;;uint;int
;FUN_1011b658;0x1011b658;0xa8;__stdcall;;uchar
;FUN_1011b700;0x1011b700;0x48;unknown;;uchar
;FUN_1011b748;0x1011b748;0x2b;__cdecl;;uint;int
;FUN_1011b773;0x1011b773;0x329;__cdecl;;uchar;uint*;int
;FUN_1011ba9c;0x1011ba9c;0x309;__cdecl;;int*;uint*
;FUN_1011bda5;0x1011bda5;0xb1;__stdcall;;uint*
;FUN_1011be56;0x1011be56;0xfb;__cdecl;;int;int
;FUN_1011bf51;0x1011bf51;0x2f6;__cdecl;;uint;uint*;int;int
;FUN_1011c247;0x1011c247;0x144;__stdcall;;uchar**
;FUN_1011c38b;0x1011c38b;0x56;__cdecl;;uchar;uchar**
;FUN_1011c3e1;0x1011c3e1;0xc2;__cdecl;;uchar;int
;FUN_1011c4a3;0x1011c4a3;0x57;__cdecl;;int;uchar*;uint*;uint*
;FUN_1011c4fa;0x1011c4fa;0x45;__cdecl;;uchar;int;int;uchar*
;FUN_1011c53f;0x1011c53f;0x208;__cdecl;;int*;uint
;FUN_1011c747;0x1011c747;0x124;__cdecl;;int;int*;uint;uint
;FUN_1011c86b;0x1011c86b;0xa9;__cdecl;;uint;int;int*;uchar*;uint
;FUN_1011c914;0x1011c914;0x1b;__cdecl;;uint;uint
;FUN_1011c92f;0x1011c92f;0x7f;__thiscall;;uchar;void*;uint*;uchar*
;FUN_1011cb80;0x1011cb80;0x17;__fastcall;;float10;uint;uint;ushort;uint;uint;uint;uint;uint
;__startOneArgErrorHandling;0x1011cb97;0x3c;__fastcall;;float10;uint;uint;ushort;uint;uint;uint
;FUN_1011cbf5;0x1011cbf5;0x17;__stdcall;;uchar;uint
;FUN_1011cc0c;0x1011cc0c;0x19;__stdcall;;uint
;__fload_withFB;0x1011cc25;0x43;__fastcall;;uint;uint;int
;FUN_1011cc68;0x1011cc68;0x16;__cdecl;;uint;uint;uint
;FUN_1011cc7e;0x1011cc7e;0xd;__stdcall;;uchar
;__math_exit;0x1011cc8b;0x2a;__fastcall;;uchar;uint;uint;uint;uint;uint
;FUN_1011cd6c;0x1011cd6c;0x65;__cdecl;;int;uint;char*;char*
;FUN_1011cdd1;0x1011cdd1;0x1d9;__cdecl;;int;uint;char*;char*
;FUN_1011d1b7;0x1011d1b7;0x130;__cdecl;;uint;int;int;double;double*
;FUN_1011d2e7;0x1011d2e7;0x65;__cdecl;;uint;double
;FUN_1011d34c;0x1011d34c;0x1ad;__cdecl;;uint;int
;FUN_1011d4f9;0x1011d4f9;0x4a;__cdecl;;int;int
;FUN_1011d543;0x1011d543;0x33;__cdecl;;uint;int
;FUN_1011d576;0x1011d576;0x29;__stdcall;;uchar
;FUN_1011d59f;0x1011d59f;0x185;__stdcall;;uchar
;FUN_1011d724;0x1011d724;0x1c;__stdcall;;uchar
;FUN_1011d740;0x1011d740;0x1bc;__stdcall;;uchar
;FUN_1011d8fc;0x1011d8fc;0x54;__stdcall;;uchar
;FUN_1011d950;0x1011d950;0xb9;__stdcall;;uchar
;FUN_1011da09;0x1011da09;0x99;__stdcall;;uchar
;FUN_1011daa2;0x1011daa2;0x1b4;__cdecl;;uchar;uchar*;uint*;uchar*;int*;int*
;FUN_1011dc56;0x1011dc56;0x132;__stdcall;;char*
;FUN_1011dd88;0x1011dd88;0x39;__stdcall;;uchar
;FUN_1011ddc1;0x1011ddc1;0x153;__cdecl;;uchar;ulong
;FUN_1011df14;0x1011df14;0x29;__cdecl;;float10;undefined8;short
;FUN_1011df3d;0x1011df3d;0x5a;__cdecl;;uint;int;uint
;FUN_1011df97;0x1011df97;0xc1;__cdecl;;float10;uint;uint;int*
;FUN_1011e058;0x1011e058;0x54;__cdecl;;float10;int;double
;FUN_1011e0ac;0x1011e0ac;0x98;__cdecl;;float10;uint;uint;undefined8;double;uint
;FUN_1011e144;0x1011e144;0x2b3;__cdecl;;uchar;uint*;uint*;uint;uint;undefined8*;undefined8*
;FUN_1011e3f7;0x1011e3f7;0x217;__cdecl;;bool;uint;double*;uint
;FUN_1011e60e;0x1011e60e;0x88;__cdecl;;float10;int;int
;FUN_1011e696;0x1011e696;0x28;__cdecl;;uchar;int
;FUN_1011e6be;0x1011e6be;0x25;__cdecl;;uchar*;int
;FUN_1011e6e3;0x1011e6e3;0x2d;__cdecl;;int;uchar
;FUN_1011e710;0x1011e710;0xe;__stdcall;;int
;FUN_1011e71e;0x1011e71e;0xf;__stdcall;;int
;FUN_1011e72d;0x1011e72d;0x23;__stdcall;;int;uint;uint
;FUN_1011e750;0x1011e750;0x56;__stdcall;;uchar;uint
;FUN_1011e837;0x1011e837;0x34e;__cdecl;;uint;char*
;FUN_1011eb85;0x1011eb85;0x190;__cdecl;;uchar;uint*
;FUN_1011eeea;0x1011eeea;0x37;__cdecl;;uchar;char*
;FUN_1011efec;0x1011efec;0x122;__cdecl;;uint;int
;FUN_1011f10e;0x1011f10e;0x4e;__cdecl;;uchar;int
;FUN_1011f15c;0x1011f15c;0x245;__stdcall;;uint
;FUN_1011f3a1;0x1011f3a1;0x3;__stdcall;;uint
;FUN_1011f3b0;0x1011f3b0;0x3a;__cdecl;;uchar*;uchar*;uchar*
;FUN_1011f3ea;0x1011f3ea;0x17d;__thiscall;;uint;void*;char*;ushort*;int
;FUN_1011f567;0x1011f567;0x58;__thiscall;;uchar;void*;int;int;uchar*
;FUN_1011f5bf;0x1011f5bf;0x87;__stdcall;;uchar
;FUN_1011f646;0x1011f646;0x204;__stdcall;;uint;char*
;FUN_1011f84a;0x1011f84a;0x56;__stdcall;;uchar
;FUN_1011f8a0;0x1011f8a0;0xbd;__stdcall;;uint;char*
;FUN_1011f95d;0x1011f95d;0x37;__stdcall;;uchar
;FUN_1011f994;0x1011f994;0x86;__stdcall;;uint;char*
;FUN_1011fa1a;0x1011fa1a;0x1a;__stdcall;;uchar
;FUN_1011fa34;0x1011fa34;0x66;__cdecl;;uchar;uchar*
;FUN_1011fa9a;0x1011fa9a;0x1f;__cdecl;;uint;short
;FUN_1011fab9;0x1011fab9;0x62;__cdecl;;uint;int;int
;FUN_1011fb1b;0x1011fb1b;0x36;__stdcall;;uint
;FUN_1011fb51;0x1011fb51;0xe6;__stdcall;;int;uint;ulong;char*;int
;FUN_1011fc37;0x1011fc37;0x39;__cdecl;;int;char*
;FUN_1011fc70;0x1011fc70;0x21;__cdecl;;int;char*
;FUN_1011fc91;0x1011fc91;0x4c;__stdcall;;uchar;uint
;__frnd;0x1011fcf6;0x12;__cdecl;;float10;double
;FUN_1011fd08;0x1011fd08;0x182;__cdecl;;uint;ulong*
;FUN_1011fe8a;0x1011fe8a;0x3d;__cdecl;;uint;int;uint
;FUN_1011ff48;0x1011ff48;0x127;__cdecl;;uint;uint;int*
;FUN_1012006f;0x1012006f;0x59;__cdecl;;char*;char*;wchar_t
;FUN_101200c8;0x101200c8;0x69;__cdecl;;char*;char*;wchar_t
;FUN_10120131;0x10120131;0xe7;__cdecl;;ushort;uint*
;FUN_10120218;0x10120218;0x5d;__cdecl;;uint;wchar_t*;uchar*;uint
;FUN_10120275;0x10120275;0xc9;__cdecl;;uint;wchar_t*;uchar*;uint
;FUN_1012033e;0x1012033e;0x13e;__cdecl;;int;ulong;char*;int;ushort*;uint;ulong;int
;FUN_10120487;0x10120487;0x2e;__stdcall;;uchar
;FUN_101204b5;0x101204b5;0x287;__stdcall;;uchar
;_stricmp;0x10120740;0xd0;__stdcall;;uint;uchar*;uchar*
;FUN_10120810;0x10120810;0x49;__cdecl;;uint;int;int
;FUN_10120859;0x10120859;0x56;__cdecl;;uchar;int;int
;FUN_101208af;0x101208af;0x8c;__cdecl;;uint;int;int
;FUN_1012093b;0x1012093b;0x1b;__cdecl;;uchar;int;uint*
;FUN_10120956;0x10120956;0xc;__cdecl;;uchar;uint*
;FUN_10120962;0x10120962;0x1b;__cdecl;;uint;int*
;FUN_1012097d;0x1012097d;0x8d;__cdecl;;uchar;uint*;uint
;FUN_10120a0a;0x10120a0a;0x16c;__cdecl;;uint;ushort*;uint*;int*
;FUN_10120b76;0x10120b76;0x16;__cdecl;;uchar;ushort*;uint*
;FUN_10120b8c;0x10120b8c;0x16;__cdecl;;uchar;ushort*;uint*
;FUN_10120ba2;0x10120ba2;0x2d;__thiscall;;uchar;void*;uint*;uchar*
;FUN_10120bcf;0x10120bcf;0x2d;__thiscall;;uchar;void*;uint*;uchar*
;FUN_10120bfc;0x10120bfc;0x77;__cdecl;;uchar;char*;int;int
;FUN_10120c73;0x10120c73;0x5c;__cdecl;;int*;uint;uint;int*;uint*
;FUN_10120ccf;0x10120ccf;0xb6;__cdecl;;uchar;uint*;uint*
;__fptrap;0x10120d85;0x9;__cdecl;;void
;FUN_10120d8e;0x10120d8e;0x17;__stdcall;;uchar
;FUN_10120da5;0x10120da5;0x1c;__cdecl;;bool;void*;uint
;FUN_10120dc1;0x10120dc1;0x1c;__cdecl;;bool;void*;uint
;FUN_10120ddd;0x10120ddd;0x18;__cdecl;;bool;FARPROC*
;FUN_10120df5;0x10120df5;0x123;__stdcall;;uint
;FUN_10120f18;0x10120f18;0x7c;__cdecl;;uint;uint;void*
;FUN_10120f94;0x10120f94;0x7f;__cdecl;;uint;uint
;FUN_10121013;0x10121013;0x42;__cdecl;;uint;uint
;FUN_10121055;0x10121055;0x5f;__cdecl;;uchar;uint
;FUN_101210b4;0x101210b4;0x22;__cdecl;;uchar;uint
;FUN_101210d6;0x101210d6;0x29;__cdecl;;uchar;uint
;FUN_101210ff;0x101210ff;0x71;__cdecl;;undefined8;uint;long;long;ulong
;FUN_10121170;0x10121170;0x85;__cdecl;;undefined8;uint;long;long;ulong
;FUN_101211f5;0x101211f5;0x17;__cdecl;;uchar;char*;uint;uint
;FUN_1012120c;0x1012120c;0x2cf;__cdecl;;uint;char*;uint;uint;uint
;FUN_101214db;0x101214db;0x4a1;__thiscall;;uint;void*;ushort*;uint*;uchar*;int;int;int;int
;FUN_101219ac;0x101219ac;0xd0;__cdecl;;uchar;uint;int*;ushort*
;FUN_1012280b;0x1012280b;0x89;__cdecl;;int;uint;uint;uint
;FUN_10122894;0x10122894;0x138;__cdecl;;uint;int;ulong;ulong;char*
;FUN_101229cc;0x101229cc;0x1a7;__cdecl;;int;ulong;wchar_t*;int;ushort*;uint;ulong
;FUN_10122b91;0x10122b91;0x2d;__cdecl;;char*;uint;char*;uint
;FUN_10122bbe;0x10122bbe;0x5c;__cdecl;;uchar;uint;char*;uint;int
;strncmp;0x10122c20;0x101;__cdecl;;void*;uchar*;char*;void*
;FUN_10122d21;0x10122d21;0x7d;__cdecl;;int;uchar*
;FUN_10122d9e;0x10122d9e;0x21;__cdecl;;uint;uint;uint;uint*
;___add_12;0x10122dbf;0x5e;__cdecl;;uchar;uint*;uint*
;FUN_10122e1d;0x10122e1d;0x2e;__cdecl;;uchar;uint*
;FUN_10122e4b;0x10122e4b;0x2d;__cdecl;;uchar;uint*
;FUN_10122e78;0x10122e78;0xc7;__cdecl;;uchar;char*;int;uint*
;FUN_10122f3f;0x10122f3f;0x293;__cdecl;;uint;uint;uint;uint;int;uchar;short*
;FUN_101231d2;0x101231d2;0x125;__cdecl;;int;uint;int
;FUN_101232f7;0x101232f7;0x220;__cdecl;;uchar;int*;int*
;FUN_10123517;0x10123517;0x7c;__cdecl;;uchar;int*;uint;int
;FUN_10123593;0x10123593;0x108;__cdecl;;int;ulong;ulong;wchar_t*;int;uint
;FUN_101236a6;0x101236a6;0x113;__cdecl;;int;ulong;ulong;char*;int;uint
;__mbsnbicoll;0x101237c4;0x3f;__cdecl;;int;uchar*;uchar*;uint
;FUN_10123803;0x10123803;0x6e;__stdcall;;uint
;FUN_10123871;0x10123871;0x61;__cdecl;;int;uint;int
;FUN_101238d2;0x101238d2;0x187;__cdecl;;uint;uint*;int
;FUN_10123a59;0x10123a59;0x58;__cdecl;;int;uchar*;uint
;FUN_10123ab1;0x10123ab1;0x67;__cdecl;;uint*;int*
;Unwind@10123b40;0x10123b40;0x8;__stdcall;;uchar
;Unwind@10123b48;0x10123b48;0xe;__stdcall;;uchar
;Unwind@10123b56;0x10123b56;0xe;__stdcall;;uchar
;Unwind@10123b64;0x10123b64;0xe;__stdcall;;uchar
;Unwind@10123b72;0x10123b72;0xe;__stdcall;;uchar
;Unwind@10123b80;0x10123b80;0xe;__stdcall;;uchar
;Unwind@10123b8e;0x10123b8e;0xe;__stdcall;;uchar
;Unwind@10123b9c;0x10123b9c;0xe;__stdcall;;uchar
;Unwind@10123baa;0x10123baa;0xe;__stdcall;;uchar
;Unwind@10123bb8;0x10123bb8;0xe;__stdcall;;uchar
;Unwind@10123bc6;0x10123bc6;0xe;__stdcall;;uchar
;Unwind@10123bd4;0x10123bd4;0xe;__stdcall;;uchar
;Unwind@10123be2;0x10123be2;0xe;__stdcall;;uchar
;Unwind@10123bf0;0x10123bf0;0xe;__stdcall;;uchar
;Unwind@10123bfe;0x10123bfe;0xe;__stdcall;;uchar
;Unwind@10123c20;0x10123c20;0x8;__stdcall;;uchar
;Unwind@10123c28;0x10123c28;0xe;__stdcall;;uchar
;Unwind@10123c36;0x10123c36;0xe;__stdcall;;uchar
;Unwind@10123c44;0x10123c44;0xe;__stdcall;;uchar
;Unwind@10123c52;0x10123c52;0xe;__stdcall;;uchar
;Unwind@10123c60;0x10123c60;0xe;__stdcall;;uchar
;Unwind@10123c6e;0x10123c6e;0xe;__stdcall;;uchar
;Unwind@10123c7c;0x10123c7c;0xe;__stdcall;;uchar
;Unwind@10123c8a;0x10123c8a;0xe;__stdcall;;uchar
;Unwind@10123c98;0x10123c98;0xe;__stdcall;;uchar
;Unwind@10123ca6;0x10123ca6;0xe;__stdcall;;uchar
;Unwind@10123cb4;0x10123cb4;0xe;__stdcall;;uchar
;Unwind@10123cc2;0x10123cc2;0xe;__stdcall;;uchar
;Unwind@10123cd0;0x10123cd0;0xe;__stdcall;;uchar
;Unwind@10123cde;0x10123cde;0xe;__stdcall;;uchar
;Unwind@10123cec;0x10123cec;0x8;__stdcall;;uchar
;Unwind@10123d00;0x10123d00;0xb;__stdcall;;uchar
;Unwind@10123d20;0x10123d20;0x8;__stdcall;;uchar
;Unwind@10123d28;0x10123d28;0x1a;__stdcall;;uchar
;Unwind@10123d42;0x10123d42;0xb;__stdcall;;uchar
;Unwind@10123d4d;0x10123d4d;0xe;__stdcall;;uchar
;Unwind@10123d5b;0x10123d5b;0xe;__stdcall;;uchar
;Unwind@10123d69;0x10123d69;0xe;__stdcall;;uchar
;Unwind@10123d77;0x10123d77;0xe;__stdcall;;uchar
;Unwind@10123d85;0x10123d85;0xe;__stdcall;;uchar
;Unwind@10123d93;0x10123d93;0xe;__stdcall;;uchar
;Unwind@10123da1;0x10123da1;0xe;__stdcall;;uchar
;Unwind@10123daf;0x10123daf;0xe;__stdcall;;uchar
;Unwind@10123dbd;0x10123dbd;0xe;__stdcall;;uchar
;Unwind@10123dcb;0x10123dcb;0xe;__stdcall;;uchar
;Unwind@10123dd9;0x10123dd9;0xe;__stdcall;;uchar
;Unwind@10123de7;0x10123de7;0xe;__stdcall;;uchar
;Unwind@10123df5;0x10123df5;0xe;__stdcall;;uchar
;Unwind@10123e03;0x10123e03;0xe;__stdcall;;uchar
;Unwind@10123e11;0x10123e11;0xe;__stdcall;;uchar
;Unwind@10123e30;0x10123e30;0xe;__stdcall;;uchar
;Unwind@10123e3e;0x10123e3e;0xe;__stdcall;;uchar
;Unwind@10123e4c;0x10123e4c;0xe;__stdcall;;uchar
;Unwind@10123e5a;0x10123e5a;0xe;__stdcall;;uchar
;Unwind@10123e68;0x10123e68;0xe;__stdcall;;uchar
;Unwind@10123e76;0x10123e76;0xe;__stdcall;;uchar
;Unwind@10123e84;0x10123e84;0xe;__stdcall;;uchar
;Unwind@10123e92;0x10123e92;0xe;__stdcall;;uchar
;Unwind@10123ea0;0x10123ea0;0xe;__stdcall;;uchar
;Unwind@10123eae;0x10123eae;0xe;__stdcall;;uchar
;Unwind@10123ed0;0x10123ed0;0x8;__stdcall;;uchar
;Unwind@10123ef0;0x10123ef0;0xb;__stdcall;;uchar
;Unwind@10123efb;0x10123efb;0xb;__stdcall;;uchar
;Unwind@10123f10;0x10123f10;0xb;__stdcall;;uchar
;Unwind@10123f30;0x10123f30;0xb;__stdcall;;uchar
;Unwind@10123f50;0x10123f50;0xe;__stdcall;;uchar
;Unwind@10123f70;0x10123f70;0xb;__stdcall;;uchar
;Unwind@10123f90;0x10123f90;0x8;__stdcall;;uchar
;Unwind@10123f98;0x10123f98;0xe;__stdcall;;uchar
;Unwind@10123fa6;0x10123fa6;0xe;__stdcall;;uchar
;Unwind@10123fb4;0x10123fb4;0xe;__stdcall;;uchar
;Unwind@10123fc2;0x10123fc2;0xe;__stdcall;;uchar
;Unwind@10123fd0;0x10123fd0;0xe;__stdcall;;uchar
;Unwind@10123fde;0x10123fde;0xe;__stdcall;;uchar
;Unwind@10123fec;0x10123fec;0xe;__stdcall;;uchar
;Unwind@10123ffa;0x10123ffa;0xe;__stdcall;;uchar
;Unwind@10124008;0x10124008;0xe;__stdcall;;uchar
;Unwind@10124016;0x10124016;0xe;__stdcall;;uchar
;Unwind@10124030;0x10124030;0xe;__stdcall;;uchar
;Unwind@1012403e;0x1012403e;0xe;__stdcall;;uchar
;Unwind@1012404c;0x1012404c;0xe;__stdcall;;uchar
;Unwind@1012405a;0x1012405a;0xe;__stdcall;;uchar
;Unwind@10124068;0x10124068;0xe;__stdcall;;uchar
;Unwind@10124076;0x10124076;0xe;__stdcall;;uchar
;Unwind@10124084;0x10124084;0xe;__stdcall;;uchar
;Unwind@10124092;0x10124092;0xe;__stdcall;;uchar
;Unwind@101240a0;0x101240a0;0xe;__stdcall;;uchar
;Unwind@101240ae;0x101240ae;0xe;__stdcall;;uchar
;Unwind@101240bc;0x101240bc;0xe;__stdcall;;uchar
;Unwind@101240ca;0x101240ca;0xe;__stdcall;;uchar
;Unwind@101240f0;0x101240f0;0xe;__stdcall;;uchar
;Unwind@101240fe;0x101240fe;0xe;__stdcall;;uchar
;Unwind@1012410c;0x1012410c;0xe;__stdcall;;uchar
;Unwind@1012411a;0x1012411a;0xe;__stdcall;;uchar
;Unwind@10124128;0x10124128;0xe;__stdcall;;uchar
;Unwind@10124136;0x10124136;0xe;__stdcall;;uchar
;Unwind@10124144;0x10124144;0xe;__stdcall;;uchar
;Unwind@10124152;0x10124152;0xe;__stdcall;;uchar
;Unwind@10124160;0x10124160;0xe;__stdcall;;uchar
;Unwind@1012416e;0x1012416e;0xe;__stdcall;;uchar
;Unwind@10124190;0x10124190;0x8;__stdcall;;uchar
;Unwind@10124198;0x10124198;0xe;__stdcall;;uchar
;Unwind@101241a6;0x101241a6;0xe;__stdcall;;uchar
;Unwind@101241b4;0x101241b4;0xe;__stdcall;;uchar
;Unwind@101241c2;0x101241c2;0xe;__stdcall;;uchar
;Unwind@101241d0;0x101241d0;0xe;__stdcall;;uchar
;Unwind@101241de;0x101241de;0xe;__stdcall;;uchar
;Unwind@101241ec;0x101241ec;0xe;__stdcall;;uchar
;Unwind@101241fa;0x101241fa;0xe;__stdcall;;uchar
;Unwind@10124208;0x10124208;0xe;__stdcall;;uchar
;Unwind@10124216;0x10124216;0xe;__stdcall;;uchar
;Unwind@10124224;0x10124224;0xe;__stdcall;;uchar
;Unwind@10124232;0x10124232;0xe;__stdcall;;uchar
;Unwind@10124240;0x10124240;0xe;__stdcall;;uchar
;Unwind@1012424e;0x1012424e;0xe;__stdcall;;uchar
;Unwind@1012425c;0x1012425c;0xe;__stdcall;;uchar
;Unwind@1012426a;0x1012426a;0xe;__stdcall;;uchar
;Unwind@10124278;0x10124278;0xe;__stdcall;;uchar
;Unwind@10124286;0x10124286;0xe;__stdcall;;uchar
;Unwind@10124294;0x10124294;0xe;__stdcall;;uchar
;Unwind@101242b0;0x101242b0;0x8;__stdcall;;uchar
;Unwind@101242b8;0x101242b8;0xb;__stdcall;;uchar
;Unwind@101242c3;0x101242c3;0xb;__stdcall;;uchar
;Unwind@101242ce;0x101242ce;0xe;__stdcall;;uchar
;Unwind@101242dc;0x101242dc;0xe;__stdcall;;uchar
;Unwind@101242ea;0x101242ea;0x11;__stdcall;;uchar
;Unwind@101242fb;0x101242fb;0xe;__stdcall;;uchar
;Unwind@10124320;0x10124320;0x8;__stdcall;;uchar
;Unwind@10124340;0x10124340;0xb;__stdcall;;uchar
;Unwind@1012434b;0x1012434b;0x8;__stdcall;;uchar
;Unwind@10124353;0x10124353;0xb;__stdcall;;uchar
;Unwind@10124370;0x10124370;0x8;__stdcall;;uchar
;Unwind@10124378;0x10124378;0xb;__stdcall;;uchar
;Unwind@101243a0;0x101243a0;0x11;__stdcall;;uchar
;Unwind@101243b1;0x101243b1;0xb;__stdcall;;uchar
;Unwind@101243d0;0x101243d0;0x11;__stdcall;;uchar
;Unwind@101243f0;0x101243f0;0xb;__stdcall;;uchar
;Unwind@10124410;0x10124410;0x8;__stdcall;;uchar
;Unwind@10124418;0x10124418;0xe;__stdcall;;uchar
;Unwind@10124426;0x10124426;0xe;__stdcall;;uchar
;Unwind@10124434;0x10124434;0xe;__stdcall;;uchar
;Unwind@10124442;0x10124442;0xe;__stdcall;;uchar
;Unwind@10124450;0x10124450;0xe;__stdcall;;uchar
;Unwind@1012445e;0x1012445e;0xe;__stdcall;;uchar
;Unwind@1012446c;0x1012446c;0xe;__stdcall;;uchar
;Unwind@1012447a;0x1012447a;0xe;__stdcall;;uchar
;Unwind@10124488;0x10124488;0xe;__stdcall;;uchar
;Unwind@10124496;0x10124496;0xe;__stdcall;;uchar
;Unwind@101244a4;0x101244a4;0xe;__stdcall;;uchar
;Unwind@101244b2;0x101244b2;0xe;__stdcall;;uchar
;Unwind@101244c0;0x101244c0;0xe;__stdcall;;uchar
;Unwind@101244ce;0x101244ce;0xe;__stdcall;;uchar
;Unwind@101244dc;0x101244dc;0xe;__stdcall;;uchar
;Unwind@10124500;0x10124500;0x8;__stdcall;;uchar
;Unwind@10124508;0x10124508;0xe;__stdcall;;uchar
;Unwind@10124516;0x10124516;0xe;__stdcall;;uchar
;Unwind@10124524;0x10124524;0xe;__stdcall;;uchar
;Unwind@10124532;0x10124532;0xe;__stdcall;;uchar
;Unwind@10124540;0x10124540;0xe;__stdcall;;uchar
;Unwind@1012454e;0x1012454e;0xe;__stdcall;;uchar
;Unwind@1012455c;0x1012455c;0xe;__stdcall;;uchar
;Unwind@1012456a;0x1012456a;0xe;__stdcall;;uchar
;Unwind@10124578;0x10124578;0xe;__stdcall;;uchar
;Unwind@10124586;0x10124586;0xe;__stdcall;;uchar
;Unwind@10124594;0x10124594;0xe;__stdcall;;uchar
;Unwind@101245a2;0x101245a2;0xe;__stdcall;;uchar
;Unwind@101245c0;0x101245c0;0x8;__stdcall;;uchar
;Unwind@101245c8;0x101245c8;0x8;__stdcall;;uchar
;Unwind@101245d0;0x101245d0;0xe;__stdcall;;uchar
;Unwind@101245de;0x101245de;0xe;__stdcall;;uchar
;Unwind@101245ec;0x101245ec;0xe;__stdcall;;uchar
;Unwind@101245fa;0x101245fa;0xe;__stdcall;;uchar
;Unwind@10124620;0x10124620;0x8;__stdcall;;uchar
;Unwind@10124628;0x10124628;0x1a;__stdcall;;uchar
;Unwind@10124642;0x10124642;0xb;__stdcall;;uchar
;Unwind@1012464d;0x1012464d;0x8;__stdcall;;uchar
;Unwind@10124660;0x10124660;0x8;__stdcall;;uchar
;Unwind@10124680;0x10124680;0x8;__stdcall;;uchar
;Unwind@101246a0;0x101246a0;0x8;__stdcall;;uchar
;Unwind@101246a8;0x101246a8;0x8;__stdcall;;uchar
;Unwind@101246b0;0x101246b0;0x11;__stdcall;;uchar
;Unwind@101246c1;0x101246c1;0x8;__stdcall;;uchar
;Unwind@101246e0;0x101246e0;0x8;__stdcall;;uchar
;Unwind@10124700;0x10124700;0x8;__stdcall;;uchar
;Unwind@10124708;0x10124708;0xe;__stdcall;;uchar
;Unwind@10124720;0x10124720;0x8;__stdcall;;uchar
;Unwind@10124728;0x10124728;0xe;__stdcall;;uchar
;Unwind@10124740;0x10124740;0x8;__stdcall;;uchar
;Unwind@10124748;0x10124748;0xe;__stdcall;;uchar
;Unwind@10124760;0x10124760;0x8;__stdcall;;uchar
;Unwind@10124768;0x10124768;0xe;__stdcall;;uchar
;Unwind@10124780;0x10124780;0x8;__stdcall;;uchar
;Unwind@10124788;0x10124788;0xe;__stdcall;;uchar
;Unwind@101247a0;0x101247a0;0x8;__stdcall;;uchar
;Unwind@101247a8;0x101247a8;0xe;__stdcall;;uchar
;Unwind@101247c0;0x101247c0;0x8;__stdcall;;uchar
;Unwind@101247c8;0x101247c8;0xe;__stdcall;;uchar
;Unwind@101247e0;0x101247e0;0x8;__stdcall;;uchar
;Unwind@101247e8;0x101247e8;0xe;__stdcall;;uchar
;Unwind@10124800;0x10124800;0x8;__stdcall;;uchar
;Unwind@10124808;0x10124808;0xe;__stdcall;;uchar
;Unwind@10124820;0x10124820;0x8;__stdcall;;uchar
;Unwind@10124828;0x10124828;0xe;__stdcall;;uchar
;Unwind@10124840;0x10124840;0x8;__stdcall;;uchar
;Unwind@10124848;0x10124848;0xe;__stdcall;;uchar
;Unwind@10124860;0x10124860;0x8;__stdcall;;uchar
;Unwind@10124868;0x10124868;0xe;__stdcall;;uchar
;Unwind@10124880;0x10124880;0x8;__stdcall;;uchar
;Unwind@10124888;0x10124888;0xe;__stdcall;;uchar
;Unwind@10124896;0x10124896;0xe;__stdcall;;uchar
;Unwind@101248a4;0x101248a4;0xe;__stdcall;;uchar
;Unwind@101248b2;0x101248b2;0xe;__stdcall;;uchar
;Unwind@101248c0;0x101248c0;0xe;__stdcall;;uchar
;Unwind@101248ce;0x101248ce;0xe;__stdcall;;uchar
;Unwind@101248dc;0x101248dc;0xe;__stdcall;;uchar
;Unwind@101248ea;0x101248ea;0xe;__stdcall;;uchar
;Unwind@10124910;0x10124910;0x8;__stdcall;;uchar
;Unwind@10124918;0x10124918;0x8;__stdcall;;uchar
;Unwind@10124920;0x10124920;0x8;__stdcall;;uchar
;Unwind@10124928;0x10124928;0xe;__stdcall;;uchar
;Unwind@10124936;0x10124936;0xe;__stdcall;;uchar
;Unwind@10124944;0x10124944;0xe;__stdcall;;uchar
;Unwind@10124960;0x10124960;0x8;__stdcall;;uchar
;Unwind@10124968;0x10124968;0xe;__stdcall;;uchar
;Unwind@10124980;0x10124980;0x8;__stdcall;;uchar
;Unwind@10124988;0x10124988;0xe;__stdcall;;uchar
;Unwind@101249a0;0x101249a0;0x8;__stdcall;;uchar
;Unwind@101249a8;0x101249a8;0xe;__stdcall;;uchar
;Unwind@101249b6;0x101249b6;0xe;__stdcall;;uchar
;Unwind@101249c4;0x101249c4;0x11;__stdcall;;uchar
;Unwind@101249e0;0x101249e0;0x8;__stdcall;;uchar
;Unwind@101249e8;0x101249e8;0xe;__stdcall;;uchar
;Unwind@10124a00;0x10124a00;0x8;__stdcall;;uchar
;Unwind@10124a08;0x10124a08;0xe;__stdcall;;uchar
;Unwind@10124a20;0x10124a20;0xb;__stdcall;;uchar
;Unwind@10124a50;0x10124a50;0xb;__stdcall;;uchar
;Unwind@10124a70;0x10124a70;0xb;__stdcall;;uchar
;Unwind@10124a90;0x10124a90;0xb;__stdcall;;uchar
;Unwind@10124ab0;0x10124ab0;0x11;__stdcall;;uchar
;Unwind@10124ac1;0x10124ac1;0x8;__stdcall;;uchar
;Unwind@10124ae0;0x10124ae0;0x11;__stdcall;;uchar
;Unwind@10124b00;0x10124b00;0x8;__stdcall;;uchar
;Unwind@10124b20;0x10124b20;0x8;__stdcall;;uchar
;Unwind@10124b28;0x10124b28;0xe;__stdcall;;uchar
;Unwind@10124b36;0x10124b36;0xe;__stdcall;;uchar
;Unwind@10124b50;0x10124b50;0x8;__stdcall;;uchar
;Unwind@10124b58;0x10124b58;0xe;__stdcall;;uchar
;Unwind@10124b70;0x10124b70;0x8;__stdcall;;uchar
;Unwind@10124b78;0x10124b78;0xe;__stdcall;;uchar
;Unwind@10124b90;0x10124b90;0x8;__stdcall;;uchar
;Unwind@10124b98;0x10124b98;0xe;__stdcall;;uchar
;Unwind@10124bb0;0x10124bb0;0x8;__stdcall;;uchar
;Unwind@10124bd0;0x10124bd0;0x8;__stdcall;;uchar
;Unwind@10124c00;0x10124c00;0xb;__stdcall;;uchar
;Unwind@10124c20;0x10124c20;0x8;__stdcall;;uchar
;Unwind@10124c28;0x10124c28;0xe;__stdcall;;uchar
;Unwind@10124c36;0x10124c36;0xe;__stdcall;;uchar
;Unwind@10124c44;0x10124c44;0xe;__stdcall;;uchar
;Unwind@10124c52;0x10124c52;0xe;__stdcall;;uchar
;Unwind@10124c60;0x10124c60;0xe;__stdcall;;uchar
;Unwind@10124c6e;0x10124c6e;0xe;__stdcall;;uchar
;Unwind@10124c7c;0x10124c7c;0xe;__stdcall;;uchar
;Unwind@10124c8a;0x10124c8a;0xe;__stdcall;;uchar
;Unwind@10124cb0;0x10124cb0;0x8;__stdcall;;uchar
;Unwind@10124cb8;0x10124cb8;0xe;__stdcall;;uchar
;Unwind@10124cc6;0x10124cc6;0xe;__stdcall;;uchar
;Unwind@10124cd4;0x10124cd4;0xe;__stdcall;;uchar
;Unwind@10124ce2;0x10124ce2;0xe;__stdcall;;uchar
;Unwind@10124cf0;0x10124cf0;0xe;__stdcall;;uchar
;Unwind@10124cfe;0x10124cfe;0xe;__stdcall;;uchar
;Unwind@10124d0c;0x10124d0c;0xe;__stdcall;;uchar
;Unwind@10124d1a;0x10124d1a;0xe;__stdcall;;uchar
;Unwind@10124d40;0x10124d40;0x1a;__stdcall;;uchar
;Unwind@10124d5a;0x10124d5a;0xb;__stdcall;;uchar
;Unwind@10124d65;0x10124d65;0xb;__stdcall;;uchar
;Unwind@10124d80;0x10124d80;0x1d;__stdcall;;uchar
;Unwind@10124d9d;0x10124d9d;0xb;__stdcall;;uchar
;Unwind@10124da8;0x10124da8;0xb;__stdcall;;uchar
;Unwind@10124db3;0x10124db3;0xe;__stdcall;;uchar
;Unwind@10124dc1;0x10124dc1;0xb;__stdcall;;uchar
;Unwind@10124dcc;0x10124dcc;0xe;__stdcall;;uchar
;Unwind@10124dda;0x10124dda;0xb;__stdcall;;uchar
;Unwind@10124de5;0x10124de5;0xe;__stdcall;;uchar
;Unwind@10124e00;0x10124e00;0x1d;__stdcall;;uchar
;Unwind@10124e1d;0x10124e1d;0xb;__stdcall;;uchar
;Unwind@10124e28;0x10124e28;0xb;__stdcall;;uchar
;Unwind@10124e33;0x10124e33;0xe;__stdcall;;uchar
;Unwind@10124e41;0x10124e41;0xb;__stdcall;;uchar
;Unwind@10124e4c;0x10124e4c;0x1d;__stdcall;;uchar
;Unwind@10124e69;0x10124e69;0xb;__stdcall;;uchar
;Unwind@10124e74;0x10124e74;0xb;__stdcall;;uchar
;Unwind@10124e7f;0x10124e7f;0xb;__stdcall;;uchar
;Unwind@10124e8a;0x10124e8a;0xb;__stdcall;;uchar
;Unwind@10124e95;0x10124e95;0xb;__stdcall;;uchar
;Unwind@10124ea0;0x10124ea0;0x1d;__stdcall;;uchar
;Unwind@10124ebd;0x10124ebd;0xb;__stdcall;;uchar
;Unwind@10124ec8;0x10124ec8;0xb;__stdcall;;uchar
;Unwind@10124ed3;0x10124ed3;0xe;__stdcall;;uchar
;Unwind@10124ee1;0x10124ee1;0xb;__stdcall;;uchar
;Unwind@10124eec;0x10124eec;0xe;__stdcall;;uchar
;Unwind@10124efa;0x10124efa;0xe;__stdcall;;uchar
;Unwind@10124f08;0x10124f08;0xb;__stdcall;;uchar
;Unwind@10124f13;0x10124f13;0xe;__stdcall;;uchar
;Unwind@10124f21;0x10124f21;0xe;__stdcall;;uchar
;Unwind@10124f2f;0x10124f2f;0xb;__stdcall;;uchar
;Unwind@10124f3a;0x10124f3a;0xe;__stdcall;;uchar
;Unwind@10124f60;0x10124f60;0x1d;__stdcall;;uchar
;Unwind@10124f7d;0x10124f7d;0xb;__stdcall;;uchar
;Unwind@10124f88;0x10124f88;0xb;__stdcall;;uchar
;Unwind@10124f93;0x10124f93;0xe;__stdcall;;uchar
;Unwind@10124fa1;0x10124fa1;0xb;__stdcall;;uchar
;Unwind@10124fac;0x10124fac;0x1d;__stdcall;;uchar
;Unwind@10124fc9;0x10124fc9;0xb;__stdcall;;uchar
;Unwind@10124fd4;0x10124fd4;0xb;__stdcall;;uchar
;Unwind@10124fdf;0x10124fdf;0xb;__stdcall;;uchar
;Unwind@10124fea;0x10124fea;0xb;__stdcall;;uchar
;Unwind@10124ff5;0x10124ff5;0xb;__stdcall;;uchar
;Unwind@10125000;0x10125000;0x1d;__stdcall;;uchar
;Unwind@1012501d;0x1012501d;0xb;__stdcall;;uchar
;Unwind@10125028;0x10125028;0xb;__stdcall;;uchar
;Unwind@10125033;0x10125033;0xe;__stdcall;;uchar
;Unwind@10125041;0x10125041;0xb;__stdcall;;uchar
;Unwind@1012504c;0x1012504c;0xe;__stdcall;;uchar
;Unwind@1012505a;0x1012505a;0xe;__stdcall;;uchar
;Unwind@10125068;0x10125068;0xb;__stdcall;;uchar
;Unwind@10125073;0x10125073;0xe;__stdcall;;uchar
;Unwind@10125081;0x10125081;0xe;__stdcall;;uchar
;Unwind@1012508f;0x1012508f;0xb;__stdcall;;uchar
;Unwind@1012509a;0x1012509a;0xe;__stdcall;;uchar
;Unwind@101250d0;0x101250d0;0x17;__stdcall;;uchar
;Unwind@101250e7;0x101250e7;0xb;__stdcall;;uchar
;Unwind@101250f2;0x101250f2;0xb;__stdcall;;uchar
;Unwind@101250fd;0x101250fd;0x8;__stdcall;;uchar
;Unwind@10125105;0x10125105;0xb;__stdcall;;uchar
;Unwind@10125120;0x10125120;0xb;__stdcall;;uchar
;Unwind@10125140;0x10125140;0xe;__stdcall;;uchar
;Unwind@10125160;0x10125160;0x1d;__stdcall;;uchar
;Unwind@1012517d;0x1012517d;0xb;__stdcall;;uchar
;Unwind@10125188;0x10125188;0xb;__stdcall;;uchar
;Unwind@10125193;0x10125193;0xe;__stdcall;;uchar
;Unwind@101251a1;0x101251a1;0xe;__stdcall;;uchar
;Unwind@101251c0;0x101251c0;0x1d;__stdcall;;uchar
;Unwind@101251dd;0x101251dd;0xb;__stdcall;;uchar
;Unwind@101251e8;0x101251e8;0xb;__stdcall;;uchar
;Unwind@101251f3;0x101251f3;0xe;__stdcall;;uchar
;Unwind@10125210;0x10125210;0x8;__stdcall;;uchar
;Unwind@10125240;0x10125240;0xb;__stdcall;;uchar
;Unwind@1012524b;0x1012524b;0x8;__stdcall;;uchar
;Unwind@10125253;0x10125253;0xb;__stdcall;;uchar
;Unwind@10125270;0x10125270;0x1a;__stdcall;;uchar
;Unwind@101252a0;0x101252a0;0x8;__stdcall;;uchar
;Unwind@101252a8;0x101252a8;0x8;__stdcall;;uchar
;Unwind@101252b0;0x101252b0;0xb;__stdcall;;uchar
;Unwind@101252bb;0x101252bb;0x8;__stdcall;;uchar
;Unwind@101252d0;0x101252d0;0x8;__stdcall;;uchar
;Unwind@101252d8;0x101252d8;0x8;__stdcall;;uchar
;Unwind@101252e0;0x101252e0;0x8;__stdcall;;uchar
;Unwind@10125300;0x10125300;0x1a;__stdcall;;uchar
;Unwind@10125330;0x10125330;0x8;__stdcall;;uchar
;Unwind@10125338;0x10125338;0x8;__stdcall;;uchar
;Unwind@10125340;0x10125340;0xb;__stdcall;;uchar
;Unwind@10125370;0x10125370;0xb;__stdcall;;uchar
;Unwind@1012537b;0x1012537b;0x8;__stdcall;;uchar
;Unwind@10125383;0x10125383;0xb;__stdcall;;uchar
;Unwind@101253a0;0x101253a0;0x8;__stdcall;;uchar
;Unwind@101253a8;0x101253a8;0x8;__stdcall;;uchar
;Unwind@101253b0;0x101253b0;0xb;__stdcall;;uchar
;Unwind@101253bb;0x101253bb;0x8;__stdcall;;uchar
;Unwind@101253d0;0x101253d0;0x8;__stdcall;;uchar
;Unwind@101253d8;0x101253d8;0xb;__stdcall;;uchar
;Unwind@101253e3;0x101253e3;0x8;__stdcall;;uchar
;Unwind@101253eb;0x101253eb;0x8;__stdcall;;uchar
;Unwind@101253f3;0x101253f3;0x8;__stdcall;;uchar
;Unwind@101253fb;0x101253fb;0x8;__stdcall;;uchar
;Unwind@10125410;0x10125410;0x8;__stdcall;;uchar
;Unwind@10125418;0x10125418;0x8;__stdcall;;uchar
;Unwind@10125420;0x10125420;0x17;__stdcall;;uchar
;Unwind@10125450;0x10125450;0x8;__stdcall;;uchar
;Unwind@10125470;0x10125470;0x8;__stdcall;;uchar
;Unwind@10125490;0x10125490;0x8;__stdcall;;uchar
;Unwind@101254b0;0x101254b0;0x8;__stdcall;;uchar
;Unwind@101254d0;0x101254d0;0x8;__stdcall;;uchar
;Unwind@101254f0;0x101254f0;0x1a;__stdcall;;uchar
;Unwind@1012550a;0x1012550a;0xb;__stdcall;;uchar
;Unwind@10125515;0x10125515;0xe;__stdcall;;uchar
;Unwind@10125523;0x10125523;0xe;__stdcall;;uchar
;Unwind@10125531;0x10125531;0xe;__stdcall;;uchar
;Unwind@1012553f;0x1012553f;0xe;__stdcall;;uchar
;Unwind@1012554d;0x1012554d;0xe;__stdcall;;uchar
;Unwind@1012555b;0x1012555b;0xe;__stdcall;;uchar
;Unwind@10125569;0x10125569;0xe;__stdcall;;uchar
;Unwind@10125577;0x10125577;0xe;__stdcall;;uchar
;Unwind@10125585;0x10125585;0xe;__stdcall;;uchar
;Unwind@10125593;0x10125593;0xe;__stdcall;;uchar
;Unwind@101255a1;0x101255a1;0xe;__stdcall;;uchar
;Unwind@101255af;0x101255af;0xe;__stdcall;;uchar
;Unwind@101255bd;0x101255bd;0xe;__stdcall;;uchar
;Unwind@101255cb;0x101255cb;0xe;__stdcall;;uchar
;Unwind@101255d9;0x101255d9;0xe;__stdcall;;uchar
;Unwind@101255e7;0x101255e7;0xe;__stdcall;;uchar
;Unwind@10125600;0x10125600;0xe;__stdcall;;uchar
;Unwind@1012560e;0x1012560e;0xe;__stdcall;;uchar
;Unwind@1012561c;0x1012561c;0xe;__stdcall;;uchar
;Unwind@1012562a;0x1012562a;0xe;__stdcall;;uchar
;Unwind@10125638;0x10125638;0xe;__stdcall;;uchar
;Unwind@10125646;0x10125646;0xe;__stdcall;;uchar
;Unwind@10125654;0x10125654;0xe;__stdcall;;uchar
;Unwind@10125662;0x10125662;0xe;__stdcall;;uchar
;Unwind@10125670;0x10125670;0xe;__stdcall;;uchar
;Unwind@1012567e;0x1012567e;0xe;__stdcall;;uchar
;Unwind@1012568c;0x1012568c;0xe;__stdcall;;uchar
;Unwind@1012569a;0x1012569a;0xe;__stdcall;;uchar
;Unwind@101256a8;0x101256a8;0xe;__stdcall;;uchar
;Unwind@101256b6;0x101256b6;0xe;__stdcall;;uchar
;Unwind@101256c4;0x101256c4;0xe;__stdcall;;uchar
;Unwind@101256d2;0x101256d2;0xe;__stdcall;;uchar
;Unwind@101256e0;0x101256e0;0xb;__stdcall;;uchar
;Unwind@10125700;0x10125700;0x1a;__stdcall;;uchar
;Unwind@1012571a;0x1012571a;0xb;__stdcall;;uchar
;Unwind@10125725;0x10125725;0xb;__stdcall;;uchar
;Unwind@10125740;0x10125740;0xb;__stdcall;;uchar
;Unwind@10125760;0x10125760;0xb;__stdcall;;uchar
;Unwind@10125780;0x10125780;0x1d;__stdcall;;uchar
;Unwind@1012579d;0x1012579d;0xb;__stdcall;;uchar
;Unwind@101257a8;0x101257a8;0xb;__stdcall;;uchar
;Unwind@101257b3;0x101257b3;0xb;__stdcall;;uchar
;Unwind@101257be;0x101257be;0x1d;__stdcall;;uchar
;Unwind@101257db;0x101257db;0xb;__stdcall;;uchar
;Unwind@101257e6;0x101257e6;0xb;__stdcall;;uchar
;Unwind@101257f1;0x101257f1;0xe;__stdcall;;uchar
;Unwind@101257ff;0x101257ff;0xb;__stdcall;;uchar
;Unwind@1012580a;0x1012580a;0xe;__stdcall;;uchar
;Unwind@10125818;0x10125818;0xe;__stdcall;;uchar
;Unwind@10125826;0x10125826;0xb;__stdcall;;uchar
;Unwind@10125831;0x10125831;0xe;__stdcall;;uchar
;Unwind@10125850;0x10125850;0xe;__stdcall;;uchar
;Unwind@10125870;0x10125870;0x1d;__stdcall;;uchar
;Unwind@1012588d;0x1012588d;0xb;__stdcall;;uchar
;Unwind@10125898;0x10125898;0xb;__stdcall;;uchar
;Unwind@101258a3;0x101258a3;0xe;__stdcall;;uchar
;Unwind@101258b1;0x101258b1;0xe;__stdcall;;uchar
;Unwind@101258d0;0x101258d0;0x1d;__stdcall;;uchar
;Unwind@101258ed;0x101258ed;0xb;__stdcall;;uchar
;Unwind@101258f8;0x101258f8;0xb;__stdcall;;uchar
;Unwind@10125903;0x10125903;0xe;__stdcall;;uchar
;Unwind@10125920;0x10125920;0xb;__stdcall;;uchar
;Unwind@1012592b;0x1012592b;0xb;__stdcall;;uchar
;Unwind@10125936;0x10125936;0xb;__stdcall;;uchar
;Unwind@10125950;0x10125950;0x1d;__stdcall;;uchar
;Unwind@1012596d;0x1012596d;0xb;__stdcall;;uchar
;Unwind@10125978;0x10125978;0xb;__stdcall;;uchar
;Unwind@10125983;0x10125983;0xb;__stdcall;;uchar
;Unwind@1012598e;0x1012598e;0xe;__stdcall;;uchar
;Unwind@101259b0;0x101259b0;0xb;__stdcall;;uchar
;Unwind@101259bb;0x101259bb;0xb;__stdcall;;uchar
;Unwind@101259c6;0x101259c6;0xb;__stdcall;;uchar
;Unwind@101259e0;0x101259e0;0x27;__stdcall;;uchar
;Unwind@10125a07;0x10125a07;0xb;__stdcall;;uchar
;Unwind@10125a20;0x10125a20;0xe;__stdcall;;uchar
;Unwind@10125a40;0x10125a40;0xb;__stdcall;;uchar
;Unwind@10125a4b;0x10125a4b;0xb;__stdcall;;uchar
;Unwind@10125a60;0x10125a60;0x27;__stdcall;;uchar
;Unwind@10125a87;0x10125a87;0xb;__stdcall;;uchar
;Unwind@10125aa0;0x10125aa0;0x8;__stdcall;;uchar
;Unwind@10125ac0;0x10125ac0;0x8;__stdcall;;uchar
;Unwind@10125ae0;0x10125ae0;0xb;__stdcall;;uchar
;Unwind@10125b00;0x10125b00;0x8;__stdcall;;uchar
;Unwind@10125b20;0x10125b20;0xe;__stdcall;;uchar
;Unwind@10125b40;0x10125b40;0xe;__stdcall;;uchar
;Unwind@10125b4e;0x10125b4e;0xb;__stdcall;;uchar
;Unwind@10125b70;0x10125b70;0xe;__stdcall;;uchar
;Unwind@10125b90;0x10125b90;0xb;__stdcall;;uchar
;Unwind@10125bb0;0x10125bb0;0xe;__stdcall;;uchar
;Unwind@10125bd0;0x10125bd0;0x1a;__stdcall;;uchar
;Unwind@10125bea;0x10125bea;0xb;__stdcall;;uchar
;Unwind@10125c00;0x10125c00;0xb;__stdcall;;uchar
;Unwind@10125c0b;0x10125c0b;0xb;__stdcall;;uchar
;Unwind@10125c16;0x10125c16;0x8;__stdcall;;uchar
;Unwind@10125c1e;0x10125c1e;0xb;__stdcall;;uchar
;Unwind@10125c40;0x10125c40;0xe;__stdcall;;uchar
;Unwind@10125c4e;0x10125c4e;0xe;__stdcall;;uchar
;Unwind@10125c5c;0x10125c5c;0xe;__stdcall;;uchar
;Unwind@10125c6a;0x10125c6a;0xe;__stdcall;;uchar
;Unwind@10125c90;0x10125c90;0x8;__stdcall;;uchar
;Unwind@10125cb0;0x10125cb0;0x8;__stdcall;;uchar
;Unwind@10125cd0;0x10125cd0;0x8;__stdcall;;uchar
;Unwind@10125cf0;0x10125cf0;0x8;__stdcall;;uchar
;Unwind@10125d10;0x10125d10;0x8;__stdcall;;uchar
;Unwind@10125d30;0x10125d30;0x11;__stdcall;;uchar
;Unwind@10125d50;0x10125d50;0x8;__stdcall;;uchar
;Unwind@10125d58;0x10125d58;0xe;__stdcall;;uchar
;Unwind@10125d66;0x10125d66;0xe;__stdcall;;uchar
;Unwind@10125d74;0x10125d74;0xe;__stdcall;;uchar
;Unwind@10125d82;0x10125d82;0xe;__stdcall;;uchar
;Unwind@10125d90;0x10125d90;0xe;__stdcall;;uchar
;Unwind@10125d9e;0x10125d9e;0xe;__stdcall;;uchar
;Unwind@10125dac;0x10125dac;0xe;__stdcall;;uchar
;Unwind@10125dba;0x10125dba;0xe;__stdcall;;uchar
;Unwind@10125dc8;0x10125dc8;0xe;__stdcall;;uchar
;Unwind@10125dd6;0x10125dd6;0xe;__stdcall;;uchar
;Unwind@10125de4;0x10125de4;0xe;__stdcall;;uchar
;Unwind@10125e00;0x10125e00;0x8;__stdcall;;uchar
;Unwind@10125e08;0x10125e08;0xe;__stdcall;;uchar
;Unwind@10125e16;0x10125e16;0xe;__stdcall;;uchar
;Unwind@10125e24;0x10125e24;0xe;__stdcall;;uchar
;Unwind@10125e32;0x10125e32;0xe;__stdcall;;uchar
;Unwind@10125e40;0x10125e40;0xe;__stdcall;;uchar
;Unwind@10125e4e;0x10125e4e;0xe;__stdcall;;uchar
;Unwind@10125e5c;0x10125e5c;0xe;__stdcall;;uchar
;Unwind@10125e6a;0x10125e6a;0xe;__stdcall;;uchar
;Unwind@10125e78;0x10125e78;0xe;__stdcall;;uchar
;Unwind@10125e86;0x10125e86;0xe;__stdcall;;uchar
;Unwind@10125e94;0x10125e94;0xe;__stdcall;;uchar
;Unwind@10125ea2;0x10125ea2;0x8;__stdcall;;uchar
;Unwind@10125eaa;0x10125eaa;0xb;__stdcall;;uchar
;Unwind@10125ec0;0x10125ec0;0x8;__stdcall;;uchar
;Unwind@10125ee0;0x10125ee0;0x1a;__stdcall;;uchar
;Unwind@10125efa;0x10125efa;0xb;__stdcall;;uchar
;Unwind@10125f05;0x10125f05;0xb;__stdcall;;uchar
;Unwind@10125f20;0x10125f20;0xb;__stdcall;;uchar
;Unwind@10125f2b;0x10125f2b;0xb;__stdcall;;uchar
;Unwind@10125f36;0x10125f36;0xb;__stdcall;;uchar
;Unwind@10125f41;0x10125f41;0xb;__stdcall;;uchar
;Unwind@10125f60;0x10125f60;0xe;__stdcall;;uchar
;Unwind@10125f80;0x10125f80;0xb;__stdcall;;uchar
;Unwind@10125fa0;0x10125fa0;0xb;__stdcall;;uchar
;Unwind@10125fc0;0x10125fc0;0xb;__stdcall;;uchar
;Unwind@10125fcb;0x10125fcb;0xb;__stdcall;;uchar
;Unwind@10125fd6;0x10125fd6;0xb;__stdcall;;uchar
;Unwind@10125fe1;0x10125fe1;0xb;__stdcall;;uchar
;Unwind@10125fec;0x10125fec;0xb;__stdcall;;uchar
;Unwind@10125ff7;0x10125ff7;0xb;__stdcall;;uchar
;Unwind@10126010;0x10126010;0x1d;__stdcall;;uchar
;Unwind@1012602d;0x1012602d;0xb;__stdcall;;uchar
;Unwind@10126038;0x10126038;0xb;__stdcall;;uchar
;Unwind@10126043;0x10126043;0xe;__stdcall;;uchar
;Unwind@10126051;0x10126051;0xb;__stdcall;;uchar
;Unwind@1012605c;0x1012605c;0xe;__stdcall;;uchar
;Unwind@1012606a;0x1012606a;0xe;__stdcall;;uchar
;Unwind@10126090;0x10126090;0x1a;__stdcall;;uchar
;Unwind@101260aa;0x101260aa;0xb;__stdcall;;uchar
;Unwind@101260b5;0x101260b5;0xb;__stdcall;;uchar
;Unwind@101260c0;0x101260c0;0xe;__stdcall;;uchar
;Unwind@101260ce;0x101260ce;0xb;__stdcall;;uchar
;Unwind@101260d9;0x101260d9;0xe;__stdcall;;uchar
;Unwind@101260e7;0x101260e7;0xe;__stdcall;;uchar
;Unwind@101260f5;0x101260f5;0xe;__stdcall;;uchar
;Unwind@10126110;0x10126110;0x8;__stdcall;;uchar
;Unwind@10126130;0x10126130;0x8;__stdcall;;uchar
;Unwind@10126150;0x10126150;0x8;__stdcall;;uchar
;Unwind@10126158;0x10126158;0x8;__stdcall;;uchar
;Unwind@10126170;0x10126170;0x8;__stdcall;;uchar
;Unwind@10126190;0x10126190;0x8;__stdcall;;uchar
;Unwind@101261b0;0x101261b0;0xe;__stdcall;;uchar
;Unwind@101261d0;0x101261d0;0xe;__stdcall;;uchar
;Unwind@101261de;0x101261de;0xe;__stdcall;;uchar
;Unwind@10126200;0x10126200;0xb;__stdcall;;uchar
;Unwind@10126220;0x10126220;0x1d;__stdcall;;uchar
;Unwind@1012623d;0x1012623d;0xb;__stdcall;;uchar
;Unwind@10126248;0x10126248;0xb;__stdcall;;uchar
;Unwind@10126253;0x10126253;0xe;__stdcall;;uchar
;Unwind@10126261;0x10126261;0xe;__stdcall;;uchar
;Unwind@10126280;0x10126280;0x8;__stdcall;;uchar
;Unwind@101262a0;0x101262a0;0x8;__stdcall;;uchar
;Unwind@101262c0;0x101262c0;0x8;__stdcall;;uchar
;Unwind@101262e0;0x101262e0;0x8;__stdcall;;uchar
;Unwind@101262e8;0x101262e8;0xe;__stdcall;;uchar
;Unwind@101262f6;0x101262f6;0xe;__stdcall;;uchar
;Unwind@10126304;0x10126304;0xe;__stdcall;;uchar
;Unwind@10126320;0x10126320;0x8;__stdcall;;uchar
;Unwind@10126328;0x10126328;0xe;__stdcall;;uchar
;Unwind@10126336;0x10126336;0xe;__stdcall;;uchar
;Unwind@10126344;0x10126344;0xe;__stdcall;;uchar
;Unwind@10126360;0x10126360;0x8;__stdcall;;uchar
;Unwind@10126368;0x10126368;0xe;__stdcall;;uchar
;Unwind@10126376;0x10126376;0xe;__stdcall;;uchar
;Unwind@10126384;0x10126384;0xe;__stdcall;;uchar
;Unwind@10126392;0x10126392;0xe;__stdcall;;uchar
;Unwind@101263b0;0x101263b0;0x8;__stdcall;;uchar
;Unwind@101263b8;0x101263b8;0xe;__stdcall;;uchar
;Unwind@101263c6;0x101263c6;0xe;__stdcall;;uchar
;Unwind@101263d4;0x101263d4;0xe;__stdcall;;uchar
;Unwind@101263e2;0x101263e2;0xe;__stdcall;;uchar
;Unwind@10126400;0x10126400;0xb;__stdcall;;uchar
;Unwind@1012640b;0x1012640b;0xb;__stdcall;;uchar
;Unwind@10126416;0x10126416;0xb;__stdcall;;uchar
;Unwind@10126421;0x10126421;0xb;__stdcall;;uchar
;Unwind@1012642c;0x1012642c;0xb;__stdcall;;uchar
;Unwind@10126450;0x10126450;0x8;__stdcall;;uchar
;Unwind@10126458;0x10126458;0xe;__stdcall;;uchar
;Unwind@10126470;0x10126470;0x8;__stdcall;;uchar
;Unwind@10126478;0x10126478;0xe;__stdcall;;uchar
;Unwind@10126490;0x10126490;0x8;__stdcall;;uchar
;Unwind@10126498;0x10126498;0x8;__stdcall;;uchar
;Unwind@101264a0;0x101264a0;0x8;__stdcall;;uchar
;Unwind@101264c0;0x101264c0;0x8;__stdcall;;uchar
;Unwind@101264c8;0x101264c8;0x8;__stdcall;;uchar
;Unwind@101264d0;0x101264d0;0x8;__stdcall;;uchar
;Unwind@101264d8;0x101264d8;0x8;__stdcall;;uchar
;Unwind@101264f0;0x101264f0;0x8;__stdcall;;uchar
;Unwind@10126510;0x10126510;0xb;__stdcall;;uchar
;Unwind@1012651b;0x1012651b;0xb;__stdcall;;uchar
;Unwind@10126526;0x10126526;0xb;__stdcall;;uchar
;Unwind@10126531;0x10126531;0xb;__stdcall;;uchar
;Unwind@1012653c;0x1012653c;0xb;__stdcall;;uchar
;Unwind@10126547;0x10126547;0xb;__stdcall;;uchar
;Unwind@10126552;0x10126552;0xb;__stdcall;;uchar
;Unwind@1012655d;0x1012655d;0xb;__stdcall;;uchar
;Unwind@10126580;0x10126580;0x8;__stdcall;;uchar
;Unwind@101265a0;0x101265a0;0x8;__stdcall;;uchar
;Unwind@101265c0;0x101265c0;0x8;__stdcall;;uchar
;Unwind@101265e0;0x101265e0;0x8;__stdcall;;uchar
;Unwind@10126600;0x10126600;0x8;__stdcall;;uchar
;Unwind@10126620;0x10126620;0x8;__stdcall;;uchar
;Unwind@10126640;0x10126640;0x8;__stdcall;;uchar
;Unwind@10126660;0x10126660;0x8;__stdcall;;uchar
;Unwind@10126680;0x10126680;0x8;__stdcall;;uchar
;Unwind@101266a0;0x101266a0;0x8;__stdcall;;uchar
;Unwind@101266c0;0x101266c0;0x8;__stdcall;;uchar
;Unwind@101266c8;0x101266c8;0xe;__stdcall;;uchar
;Unwind@101266d6;0x101266d6;0xe;__stdcall;;uchar
;Unwind@101266e4;0x101266e4;0xe;__stdcall;;uchar
;Unwind@101266f2;0x101266f2;0xe;__stdcall;;uchar
;Unwind@10126700;0x10126700;0xe;__stdcall;;uchar
;Unwind@1012670e;0x1012670e;0xe;__stdcall;;uchar
;Unwind@1012671c;0x1012671c;0xe;__stdcall;;uchar
;Unwind@1012672a;0x1012672a;0xe;__stdcall;;uchar
;Unwind@10126738;0x10126738;0xe;__stdcall;;uchar
;Unwind@10126750;0x10126750;0x8;__stdcall;;uchar
;Unwind@10126758;0x10126758;0xe;__stdcall;;uchar
;Unwind@10126766;0x10126766;0xe;__stdcall;;uchar
;Unwind@10126774;0x10126774;0xe;__stdcall;;uchar
;Unwind@10126782;0x10126782;0xe;__stdcall;;uchar
;Unwind@10126790;0x10126790;0xe;__stdcall;;uchar
;Unwind@1012679e;0x1012679e;0xe;__stdcall;;uchar
;Unwind@101267ac;0x101267ac;0xe;__stdcall;;uchar
;Unwind@101267ba;0x101267ba;0xe;__stdcall;;uchar
;Unwind@101267c8;0x101267c8;0xe;__stdcall;;uchar
;Unwind@101267e0;0x101267e0;0x8;__stdcall;;uchar
;Unwind@10126800;0x10126800;0xb;__stdcall;;uchar
;Unwind@1012680b;0x1012680b;0xb;__stdcall;;uchar
;Unwind@10126816;0x10126816;0xb;__stdcall;;uchar
;Unwind@10126830;0x10126830;0xb;__stdcall;;uchar
;Unwind@1012683b;0x1012683b;0xb;__stdcall;;uchar
;Unwind@10126846;0x10126846;0xb;__stdcall;;uchar
;Unwind@10126870;0x10126870;0x8;__stdcall;;uchar
;Unwind@10126878;0x10126878;0x8;__stdcall;;uchar
;Unwind@10126880;0x10126880;0x8;__stdcall;;uchar
;Unwind@10126888;0x10126888;0x8;__stdcall;;uchar
;Unwind@101268a0;0x101268a0;0xb;__stdcall;;uchar
;Unwind@101268ab;0x101268ab;0x8;__stdcall;;uchar
;Unwind@101268c0;0x101268c0;0x8;__stdcall;;uchar
;Unwind@101268c8;0x101268c8;0x8;__stdcall;;uchar
;Unwind@101268d0;0x101268d0;0xe;__stdcall;;uchar
;Unwind@101268de;0x101268de;0xe;__stdcall;;uchar
;Unwind@101268ec;0x101268ec;0xe;__stdcall;;uchar
;Unwind@101268fa;0x101268fa;0xe;__stdcall;;uchar
;Unwind@10126920;0x10126920;0x8;__stdcall;;uchar
;Unwind@10126928;0x10126928;0xe;__stdcall;;uchar
;Unwind@10126936;0x10126936;0xe;__stdcall;;uchar
;Unwind@10126944;0x10126944;0xe;__stdcall;;uchar
;Unwind@10126952;0x10126952;0xe;__stdcall;;uchar
;Unwind@10126960;0x10126960;0x8;__stdcall;;uchar
;Unwind@10126980;0x10126980;0x8;__stdcall;;uchar
;Unwind@10126988;0x10126988;0xb;__stdcall;;uchar
;Unwind@10126993;0x10126993;0xb;__stdcall;;uchar
;Unwind@1012699e;0x1012699e;0xb;__stdcall;;uchar
;Unwind@101269a9;0x101269a9;0xb;__stdcall;;uchar
;Unwind@101269b4;0x101269b4;0xb;__stdcall;;uchar
;Unwind@101269bf;0x101269bf;0xb;__stdcall;;uchar
;Unwind@101269ca;0x101269ca;0xb;__stdcall;;uchar
;Unwind@101269d5;0x101269d5;0x8;__stdcall;;uchar
;Unwind@101269dd;0x101269dd;0xb;__stdcall;;uchar
;Unwind@101269e8;0x101269e8;0xb;__stdcall;;uchar
;Unwind@101269f3;0x101269f3;0xb;__stdcall;;uchar
;Unwind@101269fe;0x101269fe;0xb;__stdcall;;uchar
;Unwind@10126a09;0x10126a09;0x8;__stdcall;;uchar
;Unwind@10126a20;0x10126a20;0xb;__stdcall;;uchar
;Unwind@10126a2b;0x10126a2b;0xb;__stdcall;;uchar
;Unwind@10126a36;0x10126a36;0x8;__stdcall;;uchar
;Unwind@10126a3e;0x10126a3e;0xb;__stdcall;;uchar
;Unwind@10126a49;0x10126a49;0xb;__stdcall;;uchar
;Unwind@10126a54;0x10126a54;0xb;__stdcall;;uchar
;Unwind@10126a5f;0x10126a5f;0xb;__stdcall;;uchar
;Unwind@10126a6a;0x10126a6a;0xb;__stdcall;;uchar
;Unwind@10126a75;0x10126a75;0x8;__stdcall;;uchar
;Unwind@10126a7d;0x10126a7d;0xb;__stdcall;;uchar
;Unwind@10126a88;0x10126a88;0xb;__stdcall;;uchar
;Unwind@10126a93;0x10126a93;0xb;__stdcall;;uchar
;Unwind@10126a9e;0x10126a9e;0x8;__stdcall;;uchar
;Unwind@10126aa6;0x10126aa6;0x8;__stdcall;;uchar
;Unwind@10126ac0;0x10126ac0;0xb;__stdcall;;uchar
;Unwind@10126acb;0x10126acb;0xb;__stdcall;;uchar
;Unwind@10126ad6;0x10126ad6;0xb;__stdcall;;uchar
;Unwind@10126ae1;0x10126ae1;0xe;__stdcall;;uchar
;Unwind@10126b00;0x10126b00;0x8;__stdcall;;uchar
;Unwind@10126b30;0x10126b30;0x8;__stdcall;;uchar
;Unwind@10126b50;0x10126b50;0x8;__stdcall;;uchar
;Unwind@10126b70;0x10126b70;0x8;__stdcall;;uchar
;Unwind@10126b90;0x10126b90;0x8;__stdcall;;uchar
;Unwind@10126b98;0x10126b98;0xe;__stdcall;;uchar
;Unwind@10126ba6;0x10126ba6;0xe;__stdcall;;uchar
;Unwind@10126bc0;0x10126bc0;0x8;__stdcall;;uchar
;Unwind@10126bc8;0x10126bc8;0xe;__stdcall;;uchar
;Unwind@10126bf0;0x10126bf0;0x8;__stdcall;;uchar
;Unwind@10126bf8;0x10126bf8;0xe;__stdcall;;uchar
;Unwind@10126c06;0x10126c06;0xe;__stdcall;;uchar
;Unwind@10126c20;0x10126c20;0x8;__stdcall;;uchar
;Unwind@10126c28;0x10126c28;0xe;__stdcall;;uchar
;Unwind@10126c36;0x10126c36;0xe;__stdcall;;uchar
;Unwind@10126c50;0x10126c50;0x8;__stdcall;;uchar
;Unwind@10126c58;0x10126c58;0xe;__stdcall;;uchar
;Unwind@10126c66;0x10126c66;0xe;__stdcall;;uchar
;Unwind@10126c74;0x10126c74;0xe;__stdcall;;uchar
;Unwind@10126c90;0x10126c90;0x8;__stdcall;;uchar
;Unwind@10126c98;0x10126c98;0xe;__stdcall;;uchar
;Unwind@10126ca6;0x10126ca6;0xe;__stdcall;;uchar
;Unwind@10126cb4;0x10126cb4;0xe;__stdcall;;uchar
;Unwind@10126cd0;0x10126cd0;0xb;__stdcall;;uchar
;Unwind@10126cf0;0x10126cf0;0x8;__stdcall;;uchar
;Unwind@10126d10;0x10126d10;0x8;__stdcall;;uchar
;Unwind@10126d30;0x10126d30;0x8;__stdcall;;uchar
;Unwind@10126d50;0x10126d50;0x8;__stdcall;;uchar
;Unwind@10126d70;0x10126d70;0x8;__stdcall;;uchar
;Unwind@10126d78;0x10126d78;0xe;__stdcall;;uchar
;Unwind@10126d86;0x10126d86;0xe;__stdcall;;uchar
;Unwind@10126d94;0x10126d94;0xe;__stdcall;;uchar
;Unwind@10126da2;0x10126da2;0xe;__stdcall;;uchar
;Unwind@10126dc0;0x10126dc0;0x8;__stdcall;;uchar
;Unwind@10126dc8;0x10126dc8;0xe;__stdcall;;uchar
;Unwind@10126dd6;0x10126dd6;0xe;__stdcall;;uchar
;Unwind@10126de4;0x10126de4;0xe;__stdcall;;uchar
;Unwind@10126df2;0x10126df2;0xe;__stdcall;;uchar
;Unwind@10126e10;0x10126e10;0xb;__stdcall;;uchar
;Unwind@10126e1b;0x10126e1b;0xb;__stdcall;;uchar
;Unwind@10126e26;0x10126e26;0xe;__stdcall;;uchar
;Unwind@10126e34;0x10126e34;0xb;__stdcall;;uchar
;Unwind@10126e3f;0x10126e3f;0xb;__stdcall;;uchar
;Unwind@10126e60;0x10126e60;0x8;__stdcall;;uchar
;Unwind@10126e68;0x10126e68;0x8;__stdcall;;uchar
;Unwind@10126e70;0x10126e70;0xb;__stdcall;;uchar
;Unwind@10126e90;0x10126e90;0xb;__stdcall;;uchar
;Unwind@10126eb0;0x10126eb0;0xe;__stdcall;;uchar
;Unwind@10126ebe;0x10126ebe;0x1d;__stdcall;;uchar
;Unwind@10126ef0;0x10126ef0;0x8;__stdcall;;uchar
;Unwind@10126ef8;0x10126ef8;0x17;__stdcall;;uchar
;Unwind@10126f20;0x10126f20;0x8;__stdcall;;uchar
;Unwind@10126f28;0x10126f28;0x8;__stdcall;;uchar
;Unwind@10126f40;0x10126f40;0x8;__stdcall;;uchar
;Unwind@10126f48;0x10126f48;0x8;__stdcall;;uchar
;Unwind@10126f60;0x10126f60;0x8;__stdcall;;uchar
;Unwind@10126f80;0x10126f80;0xb;__stdcall;;uchar
;Unwind@10126fa0;0x10126fa0;0xe;__stdcall;;uchar
;Unwind@10126fc0;0x10126fc0;0xb;__stdcall;;uchar
;Unwind@10126fe0;0x10126fe0;0xb;__stdcall;;uchar
;Unwind@10127000;0x10127000;0xb;__stdcall;;uchar
;Unwind@1012700b;0x1012700b;0xb;__stdcall;;uchar
;Unwind@10127020;0x10127020;0x8;__stdcall;;uchar
;Unwind@10127040;0x10127040;0xb;__stdcall;;uchar
;Unwind@10127080;0x10127080;0x8;__stdcall;;uchar
;Unwind@101270a0;0x101270a0;0xe;__stdcall;;uchar
;Unwind@101270c0;0x101270c0;0xe;__stdcall;;uchar
;Unwind@101270e0;0x101270e0;0xb;__stdcall;;uchar
;Unwind@101270eb;0x101270eb;0xe;__stdcall;;uchar
;Unwind@10127110;0x10127110;0xb;__stdcall;;uchar
;Unwind@1012711b;0x1012711b;0xe;__stdcall;;uchar
;Unwind@10127150;0x10127150;0xc;__stdcall;;uchar
;Unwind@1012715c;0x1012715c;0xc;__stdcall;;uchar
;Unwind@10127180;0x10127180;0xb;__stdcall;;uchar
;Unwind@101271a0;0x101271a0;0xb;__stdcall;;uchar
;Unwind@101271c0;0x101271c0;0xb;__stdcall;;uchar
;Unwind@101271e0;0x101271e0;0x8;__stdcall;;uchar
;Unwind@101271e8;0x101271e8;0xe;__stdcall;;uchar
;Unwind@10127200;0x10127200;0x8;__stdcall;;uchar
;Unwind@10127208;0x10127208;0x11;__stdcall;;uchar
;Unwind@10127219;0x10127219;0xb;__stdcall;;uchar
;Unwind@10127230;0x10127230;0xb;__stdcall;;uchar
;Unwind@10127250;0x10127250;0x8;__stdcall;;uchar
;Unwind@10127258;0x10127258;0xe;__stdcall;;uchar
;Unwind@10127266;0x10127266;0xe;__stdcall;;uchar
;Unwind@10127274;0x10127274;0x1a;__stdcall;;uchar
;Unwind@1012728e;0x1012728e;0xb;__stdcall;;uchar
;Unwind@10127299;0x10127299;0xe;__stdcall;;uchar
;Unwind@101272a7;0x101272a7;0xe;__stdcall;;uchar
;Unwind@101272b5;0x101272b5;0xe;__stdcall;;uchar
;Unwind@101272d0;0x101272d0;0x8;__stdcall;;uchar
;Unwind@101272d8;0x101272d8;0xe;__stdcall;;uchar
;Unwind@101272e6;0x101272e6;0xe;__stdcall;;uchar
;Unwind@101272f4;0x101272f4;0x1a;__stdcall;;uchar
;Unwind@1012730e;0x1012730e;0xb;__stdcall;;uchar
;Unwind@10127319;0x10127319;0xe;__stdcall;;uchar
;Unwind@10127327;0x10127327;0xe;__stdcall;;uchar
;Unwind@10127335;0x10127335;0xe;__stdcall;;uchar
;Unwind@10127350;0x10127350;0x8;__stdcall;;uchar
;Unwind@10127358;0x10127358;0xe;__stdcall;;uchar
;Unwind@10127366;0x10127366;0xe;__stdcall;;uchar
;Unwind@10127374;0x10127374;0xe;__stdcall;;uchar
;Unwind@10127382;0x10127382;0xe;__stdcall;;uchar
;Unwind@10127390;0x10127390;0xe;__stdcall;;uchar
;Unwind@1012739e;0x1012739e;0xb;__stdcall;;uchar
;Unwind@101273a9;0x101273a9;0x8;__stdcall;;uchar
;Unwind@101273b1;0x101273b1;0xb;__stdcall;;uchar
;Unwind@101273d0;0x101273d0;0xb;__stdcall;;uchar
;Unwind@101273f0;0x101273f0;0xb;__stdcall;;uchar
;Unwind@101273fb;0x101273fb;0xb;__stdcall;;uchar
;Unwind@10127410;0x10127410;0xe;__stdcall;;uchar
;Unwind@10127430;0x10127430;0xe;__stdcall;;uchar
;Unwind@10127450;0x10127450;0xe;__stdcall;;uchar
;Unwind@1012745e;0x1012745e;0xb;__stdcall;;uchar
;Unwind@10127480;0x10127480;0xe;__stdcall;;uchar
;Unwind@101274a0;0x101274a0;0xe;__stdcall;;uchar
;Unwind@101274c0;0x101274c0;0xe;__stdcall;;uchar
;Unwind@101274e0;0x101274e0;0xe;__stdcall;;uchar
;Unwind@10127500;0x10127500;0xb;__stdcall;;uchar
;Unwind@10127520;0x10127520;0xe;__stdcall;;uchar
;Unwind@10127550;0x10127550;0xb;__stdcall;;uchar
;Unwind@10127570;0x10127570;0xb;__stdcall;;uchar
;Unwind@10127590;0x10127590;0x8;__stdcall;;uchar
;Unwind@101275b0;0x101275b0;0xe;__stdcall;;uchar
;Unwind@101275be;0x101275be;0xe;__stdcall;;uchar
;Unwind@101275cc;0x101275cc;0xb;__stdcall;;uchar
;Unwind@101275f0;0x101275f0;0xe;__stdcall;;uchar
;Unwind@10127610;0x10127610;0x8;__stdcall;;uchar
;Unwind@10127630;0x10127630;0xb;__stdcall;;uchar
;Unwind@10127660;0x10127660;0xb;__stdcall;;uchar
;Unwind@10127680;0x10127680;0xb;__stdcall;;uchar
;Unwind@101276a0;0x101276a0;0x11;__stdcall;;uchar
;Unwind@101276b1;0x101276b1;0xb;__stdcall;;uchar
;Unwind@101276e0;0x101276e0;0xb;__stdcall;;uchar
;Unwind@10127700;0x10127700;0xb;__stdcall;;uchar
;Unwind@10127720;0x10127720;0xb;__stdcall;;uchar
;Unwind@10127740;0x10127740;0x1d;__stdcall;;uchar
;Unwind@1012775d;0x1012775d;0xb;__stdcall;;uchar
;Unwind@10127768;0x10127768;0xb;__stdcall;;uchar
;Unwind@10127773;0x10127773;0xe;__stdcall;;uchar
;Unwind@10127790;0x10127790;0xe;__stdcall;;uchar
;Unwind@101277b0;0x101277b0;0xe;__stdcall;;uchar
;Unwind@101277d0;0x101277d0;0xe;__stdcall;;uchar
;Unwind@101277f0;0x101277f0;0xb;__stdcall;;uchar
;Unwind@101277fb;0x101277fb;0xb;__stdcall;;uchar
;Unwind@10127810;0x10127810;0xe;__stdcall;;uchar
;Unwind@1012781e;0x1012781e;0xe;__stdcall;;uchar
;Unwind@1012782c;0x1012782c;0xe;__stdcall;;uchar
;Unwind@10127850;0x10127850;0xe;__stdcall;;uchar
;Unwind@1012785e;0x1012785e;0xe;__stdcall;;uchar
;Unwind@1012786c;0x1012786c;0xe;__stdcall;;uchar
;Unwind@10127890;0x10127890;0xe;__stdcall;;uchar
;Unwind@101278b0;0x101278b0;0xb;__stdcall;;uchar
;Unwind@101278bb;0x101278bb;0xb;__stdcall;;uchar
;Unwind@101278c6;0x101278c6;0xb;__stdcall;;uchar
;Unwind@101278d1;0x101278d1;0xb;__stdcall;;uchar
;Unwind@101278dc;0x101278dc;0xb;__stdcall;;uchar
;Unwind@101278e7;0x101278e7;0xb;__stdcall;;uchar
;Unwind@101278f2;0x101278f2;0xb;__stdcall;;uchar
;Unwind@101278fd;0x101278fd;0xb;__stdcall;;uchar
;Unwind@10127908;0x10127908;0xb;__stdcall;;uchar
;Unwind@10127920;0x10127920;0xb;__stdcall;;uchar
;Unwind@1012792b;0x1012792b;0x1a;__stdcall;;uchar
;Unwind@10127950;0x10127950;0xb;__stdcall;;uchar
;Unwind@10127970;0x10127970;0x8;__stdcall;;uchar
;Unwind@10127978;0x10127978;0x17;__stdcall;;uchar
;Unwind@101279a0;0x101279a0;0x8;__stdcall;;uchar
;Unwind@101279c0;0x101279c0;0xb;__stdcall;;uchar
;Unwind@101279e0;0x101279e0;0xb;__stdcall;;uchar
;Unwind@10127a00;0x10127a00;0xb;__stdcall;;uchar
;Unwind@10127a20;0x10127a20;0xb;__stdcall;;uchar
;Unwind@10127a2b;0x10127a2b;0xe;__stdcall;;uchar
;Unwind@10127a39;0x10127a39;0xe;__stdcall;;uchar
;Unwind@10127a47;0x10127a47;0xe;__stdcall;;uchar
;Unwind@10127a55;0x10127a55;0xe;__stdcall;;uchar
;Unwind@10127a63;0x10127a63;0xe;__stdcall;;uchar
;Unwind@10127a71;0x10127a71;0xe;__stdcall;;uchar
;Unwind@10127a7f;0x10127a7f;0xe;__stdcall;;uchar
;Unwind@10127a8d;0x10127a8d;0xe;__stdcall;;uchar
;Unwind@10127a9b;0x10127a9b;0xe;__stdcall;;uchar
;Unwind@10127aa9;0x10127aa9;0xe;__stdcall;;uchar
;Unwind@10127ab7;0x10127ab7;0xe;__stdcall;;uchar
;Unwind@10127ac5;0x10127ac5;0xe;__stdcall;;uchar
;Unwind@10127ad3;0x10127ad3;0xe;__stdcall;;uchar
;Unwind@10127ae1;0x10127ae1;0xe;__stdcall;;uchar
;Unwind@10127b00;0x10127b00;0xe;__stdcall;;uchar
;Unwind@10127b0e;0x10127b0e;0xb;__stdcall;;uchar
;Unwind@10127b30;0x10127b30;0xb;__stdcall;;uchar
;Unwind@10127b3b;0x10127b3b;0xb;__stdcall;;uchar
;Unwind@10127b46;0x10127b46;0xb;__stdcall;;uchar
;Unwind@10127b51;0x10127b51;0xb;__stdcall;;uchar
;Unwind@10127b5c;0x10127b5c;0xb;__stdcall;;uchar
;Unwind@10127b67;0x10127b67;0xb;__stdcall;;uchar
;Unwind@10127b72;0x10127b72;0xb;__stdcall;;uchar
;Unwind@10127b7d;0x10127b7d;0xb;__stdcall;;uchar
;Unwind@10127b88;0x10127b88;0xb;__stdcall;;uchar
;Unwind@10127ba0;0x10127ba0;0xb;__stdcall;;uchar
;Unwind@10127bab;0x10127bab;0xb;__stdcall;;uchar
;Unwind@10127bc0;0x10127bc0;0x8;__stdcall;;uchar
;Unwind@10127be0;0x10127be0;0xe;__stdcall;;uchar
;Unwind@10127c00;0x10127c00;0xb;__stdcall;;uchar
;Unwind@10127c20;0x10127c20;0x8;__stdcall;;uchar
;Unwind@10127c40;0x10127c40;0x8;__stdcall;;uchar
;Unwind@10127c60;0x10127c60;0x8;__stdcall;;uchar
;Unwind@10127c80;0x10127c80;0x8;__stdcall;;uchar
;Unwind@10127ca0;0x10127ca0;0xb;__stdcall;;uchar
;Unwind@10127cab;0x10127cab;0xb;__stdcall;;uchar
;Unwind@10127cc0;0x10127cc0;0x8;__stdcall;;uchar
;Unwind@10127ce0;0x10127ce0;0x8;__stdcall;;uchar
;Unwind@10127d00;0x10127d00;0xb;__stdcall;;uchar
;Unwind@10127d0b;0x10127d0b;0x8;__stdcall;;uchar
;Unwind@10127d20;0x10127d20;0xb;__stdcall;;uchar
;Unwind@10127d40;0x10127d40;0xb;__stdcall;;uchar
;Unwind@10127d4b;0x10127d4b;0xe;__stdcall;;uchar
;Unwind@10127d59;0x10127d59;0xe;__stdcall;;uchar
;Unwind@10127d67;0x10127d67;0xe;__stdcall;;uchar
;Unwind@10127d75;0x10127d75;0xe;__stdcall;;uchar
;Unwind@10127d83;0x10127d83;0xe;__stdcall;;uchar
;Unwind@10127d91;0x10127d91;0xe;__stdcall;;uchar
;Unwind@10127d9f;0x10127d9f;0xe;__stdcall;;uchar
;Unwind@10127dad;0x10127dad;0xe;__stdcall;;uchar
;Unwind@10127dbb;0x10127dbb;0xe;__stdcall;;uchar
;Unwind@10127dc9;0x10127dc9;0xe;__stdcall;;uchar
;Unwind@10127dd7;0x10127dd7;0xe;__stdcall;;uchar
;Unwind@10127de5;0x10127de5;0xe;__stdcall;;uchar
;Unwind@10127df3;0x10127df3;0xe;__stdcall;;uchar
;Unwind@10127e01;0x10127e01;0xe;__stdcall;;uchar
;Unwind@10127e0f;0x10127e0f;0xb;__stdcall;;uchar
;Unwind@10127e30;0x10127e30;0xb;__stdcall;;uchar
;Unwind@10127e50;0x10127e50;0xb;__stdcall;;uchar
;Unwind@10127e70;0x10127e70;0xb;__stdcall;;uchar
;Unwind@10127e7b;0x10127e7b;0xb;__stdcall;;uchar
;Unwind@10127e90;0x10127e90;0xb;__stdcall;;uchar
;Unwind@10127eb0;0x10127eb0;0xb;__stdcall;;uchar
;Unwind@10127ebb;0x10127ebb;0xb;__stdcall;;uchar
;Unwind@10127ec6;0x10127ec6;0x18;__stdcall;;uchar
;Unwind@10127ede;0x10127ede;0xe;__stdcall;;uchar
;Unwind@10127eec;0x10127eec;0xe;__stdcall;;uchar
;Unwind@10127efa;0x10127efa;0xe;__stdcall;;uchar
;Unwind@10127f20;0x10127f20;0xb;__stdcall;;uchar
;Unwind@10127f2b;0x10127f2b;0xb;__stdcall;;uchar
;Unwind@10127f36;0x10127f36;0x18;__stdcall;;uchar
;Unwind@10127f4e;0x10127f4e;0xe;__stdcall;;uchar
;Unwind@10127f5c;0x10127f5c;0xe;__stdcall;;uchar
;Unwind@10127f80;0x10127f80;0xb;__stdcall;;uchar
;Unwind@10127f8b;0x10127f8b;0xb;__stdcall;;uchar
;Unwind@10127f96;0x10127f96;0xb;__stdcall;;uchar
;Unwind@10127fb0;0x10127fb0;0xb;__stdcall;;uchar
;Unwind@10127fbb;0x10127fbb;0xb;__stdcall;;uchar
;Unwind@10127fc6;0x10127fc6;0xb;__stdcall;;uchar
;Unwind@10127fe0;0x10127fe0;0x8;__stdcall;;uchar
;Unwind@10128000;0x10128000;0x8;__stdcall;;uchar
;Unwind@10128020;0x10128020;0xb;__stdcall;;uchar
;Unwind@1012802b;0x1012802b;0xb;__stdcall;;uchar
;Unwind@10128040;0x10128040;0x8;__stdcall;;uchar
;Unwind@10128048;0x10128048;0xb;__stdcall;;uchar
;Unwind@10128060;0x10128060;0x8;__stdcall;;uchar
;Unwind@10128080;0x10128080;0xb;__stdcall;;uchar
;Unwind@101280a0;0x101280a0;0xe;__stdcall;;uchar
;Unwind@101280c0;0x101280c0;0xb;__stdcall;;uchar
;Unwind@101280e0;0x101280e0;0xb;__stdcall;;uchar
;Unwind@10128100;0x10128100;0x8;__stdcall;;uchar
;Unwind@10128108;0x10128108;0xe;__stdcall;;uchar
;Unwind@10128116;0x10128116;0x11;__stdcall;;uchar
;Unwind@10128127;0x10128127;0xb;__stdcall;;uchar
;Unwind@10128132;0x10128132;0xb;__stdcall;;uchar
;Unwind@10128150;0x10128150;0x8;__stdcall;;uchar
;Unwind@10128158;0x10128158;0xb;__stdcall;;uchar
;Unwind@10128163;0x10128163;0xb;__stdcall;;uchar
;Unwind@10128180;0x10128180;0x8;__stdcall;;uchar
;Unwind@10128188;0x10128188;0x8;__stdcall;;uchar
;Unwind@10128190;0x10128190;0x8;__stdcall;;uchar
;Unwind@101281b0;0x101281b0;0xb;__stdcall;;uchar
;Unwind@101281d0;0x101281d0;0xb;__stdcall;;uchar
;Unwind@101281f0;0x101281f0;0xb;__stdcall;;uchar
;Unwind@10128210;0x10128210;0xb;__stdcall;;uchar
;Unwind@10128230;0x10128230;0x8;__stdcall;;uchar
;Unwind@10128238;0x10128238;0xe;__stdcall;;uchar
;Unwind@10128246;0x10128246;0xe;__stdcall;;uchar
;Unwind@10128260;0x10128260;0x8;__stdcall;;uchar
;Unwind@10128268;0x10128268;0xe;__stdcall;;uchar
;Unwind@10128276;0x10128276;0xe;__stdcall;;uchar
;Unwind@10128290;0x10128290;0x8;__stdcall;;uchar
;Unwind@10128298;0x10128298;0xe;__stdcall;;uchar
;Unwind@101282a6;0x101282a6;0xe;__stdcall;;uchar
;Unwind@101282c0;0x101282c0;0xb;__stdcall;;uchar
;Unwind@101282e0;0x101282e0;0xb;__stdcall;;uchar
;Unwind@10128300;0x10128300;0xb;__stdcall;;uchar
;Unwind@10128320;0x10128320;0x8;__stdcall;;uchar
;Unwind@10128340;0x10128340;0x8;__stdcall;;uchar
;Unwind@10128348;0x10128348;0xe;__stdcall;;uchar
;Unwind@10128356;0x10128356;0xb;__stdcall;;uchar
;Unwind@10128370;0x10128370;0xb;__stdcall;;uchar
;Unwind@101283a0;0x101283a0;0x8;__stdcall;;uchar
;Unwind@101283a8;0x101283a8;0xe;__stdcall;;uchar
;Unwind@101283b6;0x101283b6;0xe;__stdcall;;uchar
;Unwind@101283d0;0x101283d0;0x8;__stdcall;;uchar
;Unwind@101283d8;0x101283d8;0xe;__stdcall;;uchar
;Unwind@101283e6;0x101283e6;0xe;__stdcall;;uchar
;Unwind@10128400;0x10128400;0x8;__stdcall;;uchar
;Unwind@10128420;0x10128420;0x8;__stdcall;;uchar
;Unwind@10128428;0x10128428;0x1a;__stdcall;;uchar
;Unwind@10128450;0x10128450;0x8;__stdcall;;uchar
;Unwind@10128470;0x10128470;0x1a;__stdcall;;uchar
;Unwind@101284a0;0x101284a0;0x8;__stdcall;;uchar
;Unwind@101284a8;0x101284a8;0xb;__stdcall;;uchar
;Unwind@101284b3;0x101284b3;0xb;__stdcall;;uchar
;Unwind@101284d0;0x101284d0;0x8;__stdcall;;uchar
;Unwind@101284d8;0x101284d8;0xb;__stdcall;;uchar
;Unwind@101284e3;0x101284e3;0xb;__stdcall;;uchar
;Unwind@101284ee;0x101284ee;0xb;__stdcall;;uchar
;Unwind@101284f9;0x101284f9;0xb;__stdcall;;uchar
;Unwind@10128504;0x10128504;0xe;__stdcall;;uchar
;Unwind@10128512;0x10128512;0xe;__stdcall;;uchar
;Unwind@10128530;0x10128530;0x8;__stdcall;;uchar
;Unwind@10128538;0x10128538;0xb;__stdcall;;uchar
;Unwind@10128550;0x10128550;0x8;__stdcall;;uchar
;Unwind@10128570;0x10128570;0x8;__stdcall;;uchar
;Unwind@10128590;0x10128590;0x8;__stdcall;;uchar
;Unwind@101285b0;0x101285b0;0x8;__stdcall;;uchar
;Unwind@101285b8;0x101285b8;0xb;__stdcall;;uchar
;Unwind@101285d0;0x101285d0;0x8;__stdcall;;uchar
;Unwind@101285f0;0x101285f0;0x8;__stdcall;;uchar
;Unwind@101285f8;0x101285f8;0x8;__stdcall;;uchar
;Unwind@10128610;0x10128610;0x8;__stdcall;;uchar
;Unwind@10128618;0x10128618;0x8;__stdcall;;uchar
;Unwind@10128620;0x10128620;0x8;__stdcall;;uchar
;Unwind@10128628;0x10128628;0x8;__stdcall;;uchar
;Unwind@10128640;0x10128640;0x8;__stdcall;;uchar
;Unwind@10128660;0x10128660;0x8;__stdcall;;uchar
;Unwind@10128680;0x10128680;0x8;__stdcall;;uchar
;Unwind@101286a0;0x101286a0;0x8;__stdcall;;uchar
;Unwind@101286c0;0x101286c0;0x8;__stdcall;;uchar
;Unwind@101286e0;0x101286e0;0x8;__stdcall;;uchar
;Unwind@101286e8;0x101286e8;0x8;__stdcall;;uchar
;Unwind@10128700;0x10128700;0x8;__stdcall;;uchar
;Unwind@10128708;0x10128708;0x8;__stdcall;;uchar
;Unwind@10128720;0x10128720;0x8;__stdcall;;uchar
;Unwind@10128728;0x10128728;0x8;__stdcall;;uchar
;Unwind@10128740;0x10128740;0x8;__stdcall;;uchar
;Unwind@10128748;0x10128748;0x8;__stdcall;;uchar
;Unwind@10128760;0x10128760;0x8;__stdcall;;uchar
;Unwind@10128780;0x10128780;0x8;__stdcall;;uchar
;Unwind@101287a0;0x101287a0;0x8;__stdcall;;uchar
;Unwind@101287c0;0x101287c0;0x8;__stdcall;;uchar
;Unwind@101287e0;0x101287e0;0x8;__stdcall;;uchar
;Unwind@10128800;0x10128800;0x8;__stdcall;;uchar
;Unwind@10128820;0x10128820;0x8;__stdcall;;uchar
;Unwind@10128840;0x10128840;0x8;__stdcall;;uchar
;Unwind@10128860;0x10128860;0xb;__stdcall;;uchar
;Unwind@10128880;0x10128880;0x8;__stdcall;;uchar
;Unwind@101288a0;0x101288a0;0xb;__stdcall;;uchar
;Unwind@101288c0;0x101288c0;0xb;__stdcall;;uchar
;Unwind@101288e0;0x101288e0;0xb;__stdcall;;uchar
;Unwind@10128900;0x10128900;0xb;__stdcall;;uchar
;Unwind@10128920;0x10128920;0xb;__stdcall;;uchar
;Unwind@10128940;0x10128940;0x8;__stdcall;;uchar
;Unwind@10128960;0x10128960;0x8;__stdcall;;uchar
;Unwind@10128968;0x10128968;0xb;__stdcall;;uchar
;Unwind@10128980;0x10128980;0x8;__stdcall;;uchar
;Unwind@10128988;0x10128988;0xb;__stdcall;;uchar
;Unwind@101289a0;0x101289a0;0x8;__stdcall;;uchar
;Unwind@101289c0;0x101289c0;0x8;__stdcall;;uchar
;Unwind@101289e0;0x101289e0;0x8;__stdcall;;uchar
;Unwind@10128a00;0x10128a00;0x8;__stdcall;;uchar
;Unwind@10128a20;0x10128a20;0xb;__stdcall;;uchar
;Unwind@10128a40;0x10128a40;0x8;__stdcall;;uchar
;Unwind@10128a60;0x10128a60;0x8;__stdcall;;uchar
;Unwind@10128a80;0x10128a80;0x8;__stdcall;;uchar
;Unwind@10128aa0;0x10128aa0;0x28;__stdcall;;uchar
;Unwind@10128ae0;0x10128ae0;0x28;__stdcall;;uchar
;Unwind@10128b20;0x10128b20;0x8;__stdcall;;uchar
;Unwind@10128b40;0x10128b40;0x8;__stdcall;;uchar
;Unwind@10128b60;0x10128b60;0xb;__stdcall;;uchar
;Unwind@10128b75;0x10128b75;0x8;__stdcall;;uchar
;Unwind@10128b7d;0x10128b7d;0x8;__stdcall;;uchar
;Unwind@10128b8f;0x10128b8f;0xb;__stdcall;;uchar
;Unwind@10128bae;0x10128bae;0x8;__stdcall;;uchar
;Unwind@10128bb6;0x10128bb6;0x8;__stdcall;;uchar
;Unwind@10128bc8;0x10128bc8;0xa;__stdcall;;uchar
;Unwind@10128bd2;0x10128bd2;0xa;__stdcall;;uchar
;Unwind@10128bdc;0x10128bdc;0xa;__stdcall;;uchar
;Unwind@10128bf0;0x10128bf0;0xa;__stdcall;;uchar
;Unwind@10128c04;0x10128c04;0xa;__stdcall;;uchar
;Unwind@10128c0e;0x10128c0e;0xa;__stdcall;;uchar
;Unwind@10128c22;0x10128c22;0xa;__stdcall;;uchar
;Unwind@10128c2c;0x10128c2c;0xa;__stdcall;;uchar
;Unwind@10128c40;0x10128c40;0xa;__stdcall;;uchar
;Unwind@10128c4a;0x10128c4a;0xa;__stdcall;;uchar
;Unwind@10128c54;0x10128c54;0xa;__stdcall;;uchar
;Unwind@10128c68;0x10128c68;0xa;__stdcall;;uchar
;Unwind@10128c72;0x10128c72;0xa;__stdcall;;uchar
;Unwind@10128c7c;0x10128c7c;0xa;__stdcall;;uchar
;Unwind@10128c90;0x10128c90;0xa;__stdcall;;uchar
;Unwind@10128c9a;0x10128c9a;0xa;__stdcall;;uchar
;Unwind@10128cae;0x10128cae;0xa;__stdcall;;uchar
;Unwind@10128cb8;0x10128cb8;0xa;__stdcall;;uchar
;Unwind@10128ccc;0x10128ccc;0xa;__stdcall;;uchar
;Unwind@10128cd6;0x10128cd6;0xa;__stdcall;;uchar
;Unwind@10128ce0;0x10128ce0;0xa;__stdcall;;uchar
;Unwind@10128cf4;0x10128cf4;0x8;__stdcall;;uchar
;Unwind@10128d06;0x10128d06;0xa;__stdcall;;uchar
;Unwind@10128d1a;0x10128d1a;0xa;__stdcall;;uchar
;Unwind@10128d2e;0x10128d2e;0x8;__stdcall;;uchar
;Unwind@10128d36;0x10128d36;0xa;__stdcall;;uchar
;Unwind@10128d4a;0x10128d4a;0xa;__stdcall;;uchar
;Unwind@10128d5e;0x10128d5e;0x8;__stdcall;;uchar
;Unwind@10128d70;0x10128d70;0xa;__stdcall;;uchar
;Unwind@10128d7a;0x10128d7a;0xa;__stdcall;;uchar
;Unwind@10128d84;0x10128d84;0xa;__stdcall;;uchar
;Unwind@10128d8e;0x10128d8e;0xa;__stdcall;;uchar
;Unwind@10128d98;0x10128d98;0xa;__stdcall;;uchar
;Unwind@10128da2;0x10128da2;0xa;__stdcall;;uchar
;Unwind@10128dac;0x10128dac;0xa;__stdcall;;uchar
;Unwind@10128db6;0x10128db6;0xa;__stdcall;;uchar
;Unwind@10128dc0;0x10128dc0;0xa;__stdcall;;uchar
;Unwind@10128dca;0x10128dca;0xa;__stdcall;;uchar
;Unwind@10128dd4;0x10128dd4;0xa;__stdcall;;uchar
;Unwind@10128dde;0x10128dde;0xa;__stdcall;;uchar
;Unwind@10128de8;0x10128de8;0xa;__stdcall;;uchar
;Unwind@10128df2;0x10128df2;0xa;__stdcall;;uchar
;Unwind@10128dfc;0x10128dfc;0xa;__stdcall;;uchar
;Unwind@10128e06;0x10128e06;0xa;__stdcall;;uchar
;Unwind@10128e10;0x10128e10;0xa;__stdcall;;uchar
;Unwind@10128e1a;0x10128e1a;0xa;__stdcall;;uchar
;Unwind@10128e24;0x10128e24;0xa;__stdcall;;uchar
;Unwind@10128e2e;0x10128e2e;0xa;__stdcall;;uchar
;Unwind@10128e38;0x10128e38;0xa;__stdcall;;uchar
;Unwind@10128e42;0x10128e42;0xa;__stdcall;;uchar
;Unwind@10128e4c;0x10128e4c;0xa;__stdcall;;uchar
;Unwind@10128e56;0x10128e56;0xa;__stdcall;;uchar
;Unwind@10128e60;0x10128e60;0xa;__stdcall;;uchar
;Unwind@10128e6a;0x10128e6a;0xa;__stdcall;;uchar
;Unwind@10128e74;0x10128e74;0xa;__stdcall;;uchar
;Unwind@10128e7e;0x10128e7e;0xa;__stdcall;;uchar
;Unwind@10128e88;0x10128e88;0xa;__stdcall;;uchar
;Unwind@10128e92;0x10128e92;0xa;__stdcall;;uchar
;Unwind@10128e9c;0x10128e9c;0xa;__stdcall;;uchar
;Unwind@10128ea6;0x10128ea6;0xa;__stdcall;;uchar
;Unwind@10128eb0;0x10128eb0;0xa;__stdcall;;uchar
;Unwind@10128eba;0x10128eba;0xa;__stdcall;;uchar
;Unwind@10128ec4;0x10128ec4;0xa;__stdcall;;uchar
;Unwind@10128ece;0x10128ece;0xa;__stdcall;;uchar
;Unwind@10128ed8;0x10128ed8;0xa;__stdcall;;uchar
;Unwind@10128efc;0x10128efc;0x10;__fastcall;;uchar;CParticleEvent*
;Unwind@10128f0c;0x10128f0c;0x10;__fastcall;;uchar;CParticleEvent*
;Unwind@10128f1c;0x10128f1c;0x10;__fastcall;;uchar;CParticleEvent*
;Unwind@10128f2c;0x10128f2c;0x10;__fastcall;;uchar;CParticleEvent*
;Unwind@10128f3c;0x10128f3c;0x10;__fastcall;;uchar;CParticleEvent*
;Unwind@10128f4c;0x10128f4c;0x10;__fastcall;;uchar;CParticleEvent*
;Unwind@10128f5c;0x10128f5c;0x10;__fastcall;;uchar;CParticleEvent*
;Unwind@10128f78;0x10128f78;0x1a;__stdcall;;uchar
;Unwind@10128f9c;0x10128f9c;0x1a;__stdcall;;uchar
;Unwind@10128fc0;0x10128fc0;0x10;__fastcall;;uchar;CParticleEvent*
;Unwind@10128fd0;0x10128fd0;0x10;__fastcall;;uchar;CParticleEvent*
;Unwind@10128fe0;0x10128fe0;0x10;__fastcall;;uchar;CParticleEvent*
;Unwind@10128ff0;0x10128ff0;0x10;__fastcall;;uchar;CParticleEvent*
;Unwind@10129000;0x10129000;0x10;__fastcall;;uchar;CParticleEvent*
;Unwind@10129010;0x10129010;0x10;__fastcall;;uchar;CParticleEvent*
;Unwind@10129020;0x10129020;0x10;__fastcall;;uchar;CParticleEvent*
;Unwind@1012903c;0x1012903c;0x1a;__stdcall;;uchar
;Unwind@10129060;0x10129060;0x1a;__stdcall;;uchar
;Unwind@10129084;0x10129084;0x1a;__stdcall;;uchar
;Unwind@101290a8;0x101290a8;0x1a;__stdcall;;uchar
;Unwind@101290cc;0x101290cc;0xb;__stdcall;;uchar
;Unwind@101290d7;0x101290d7;0x8;__stdcall;;uchar
;Unwind@101290df;0x101290df;0xb;__stdcall;;uchar
;Unwind@101290f4;0x101290f4;0x8;__stdcall;;uchar
;Unwind@101290fc;0x101290fc;0xb;__stdcall;;uchar
;Unwind@10129114;0x10129114;0x8;__stdcall;;uchar
;Unwind@10129128;0x10129128;0x8;__stdcall;;uchar
;Unwind@1012913c;0x1012913c;0x8;__stdcall;;uchar
;Unwind@10129150;0x10129150;0x8;__stdcall;;uchar
;Unwind@10129164;0x10129164;0x8;__stdcall;;uchar
;Unwind@10129178;0x10129178;0xb;__stdcall;;uchar
;Unwind@10129190;0x10129190;0x8;__stdcall;;uchar
;Unwind@101291a4;0x101291a4;0x8;__stdcall;;uchar
;Unwind@101291b8;0x101291b8;0x8;__stdcall;;uchar
;Unwind@101291cc;0x101291cc;0x8;__stdcall;;uchar
;Unwind@101291e0;0x101291e0;0x8;__stdcall;;uchar
;Unwind@101291f4;0x101291f4;0x8;__stdcall;;uchar
;Unwind@101291fc;0x101291fc;0xa;__stdcall;;uchar
;Unwind@10129210;0x10129210;0x8;__stdcall;;uchar
;Unwind@10129224;0x10129224;0x8;__stdcall;;uchar
;Unwind@10129238;0x10129238;0x8;__stdcall;;uchar
;Unwind@10129240;0x10129240;0xb;__stdcall;;uchar
;Unwind@1012924b;0x1012924b;0x8;__stdcall;;uchar
;Unwind@10129260;0x10129260;0xa;__stdcall;;uchar
;Unwind@10129274;0x10129274;0x8;__stdcall;;uchar
;Unwind@1012927c;0x1012927c;0xa;__stdcall;;uchar
;Unwind@10129286;0x10129286;0x8;__stdcall;;uchar
;Unwind@1012928e;0x1012928e;0xa;__stdcall;;uchar
;Unwind@10129298;0x10129298;0x8;__stdcall;;uchar
;Unwind@101292a0;0x101292a0;0x8;__stdcall;;uchar
;Unwind@101292b4;0x101292b4;0x8;__stdcall;;uchar
;Unwind@101292bc;0x101292bc;0xb;__stdcall;;uchar
;Unwind@101292c7;0x101292c7;0x8;__stdcall;;uchar
;Unwind@101292cf;0x101292cf;0x8;__stdcall;;uchar
;Unwind@101292d7;0x101292d7;0x8;__stdcall;;uchar
;Unwind@101292ec;0x101292ec;0x8;__stdcall;;uchar
;Unwind@10129300;0x10129300;0x8;__stdcall;;uchar
;Unwind@10129308;0x10129308;0xb;__stdcall;;uchar
;Unwind@10129313;0x10129313;0xb;__stdcall;;uchar
;Unwind@1012931e;0x1012931e;0xb;__stdcall;;uchar
;Unwind@10129334;0x10129334;0x8;__stdcall;;uchar
;Unwind@1012933c;0x1012933c;0xb;__stdcall;;uchar
;Unwind@10129347;0x10129347;0xb;__stdcall;;uchar
;Unwind@1012935c;0x1012935c;0x8;__stdcall;;uchar
;Unwind@10129364;0x10129364;0x8;__stdcall;;uchar
;Unwind@1012936c;0x1012936c;0x8;__stdcall;;uchar
;Unwind@10129374;0x10129374;0x8;__stdcall;;uchar
;Unwind@1012937c;0x1012937c;0x8;__stdcall;;uchar
;Unwind@10129390;0x10129390;0x8;__stdcall;;uchar
;Unwind@101293a4;0x101293a4;0x8;__stdcall;;uchar
;Unwind@101293b8;0x101293b8;0x8;__stdcall;;uchar
;Unwind@101293cc;0x101293cc;0x8;__stdcall;;uchar
;Unwind@101293e0;0x101293e0;0x8;__stdcall;;uchar
;Unwind@101293f4;0x101293f4;0x8;__stdcall;;uchar
;Unwind@10129408;0x10129408;0x8;__stdcall;;uchar
;Unwind@1012941c;0x1012941c;0x8;__stdcall;;uchar
;Unwind@10129430;0x10129430;0x8;__stdcall;;uchar
;Unwind@10129438;0x10129438;0x8;__stdcall;;uchar
;Unwind@10129440;0x10129440;0x8;__stdcall;;uchar
;Unwind@10129448;0x10129448;0x8;__stdcall;;uchar
;Unwind@1012945c;0x1012945c;0x8;__stdcall;;uchar
;Unwind@10129464;0x10129464;0x8;__stdcall;;uchar
;Unwind@10129478;0x10129478;0x8;__stdcall;;uchar
;Unwind@1012948c;0x1012948c;0x8;__stdcall;;uchar
;Unwind@10129494;0x10129494;0x8;__stdcall;;uchar
;Unwind@101294a8;0x101294a8;0x8;__stdcall;;uchar
;Unwind@101294b0;0x101294b0;0xa;__stdcall;;uchar
;Unwind@101294ba;0x101294ba;0x8;__stdcall;;uchar
;Unwind@101294cc;0x101294cc;0x8;__stdcall;;uchar
;Unwind@101294d4;0x101294d4;0xa;__stdcall;;uchar
;Unwind@101294de;0x101294de;0x8;__stdcall;;uchar
;Unwind@101294f0;0x101294f0;0x8;__stdcall;;uchar
;Unwind@101294f8;0x101294f8;0xa;__stdcall;;uchar
;Unwind@1012950c;0x1012950c;0x8;__stdcall;;uchar
;Unwind@10129514;0x10129514;0xa;__stdcall;;uchar
;Unwind@10129528;0x10129528;0x8;__stdcall;;uchar
;Unwind@1012953c;0x1012953c;0x8;__stdcall;;uchar
;Unwind@10129544;0x10129544;0x8;__stdcall;;uchar
;Unwind@10129558;0x10129558;0x8;__stdcall;;uchar
;Unwind@1012956c;0x1012956c;0x8;__stdcall;;uchar
;Unwind@10129580;0x10129580;0x8;__stdcall;;uchar
;Unwind@10129594;0x10129594;0x8;__stdcall;;uchar
;Unwind@101295a8;0x101295a8;0x8;__stdcall;;uchar
;Unwind@101295bc;0x101295bc;0x8;__stdcall;;uchar
;Unwind@101295d0;0x101295d0;0x8;__stdcall;;uchar
;Unwind@101295d8;0x101295d8;0xa;__stdcall;;uchar
;Unwind@101295e2;0x101295e2;0x8;__stdcall;;uchar
;Unwind@101295ea;0x101295ea;0xa;__stdcall;;uchar
;Unwind@101295f4;0x101295f4;0x8;__stdcall;;uchar
;Unwind@101295fc;0x101295fc;0xa;__stdcall;;uchar
;Unwind@10129606;0x10129606;0xa;__stdcall;;uchar
;Unwind@10129610;0x10129610;0xa;__stdcall;;uchar
;Unwind@1012961a;0x1012961a;0x8;__stdcall;;uchar
;Unwind@10129622;0x10129622;0xa;__stdcall;;uchar
;Unwind@1012962c;0x1012962c;0x8;__stdcall;;uchar
;Unwind@10129634;0x10129634;0xb;__stdcall;;uchar
;Unwind@1012964c;0x1012964c;0x8;__stdcall;;uchar
;Unwind@10129660;0x10129660;0x8;__stdcall;;uchar
;Unwind@10129668;0x10129668;0x8;__stdcall;;uchar
;Unwind@10129670;0x10129670;0x8;__stdcall;;uchar
;Unwind@10129678;0x10129678;0x8;__stdcall;;uchar
;Unwind@10129680;0x10129680;0x8;__stdcall;;uchar
;Unwind@10129694;0x10129694;0x8;__stdcall;;uchar
;Unwind@101296a8;0x101296a8;0x8;__stdcall;;uchar
;Unwind@101296bc;0x101296bc;0x8;__stdcall;;uchar
;Unwind@101296d0;0x101296d0;0x8;__stdcall;;uchar
;Unwind@101296e4;0x101296e4;0x8;__stdcall;;uchar
;Unwind@101296f8;0x101296f8;0x8;__stdcall;;uchar
;Unwind@1012970c;0x1012970c;0x8;__stdcall;;uchar
;Unwind@10129720;0x10129720;0x8;__stdcall;;uchar
;Unwind@10129734;0x10129734;0x8;__stdcall;;uchar
;Unwind@1012973c;0x1012973c;0x8;__stdcall;;uchar
;Unwind@10129744;0x10129744;0x8;__stdcall;;uchar
;Unwind@1012974c;0x1012974c;0x8;__stdcall;;uchar
;Unwind@10129760;0x10129760;0x8;__stdcall;;uchar
;Unwind@10129768;0x10129768;0x17;__stdcall;;uchar
;Unwind@1012978c;0x1012978c;0x8;__stdcall;;uchar
;Unwind@10129794;0x10129794;0x8;__stdcall;;uchar
;Unwind@101297a8;0x101297a8;0x8;__stdcall;;uchar
;Unwind@101297bc;0x101297bc;0x8;__stdcall;;uchar
;Unwind@101297d0;0x101297d0;0x8;__stdcall;;uchar
;Unwind@101297d8;0x101297d8;0x8;__stdcall;;uchar
;Unwind@101297ec;0x101297ec;0x8;__stdcall;;uchar
;Unwind@101297f4;0x101297f4;0x8;__stdcall;;uchar
;Unwind@10129808;0x10129808;0x8;__stdcall;;uchar
;Unwind@1012981c;0x1012981c;0x8;__stdcall;;uchar
;Unwind@10129824;0x10129824;0x8;__stdcall;;uchar
;Unwind@10129838;0x10129838;0x8;__stdcall;;uchar
;Unwind@10129840;0x10129840;0x8;__stdcall;;uchar
;Unwind@10129848;0x10129848;0x8;__stdcall;;uchar
;Unwind@10129850;0x10129850;0x8;__stdcall;;uchar
;Unwind@10129858;0x10129858;0x8;__stdcall;;uchar
;Unwind@10129860;0x10129860;0xb;__stdcall;;uchar
;Unwind@1012986b;0x1012986b;0x8;__stdcall;;uchar
;Unwind@10129873;0x10129873;0xb;__stdcall;;uchar
;Unwind@1012987e;0x1012987e;0xb;__stdcall;;uchar
;Unwind@10129889;0x10129889;0xb;__stdcall;;uchar
;Unwind@10129894;0x10129894;0xb;__stdcall;;uchar
;Unwind@1012989f;0x1012989f;0xb;__stdcall;;uchar
;Unwind@101298aa;0x101298aa;0xb;__stdcall;;uchar
;Unwind@101298b5;0x101298b5;0x8;__stdcall;;uchar
;Unwind@101298bd;0x101298bd;0x17;__stdcall;;uchar
;Unwind@101298e0;0x101298e0;0x8;__stdcall;;uchar
;Unwind@101298e8;0x101298e8;0x8;__stdcall;;uchar
;Unwind@101298f0;0x101298f0;0x8;__stdcall;;uchar
;Unwind@101298f8;0x101298f8;0xb;__stdcall;;uchar
;Unwind@10129903;0x10129903;0x8;__stdcall;;uchar
;Unwind@1012990b;0x1012990b;0x8;__stdcall;;uchar
;Unwind@10129913;0x10129913;0x8;__stdcall;;uchar
;Unwind@1012991b;0x1012991b;0xb;__stdcall;;uchar
;Unwind@10129926;0x10129926;0x8;__stdcall;;uchar
;Unwind@10129938;0x10129938;0x8;__stdcall;;uchar
;Unwind@10129958;0x10129958;0x8;__stdcall;;uchar
;Unwind@10129960;0x10129960;0xa;__stdcall;;uchar
;Unwind@10129974;0x10129974;0x8;__stdcall;;uchar
;Unwind@1012997c;0x1012997c;0xa;__stdcall;;uchar
;Unwind@10129986;0x10129986;0x8;__stdcall;;uchar
;Unwind@10129998;0x10129998;0x8;__stdcall;;uchar
;Unwind@101299a0;0x101299a0;0xa;__stdcall;;uchar
;Unwind@101299aa;0x101299aa;0x8;__stdcall;;uchar
;Unwind@101299bc;0x101299bc;0x8;__stdcall;;uchar
;Unwind@101299c4;0x101299c4;0xa;__stdcall;;uchar
;Unwind@101299d8;0x101299d8;0x8;__stdcall;;uchar
;Unwind@101299e0;0x101299e0;0xa;__stdcall;;uchar
;Unwind@101299f4;0x101299f4;0x8;__stdcall;;uchar
;Unwind@101299fc;0x101299fc;0xa;__stdcall;;uchar
;Unwind@10129a10;0x10129a10;0x8;__stdcall;;uchar
;Unwind@10129a18;0x10129a18;0xa;__stdcall;;uchar
;Unwind@10129a22;0x10129a22;0x8;__stdcall;;uchar
;Unwind@10129a34;0x10129a34;0x8;__stdcall;;uchar
;Unwind@10129a3c;0x10129a3c;0xa;__stdcall;;uchar
;Unwind@10129a46;0x10129a46;0x8;__stdcall;;uchar
;Unwind@10129a58;0x10129a58;0x8;__stdcall;;uchar
;Unwind@10129a60;0x10129a60;0xa;__stdcall;;uchar
;Unwind@10129a74;0x10129a74;0x8;__stdcall;;uchar
;Unwind@10129a7c;0x10129a7c;0xa;__stdcall;;uchar
;Unwind@10129a90;0x10129a90;0x8;__stdcall;;uchar
;Unwind@10129a98;0x10129a98;0xa;__stdcall;;uchar
;Unwind@10129aac;0x10129aac;0x8;__stdcall;;uchar
;Unwind@10129ab4;0x10129ab4;0xa;__stdcall;;uchar
;Unwind@10129ac8;0x10129ac8;0x8;__stdcall;;uchar
;Unwind@10129ad0;0x10129ad0;0xa;__stdcall;;uchar
;Unwind@10129ae4;0x10129ae4;0x8;__stdcall;;uchar
;Unwind@10129af8;0x10129af8;0x8;__stdcall;;uchar
;Unwind@10129b0c;0x10129b0c;0x8;__stdcall;;uchar
;Unwind@10129b20;0x10129b20;0x8;__stdcall;;uchar
;Unwind@10129b28;0x10129b28;0xb;__stdcall;;uchar
;Unwind@10129b40;0x10129b40;0x8;__stdcall;;uchar
;Unwind@10129b48;0x10129b48;0x8;__stdcall;;uchar
;Unwind@10129b5c;0x10129b5c;0x8;__stdcall;;uchar
;Unwind@10129b70;0x10129b70;0x8;__stdcall;;uchar
;Unwind@10129b78;0x10129b78;0x8;__stdcall;;uchar
;Unwind@10129b8c;0x10129b8c;0x8;__stdcall;;uchar
;Unwind@10129b94;0x10129b94;0x8;__stdcall;;uchar
;Unwind@10129ba8;0x10129ba8;0x8;__stdcall;;uchar
;Unwind@10129bbc;0x10129bbc;0x8;__stdcall;;uchar
;Unwind@10129bd0;0x10129bd0;0x8;__stdcall;;uchar
;Unwind@10129be4;0x10129be4;0x8;__stdcall;;uchar
;Unwind@10129bf8;0x10129bf8;0x8;__stdcall;;uchar
;Unwind@10129c0c;0x10129c0c;0x8;__stdcall;;uchar
;Unwind@10129c20;0x10129c20;0x8;__stdcall;;uchar
;Unwind@10129c34;0x10129c34;0x8;__stdcall;;uchar
;Unwind@10129c48;0x10129c48;0x8;__stdcall;;uchar
;Unwind@10129c5c;0x10129c5c;0x8;__stdcall;;uchar
;Unwind@10129c70;0x10129c70;0x8;__stdcall;;uchar
;Unwind@10129c84;0x10129c84;0x8;__stdcall;;uchar
;Unwind@10129c98;0x10129c98;0x8;__stdcall;;uchar
;Unwind@10129cac;0x10129cac;0x8;__stdcall;;uchar
;Unwind@10129cb4;0x10129cb4;0x8;__stdcall;;uchar
;Unwind@10129cc8;0x10129cc8;0x8;__stdcall;;uchar
;Unwind@10129cdc;0x10129cdc;0x8;__stdcall;;uchar
;Unwind@10129cf0;0x10129cf0;0x8;__stdcall;;uchar
;Unwind@10129d04;0x10129d04;0x8;__stdcall;;uchar
;Unwind@10129d18;0x10129d18;0x8;__stdcall;;uchar
;Unwind@10129d2c;0x10129d2c;0x8;__stdcall;;uchar
;Unwind@10129d40;0x10129d40;0x8;__stdcall;;uchar
;Unwind@10129d54;0x10129d54;0x8;__stdcall;;uchar
;Unwind@10129d68;0x10129d68;0x8;__stdcall;;uchar
;Unwind@10129d7c;0x10129d7c;0x8;__stdcall;;uchar
;Unwind@10129d90;0x10129d90;0x8;__stdcall;;uchar
;Unwind@10129da4;0x10129da4;0x8;__stdcall;;uchar
;Unwind@10129db8;0x10129db8;0x8;__stdcall;;uchar
;Unwind@10129dcc;0x10129dcc;0x8;__stdcall;;uchar
;Unwind@10129dd4;0x10129dd4;0xa;__stdcall;;uchar
;Unwind@10129dde;0x10129dde;0x8;__stdcall;;uchar
;Unwind@10129de6;0x10129de6;0xa;__stdcall;;uchar
;Unwind@10129df0;0x10129df0;0xa;__stdcall;;uchar
;Unwind@10129dfa;0x10129dfa;0xa;__stdcall;;uchar
;Unwind@10129e04;0x10129e04;0x8;__stdcall;;uchar
;Unwind@10129e0c;0x10129e0c;0xa;__stdcall;;uchar
;Unwind@10129e16;0x10129e16;0x8;__stdcall;;uchar
;Unwind@10129e1e;0x10129e1e;0xb;__stdcall;;uchar
;Unwind@10129e34;0x10129e34;0x8;__stdcall;;uchar
;Unwind@10129e3c;0x10129e3c;0x17;__stdcall;;uchar
;Unwind@10129e60;0x10129e60;0x8;__stdcall;;uchar
;Unwind@10129e68;0x10129e68;0x8;__stdcall;;uchar
;Unwind@10129e7c;0x10129e7c;0x8;__stdcall;;uchar
;Unwind@10129e90;0x10129e90;0x8;__stdcall;;uchar
;Unwind@10129ea4;0x10129ea4;0x8;__stdcall;;uchar
;Unwind@10129eac;0x10129eac;0x8;__stdcall;;uchar
;Unwind@10129ec0;0x10129ec0;0x8;__stdcall;;uchar
;Unwind@10129ed4;0x10129ed4;0x8;__stdcall;;uchar
;Unwind@10129edc;0x10129edc;0x8;__stdcall;;uchar
;Unwind@10129ee4;0x10129ee4;0x8;__stdcall;;uchar
;Unwind@10129eec;0x10129eec;0x8;__stdcall;;uchar
;Unwind@10129ef4;0x10129ef4;0x8;__stdcall;;uchar
;Unwind@10129efc;0x10129efc;0xb;__stdcall;;uchar
;Unwind@10129f07;0x10129f07;0x8;__stdcall;;uchar
;Unwind@10129f0f;0x10129f0f;0xb;__stdcall;;uchar
;Unwind@10129f1a;0x10129f1a;0xb;__stdcall;;uchar
;Unwind@10129f25;0x10129f25;0xb;__stdcall;;uchar
;Unwind@10129f30;0x10129f30;0xb;__stdcall;;uchar
;Unwind@10129f3b;0x10129f3b;0xb;__stdcall;;uchar
;Unwind@10129f46;0x10129f46;0xb;__stdcall;;uchar
;Unwind@10129f51;0x10129f51;0x8;__stdcall;;uchar
;Unwind@10129f64;0x10129f64;0x8;__stdcall;;uchar
;Unwind@10129f6c;0x10129f6c;0x8;__stdcall;;uchar
;Unwind@10129f74;0x10129f74;0x8;__stdcall;;uchar
;Unwind@10129f7c;0x10129f7c;0xb;__stdcall;;uchar
;Unwind@10129f87;0x10129f87;0x8;__stdcall;;uchar
;Unwind@10129f8f;0x10129f8f;0x8;__stdcall;;uchar
;Unwind@10129f97;0x10129f97;0x8;__stdcall;;uchar
;Unwind@10129f9f;0x10129f9f;0xb;__stdcall;;uchar
;Unwind@10129faa;0x10129faa;0x8;__stdcall;;uchar
;Unwind@10129fbc;0x10129fbc;0x8;__stdcall;;uchar
;Unwind@10129fd0;0x10129fd0;0x8;__stdcall;;uchar
;Unwind@10129fd8;0x10129fd8;0xa;__stdcall;;uchar
;Unwind@10129fec;0x10129fec;0x8;__stdcall;;uchar
;Unwind@10129ff4;0x10129ff4;0xa;__stdcall;;uchar
;Unwind@1012a008;0x1012a008;0x8;__stdcall;;uchar
;Unwind@1012a010;0x1012a010;0xa;__stdcall;;uchar
;Unwind@1012a01a;0x1012a01a;0x8;__stdcall;;uchar
;Unwind@1012a02c;0x1012a02c;0x8;__stdcall;;uchar
;Unwind@1012a034;0x1012a034;0xa;__stdcall;;uchar
;Unwind@1012a03e;0x1012a03e;0x8;__stdcall;;uchar
;Unwind@1012a050;0x1012a050;0x8;__stdcall;;uchar
;Unwind@1012a058;0x1012a058;0xa;__stdcall;;uchar
;Unwind@1012a06c;0x1012a06c;0x8;__stdcall;;uchar
;Unwind@1012a074;0x1012a074;0xa;__stdcall;;uchar
;Unwind@1012a088;0x1012a088;0x8;__stdcall;;uchar
;Unwind@1012a090;0x1012a090;0xa;__stdcall;;uchar
;Unwind@1012a0a4;0x1012a0a4;0x8;__stdcall;;uchar
;Unwind@1012a0ac;0x1012a0ac;0xa;__stdcall;;uchar
;Unwind@1012a0c0;0x1012a0c0;0x8;__stdcall;;uchar
;Unwind@1012a0d4;0x1012a0d4;0x8;__stdcall;;uchar
;Unwind@1012a0dc;0x1012a0dc;0x8;__stdcall;;uchar
;Unwind@1012a0f0;0x1012a0f0;0x8;__stdcall;;uchar
;Unwind@1012a0f8;0x1012a0f8;0x8;__stdcall;;uchar
;Unwind@1012a10c;0x1012a10c;0x8;__stdcall;;uchar
;Unwind@1012a114;0x1012a114;0xb;__stdcall;;uchar
;Unwind@1012a12c;0x1012a12c;0x8;__stdcall;;uchar
;Unwind@1012a140;0x1012a140;0x8;__stdcall;;uchar
;Unwind@1012a154;0x1012a154;0x8;__stdcall;;uchar
;Unwind@1012a168;0x1012a168;0x8;__stdcall;;uchar
;Unwind@1012a17c;0x1012a17c;0x8;__stdcall;;uchar
;Unwind@1012a190;0x1012a190;0x8;__stdcall;;uchar
;Unwind@1012a1a4;0x1012a1a4;0x8;__stdcall;;uchar
;Unwind@1012a1b8;0x1012a1b8;0x8;__stdcall;;uchar
;Unwind@1012a1cc;0x1012a1cc;0x8;__stdcall;;uchar
;Unwind@1012a1d4;0x1012a1d4;0x8;__stdcall;;uchar
;Unwind@1012a1e8;0x1012a1e8;0x8;__stdcall;;uchar
;Unwind@1012a1fc;0x1012a1fc;0x8;__stdcall;;uchar
;Unwind@1012a210;0x1012a210;0x8;__stdcall;;uchar
;Unwind@1012a224;0x1012a224;0x8;__stdcall;;uchar
;Unwind@1012a238;0x1012a238;0x8;__stdcall;;uchar
;Unwind@1012a24c;0x1012a24c;0x8;__stdcall;;uchar
;Unwind@1012a260;0x1012a260;0x8;__stdcall;;uchar
;Unwind@1012a274;0x1012a274;0x8;__stdcall;;uchar
